{"StreamConfig":{},"State":{"Running":true,"Paused":false,"Restarting":false,"OOMKilled":false,"RemovalInProgress":false,"Dead":false,"Pid":2811,"ExitCode":0,"Error":"","StartedAt":"2025-11-14T15:44:42.447952047Z","FinishedAt":"0001-01-01T00:00:00Z","Health":null},"ID":"0c93ad8d9442129aff2bc2400d09cb8d215189c99f13d3cfd84837831471c884","Created":"2025-11-14T15:44:42.310103546Z","Managed":false,"Path":"/lzcapp/pkg/content/lzcshell-iscsi","Args":[],"Config":{"Hostname":"lzcbox-60378f6b","Domainname":"","User":"","AttachStdin":false,"AttachStdout":true,"AttachStderr":true,"Tty":false,"OpenStdin":false,"StdinOnce":false,"Env":["PATH=/usr/local/sbin:/usr/local/bin:/usr/sbin:/usr/bin:/sbin:/bin"],"Cmd":["/lzcapp/pkg/content/lzcshell-iscsi"],"Image":"registry.lazycat.cloud/lzc/lzcapp:3.20.3","Volumes":null,"WorkingDir":"/","Entrypoint":null,"OnBuild":null,"Labels":{"com.docker.compose.config-hash":"b9710be971a94f10fdda17f18a11622fa00596e52a9008a60a3563fc6fed55de","com.docker.compose.container-number":"1","com.docker.compose.depends_on":"","com.docker.compose.image":"sha256:ba7a533c869a26d89e83bdc5ddb978df5a3502ac91452422a649d0d3cf52190b","com.docker.compose.oneoff":"False","com.docker.compose.project":"lzc-shell","com.docker.compose.project.config_files":"/lzcsys/sspks/lzc-shell/docker-compose.yml","com.docker.compose.project.working_dir":"/lzcsys/sspks/lzc-shell","com.docker.compose.service":"iscsi","com.docker.compose.version":"2.32.4"}},"Image":"sha256:ba7a533c869a26d89e83bdc5ddb978df5a3502ac91452422a649d0d3cf52190b","ImageManifest":null,"NetworkSettings":{"Bridge":"","SandboxID":"645c4d55e56ece63820fa40d7ab40e274ead95410db0dfe48f1b82bc97c245fc","SandboxKey":"/var/run/docker/netns/default","HairpinMode":false,"LinkLocalIPv6Address":"","LinkLocalIPv6PrefixLen":0,"Networks":{"host":{"IPAMConfig":null,"Links":null,"Aliases":null,"MacAddress":"","DriverOpts":null,"NetworkID":"60b824d4438d638de8a5f055b84da7693a918d381b6f8f5cbc4a11f6b541e44e","EndpointID":"98b3e238bfcf4e1a2770f5221bcda88633364167429043283128b3fd8048766c","Gateway":"","IPAddress":"","IPPrefixLen":0,"IPv6Gateway":"","GlobalIPv6Address":"","GlobalIPv6PrefixLen":0,"DNSNames":null,"IPAMOperational":false,"DesiredMacAddress":""}},"Service":null,"Ports":{},"SecondaryIPAddresses":null,"SecondaryIPv6Addresses":null,"HasSwarmEndpoint":false},"LogPath":"","Name":"/lzc-shell-iscsi-1","Driver":"overlay2","OS":"linux","RestartCount":0,"HasBeenStartedBefore":true,"HasBeenManuallyStopped":false,"MountPoints":{"/bin":{"Source":"/bin","Destination":"/bin","RW":true,"Name":"","Driver":"","Type":"bind","Relabel":"rw","Propagation":"rprivate","Spec":{"Type":"bind","Source":"/bin","Target":"/bin"},"SkipMountpointCreation":false},"/dev":{"Source":"/dev","Destination":"/dev","RW":true,"Name":"","Driver":"","Type":"bind","Relabel":"rw","Propagation":"rprivate","Spec":{"Type":"bind","Source":"/dev","Target":"/dev"},"SkipMountpointCreation":false},"/etc/iscsi":{"Source":"/etc/iscsi","Destination":"/etc/iscsi","RW":true,"Name":"","Driver":"","Type":"bind","Relabel":"rw","Propagation":"rprivate","Spec":{"Type":"bind","Source":"/etc/iscsi","Target":"/etc/iscsi"},"SkipMountpointCreation":false},"/lib":{"Source":"/lib","Destination":"/lib","RW":true,"Name":"","Driver":"","Type":"bind","Relabel":"rw","Propagation":"rprivate","Spec":{"Type":"bind","Source":"/lib","Target":"/lib"},"SkipMountpointCreation":false},"/lib64":{"Source":"/lib64","Destination":"/lib64","RW":true,"Name":"","Driver":"","Type":"bind","Relabel":"rw","Propagation":"rprivate","Spec":{"Type":"bind","Source":"/lib64","Target":"/lib64"},"SkipMountpointCreation":false},"/lzcapp/cache":{"Source":"/lzcsys/var/shell/cache","Destination":"/lzcapp/cache","RW":true,"Name":"","Driver":"","Type":"bind","Relabel":"rw","Propagation":"rprivate","Spec":{"Type":"bind","Source":"/lzcsys/var/shell/cache/","Target":"/lzcapp/cache"},"SkipMountpointCreation":false},"/lzcapp/pkg":{"Source":"/lzcsys/sspks/lzc-shell/pkg","Destination":"/lzcapp/pkg","RW":false,"Name":"","Driver":"","Type":"bind","Relabel":"ro","Propagation":"rprivate","Spec":{"Type":"bind","Source":"/lzcsys/sspks/lzc-shell/pkg","Target":"/lzcapp/pkg","ReadOnly":true},"SkipMountpointCreation":false},"/lzcapp/run":{"Source":"/lzcsys/var/shell/run","Destination":"/lzcapp/run","RW":true,"Name":"","Driver":"","Type":"bind","Relabel":"rw","Propagation":"rprivate","Spec":{"Type":"bind","Source":"/lzcsys/var/shell/run/","Target":"/lzcapp/run"},"SkipMountpointCreation":false},"/lzcapp/run/certs":{"Source":"/lzcsys/var/runtime/config/apicerts","Destination":"/lzcapp/run/certs","RW":false,"Name":"","Driver":"","Type":"bind","Relabel":"ro","Propagation":"rprivate","Spec":{"Type":"bind","Source":"/lzcsys/var/runtime/config/apicerts/","Target":"/lzcapp/run/certs","ReadOnly":true},"SkipMountpointCreation":false},"/lzcapp/run/manifest.yml":{"Source":"/lzcsys/sspks/lzc-shell/pkg/manifest.yml","Destination":"/lzcapp/run/manifest.yml","RW":false,"Name":"","Driver":"","Type":"bind","Relabel":"ro","Propagation":"rprivate","Spec":{"Type":"bind","Source":"/lzcsys/sspks/lzc-shell/pkg/manifest.yml","Target":"/lzcapp/run/manifest.yml","ReadOnly":true},"SkipMountpointCreation":false},"/lzcapp/run/sys":{"Source":"/run/lzc-sys","Destination":"/lzcapp/run/sys","RW":false,"Name":"","Driver":"","Type":"bind","Relabel":"ro","Propagation":"rprivate","Spec":{"Type":"bind","Source":"/run/lzc-sys","Target":"/lzcapp/run/sys","ReadOnly":true},"SkipMountpointCreation":false},"/lzcapp/var":{"Source":"/lzcsys/var/shell/var","Destination":"/lzcapp/var","RW":true,"Name":"","Driver":"","Type":"bind","Relabel":"rw","Propagation":"rprivate","Spec":{"Type":"bind","Source":"/lzcsys/var/shell/var/","Target":"/lzcapp/var"},"SkipMountpointCreation":false},"/lzcsys":{"Source":"/lzcsys","Destination":"/lzcsys","RW":true,"Name":"","Driver":"","Type":"bind","Propagation":"shared","Spec":{"Type":"bind","Source":"/lzcsys","Target":"/lzcsys","BindOptions":{"Propagation":"shared"}},"SkipMountpointCreation":true},"/run/lock/iscsi":{"Source":"/run/lock/iscsi","Destination":"/run/lock/iscsi","RW":true,"Name":"","Driver":"","Type":"bind","Relabel":"rw","Propagation":"rprivate","Spec":{"Type":"bind","Source":"/run/lock/iscsi","Target":"/run/lock/iscsi"},"SkipMountpointCreation":false},"/run/lzc-sys":{"Source":"/run/lzc-sys","Destination":"/run/lzc-sys","RW":true,"Name":"","Driver":"","Type":"bind","Relabel":"rw","Propagation":"rprivate","Spec":{"Type":"bind","Source":"/run/lzc-sys","Target":"/run/lzc-sys"},"SkipMountpointCreation":false},"/run/udev":{"Source":"/run/udev","Destination":"/run/udev","RW":false,"Name":"","Driver":"","Type":"bind","Relabel":"ro","Propagation":"rprivate","Spec":{"Type":"bind","Source":"/run/udev","Target":"/run/udev","ReadOnly":true},"SkipMountpointCreation":false},"/usr":{"Source":"/usr","Destination":"/usr","RW":true,"Name":"","Driver":"","Type":"bind","Relabel":"rw","Propagation":"rprivate","Spec":{"Type":"bind","Source":"/usr","Target":"/usr"},"SkipMountpointCreation":false},"/var":{"Source":"/var","Destination":"/var","RW":true,"Name":"","Driver":"","Type":"bind","Relabel":"rw","Propagation":"rslave","Spec":{"Type":"bind","Source":"/var","Target":"/var"},"SkipMountpointCreation":false}},"SecretReferences":null,"ConfigReferences":null,"MountLabel":"","ProcessLabel":"","AppArmorProfile":"","SeccompProfile":"","NoNewPrivileges":false,"HostnamePath":"/var/lib/docker/containers/0c93ad8d9442129aff2bc2400d09cb8d215189c99f13d3cfd84837831471c884/hostname","HostsPath":"/var/lib/docker/containers/0c93ad8d9442129aff2bc2400d09cb8d215189c99f13d3cfd84837831471c884/hosts","ShmPath":"/dev/shm","ResolvConfPath":"/var/lib/docker/containers/0c93ad8d9442129aff2bc2400d09cb8d215189c99f13d3cfd84837831471c884/resolv.conf","LocalLogCacheMeta":{"HaveNotifyEnabled":false}}
