{"boxes":[{"box_id":"12D3KooWNCdXo5kyLSXHvJgNH4XUYBQxmGq4esWBUms6GGJYmby7","box_name":"metaverse","box_domain":"metaverse.heiyu.space","box_virtual_ip":"fc03:1136:38be:6125:4163:700f:8e0:0","status":2,"status_reason":"耗时:57.387325042s,\"/ip4/192.168.1.3/tcp/62760\"与\"/ip4/192.168.1.5/tcp/5500\"(\"metaverse_12D3KooWNC-5\")连接成功 on 2025-11-16T17:53:10+08:00","login_user":"qfish","is_admin_login":true,"is_default_box":true,"conn_type":300,"last_login_time":{"seconds":1763286790,"nanos":345508000}}]}
