{"StreamConfig":{},"State":{"Running":true,"Paused":false,"Restarting":false,"OOMKilled":false,"RemovalInProgress":false,"Dead":false,"Pid":1615,"ExitCode":0,"Error":"","StartedAt":"2025-11-14T15:44:35.251920262Z","FinishedAt":"0001-01-01T00:00:00Z","Health":null},"ID":"5d7aa52b1cac65e84d1572271b1845ddda8874680cef12559d400bf2e363c7f1","Created":"2025-11-14T15:44:35.154411065Z","Managed":false,"Path":"/sspk/lzc-registry-proxy","Args":[],"Config":{"Hostname":"5d7aa52b1cac","Domainname":"","User":"","AttachStdin":false,"AttachStdout":true,"AttachStderr":true,"Tty":false,"OpenStdin":false,"StdinOnce":false,"Env":["LOG_LEVEL=-1","PATH=/usr/local/sbin:/usr/local/bin:/usr/sbin:/usr/bin:/sbin:/bin"],"Cmd":["/sspk/lzc-registry-proxy"],"Image":"registry.lazycat.cloud/lzc/lzcapp:3.20.3","Volumes":null,"WorkingDir":"/","Entrypoint":null,"OnBuild":null,"Labels":{"com.docker.compose.config-hash":"a185d6905b3d6f2ff8d139faf174c910c721902ab147798e1e889dd22918eca5","com.docker.compose.container-number":"1","com.docker.compose.depends_on":"","com.docker.compose.image":"sha256:ba7a533c869a26d89e83bdc5ddb978df5a3502ac91452422a649d0d3cf52190b","com.docker.compose.oneoff":"False","com.docker.compose.project":"lzc-registry-proxy","com.docker.compose.project.config_files":"/lzcsys/sspks/lzc-registry-proxy/docker-compose.yml","com.docker.compose.project.working_dir":"/lzcsys/sspks/lzc-registry-proxy","com.docker.compose.service":"lzc-registry-proxy","com.docker.compose.version":"2.32.4"}},"Image":"sha256:ba7a533c869a26d89e83bdc5ddb978df5a3502ac91452422a649d0d3cf52190b","ImageManifest":null,"NetworkSettings":{"Bridge":"","SandboxID":"fdf592ab1e5e6047d266764e5aa7f0bd36c6d360878733ac4bfd30be8ede5d3f","SandboxKey":"/var/run/docker/netns/fdf592ab1e5e","HairpinMode":false,"LinkLocalIPv6Address":"","LinkLocalIPv6PrefixLen":0,"Networks":{"home-cloud":{"IPAMConfig":{"IPv4Address":"172.18.0.129"},"Links":null,"Aliases":["lzc-registry-proxy","lzc-registry-proxy"],"MacAddress":"02:42:ac:12:00:81","DriverOpts":null,"NetworkID":"952fb6f0def83ad85f30735d54ae40fec36c8019822533f84050e82b0d53dd5c","EndpointID":"063910dbb54a34a141a0725983a96219d5897afa94f2bb27d1e5b0bc36a00237","Gateway":"172.18.0.1","IPAddress":"172.18.0.129","IPPrefixLen":16,"IPv6Gateway":"fdbb:3b64:9bbc::1","GlobalIPv6Address":"fdbb:3b64:9bbc::2","GlobalIPv6PrefixLen":64,"DNSNames":["lzc-registry-proxy","5d7aa52b1cac"],"IPAMOperational":false,"DesiredMacAddress":""}},"Service":null,"Ports":{},"SecondaryIPAddresses":null,"SecondaryIPv6Addresses":null,"HasSwarmEndpoint":false},"LogPath":"","Name":"/lzc-registry-proxy","Driver":"overlay2","OS":"linux","RestartCount":0,"HasBeenStartedBefore":true,"HasBeenManuallyStopped":false,"MountPoints":{"/etc/ssl":{"Source":"/etc/ssl","Destination":"/etc/ssl","RW":false,"Name":"","Driver":"","Type":"bind","Relabel":"ro","Propagation":"rprivate","Spec":{"Type":"bind","Source":"/etc/ssl","Target":"/etc/ssl","ReadOnly":true},"SkipMountpointCreation":false},"/sspk":{"Source":"/lzcsys/sspks/lzc-registry-proxy","Destination":"/sspk","RW":false,"Name":"","Driver":"","Type":"bind","Relabel":"ro","Propagation":"rprivate","Spec":{"Type":"bind","Source":"/lzcsys/sspks/lzc-registry-proxy","Target":"/sspk","ReadOnly":true},"SkipMountpointCreation":false},"/var/lib/extra-registry":{"Source":"/lzcsys/var/cache/preinstalled/registry","Destination":"/var/lib/extra-registry","RW":true,"Name":"","Driver":"","Type":"bind","Relabel":"rw","Propagation":"rprivate","Spec":{"Type":"bind","Source":"/lzcsys/var/cache/preinstalled/registry","Target":"/var/lib/extra-registry"},"SkipMountpointCreation":false},"/var/lib/registry":{"Source":"/lzcsys/share/lazycat-cloud/registry","Destination":"/var/lib/registry","RW":true,"Name":"","Driver":"","Type":"bind","Relabel":"rw","Propagation":"rprivate","Spec":{"Type":"bind","Source":"/lzcsys/share/lazycat-cloud/registry","Target":"/var/lib/registry"},"SkipMountpointCreation":false}},"SecretReferences":null,"ConfigReferences":null,"MountLabel":"","ProcessLabel":"","AppArmorProfile":"","SeccompProfile":"","NoNewPrivileges":false,"HostnamePath":"/var/lib/docker/containers/5d7aa52b1cac65e84d1572271b1845ddda8874680cef12559d400bf2e363c7f1/hostname","HostsPath":"/var/lib/docker/containers/5d7aa52b1cac65e84d1572271b1845ddda8874680cef12559d400bf2e363c7f1/hosts","ShmPath":"","ResolvConfPath":"/var/lib/docker/containers/5d7aa52b1cac65e84d1572271b1845ddda8874680cef12559d400bf2e363c7f1/resolv.conf","LocalLogCacheMeta":{"HaveNotifyEnabled":false}}
