{"boxes":[{"box_id":"12D3KooWA2cxDsNRXY1q5jYKkCpHYBjpSS9M6H4xr1uD78JPS223","box_name":"hajimi","box_domain":"hajimi.heiyu.space","box_virtual_ip":"fc03:1136:38ef:edb3:2741:f433:91b6:0","status":2,"status_reason":"耗时:1.463284709s,\"/ip6/240e:3a1:2228:48f0:c876:ef28:420c:e4e5/tcp/63246\"与\"/ip6/240e:3a1:2228:48f0:1f1:334e:7f59:928d/tcp/5500\"(\"hajimi_12D3KooWA2-2\")连接成功 on 2025-11-16T20:58:09+08:00","login_user":"home","is_admin_login":true,"is_default_box":true,"conn_type":300,"last_login_time":{"seconds":1763297889,"nanos":570719000}}]}
