{"StreamConfig":{},"State":{"Running":true,"Paused":false,"Restarting":false,"OOMKilled":false,"RemovalInProgress":false,"Dead":false,"Pid":2819,"ExitCode":0,"Error":"","StartedAt":"2025-11-14T15:44:42.458560753Z","FinishedAt":"0001-01-01T00:00:00Z","Health":null},"ID":"85c1380a6df9b73566900b89c206f7b2941f990dcd556c8f70d8c33f3e0ebdfa","Created":"2025-11-14T15:44:42.31012836Z","Managed":false,"Path":"/lzcinit/cloud.lazycat.shell.home","Args":["-listen",":80","-grpc_listen",":81"],"Config":{"Hostname":"85c1380a6df9","Domainname":"","User":"","AttachStdin":false,"AttachStdout":true,"AttachStderr":true,"Tty":false,"OpenStdin":false,"StdinOnce":false,"Env":["BRIDGE_LISTEN_ADDR=172.18.0.11:8801","LZCAPP_API_GATEWAY_ADDRESS=172.18.0.11:81","PATH=/usr/local/sbin:/usr/local/bin:/usr/sbin:/usr/bin:/sbin:/bin"],"Cmd":["/lzcinit/cloud.lazycat.shell.home","-listen",":80","-grpc_listen",":81"],"Image":"registry.lazycat.cloud/lzc/lzcapp:3.20.3","Volumes":null,"WorkingDir":"/","Entrypoint":null,"OnBuild":null,"Labels":{"com.docker.compose.config-hash":"39cc1ac5120c8af71ce4811d50399e6db3e561f71d96051b541e9b81abd07bdc","com.docker.compose.container-number":"1","com.docker.compose.depends_on":"","com.docker.compose.image":"sha256:ba7a533c869a26d89e83bdc5ddb978df5a3502ac91452422a649d0d3cf52190b","com.docker.compose.oneoff":"False","com.docker.compose.project":"lzc-shell","com.docker.compose.project.config_files":"/lzcsys/sspks/lzc-shell/docker-compose.yml","com.docker.compose.project.working_dir":"/lzcsys/sspks/lzc-shell","com.docker.compose.service":"app","com.docker.compose.version":"2.32.4"}},"Image":"sha256:ba7a533c869a26d89e83bdc5ddb978df5a3502ac91452422a649d0d3cf52190b","ImageManifest":null,"NetworkSettings":{"Bridge":"","SandboxID":"a614e2464207f310e7a74ae48fdc223aab754a6f60fd1eedeaa7ad26b8a2b00a","SandboxKey":"/var/run/docker/netns/a614e2464207","HairpinMode":false,"LinkLocalIPv6Address":"","LinkLocalIPv6PrefixLen":0,"Networks":{"home-cloud":{"IPAMConfig":{"IPv4Address":"172.18.0.11"},"Links":null,"Aliases":["lzc-shell-app-1","app"],"MacAddress":"02:42:ac:12:00:0b","DriverOpts":null,"NetworkID":"952fb6f0def83ad85f30735d54ae40fec36c8019822533f84050e82b0d53dd5c","EndpointID":"d3b4e8fd05e143e9234c9526364fee2900d3e0b166f0ebcd30981deaa3f693a8","Gateway":"172.18.0.1","IPAddress":"172.18.0.11","IPPrefixLen":16,"IPv6Gateway":"fdbb:3b64:9bbc::1","GlobalIPv6Address":"fdbb:3b64:9bbc::4","GlobalIPv6PrefixLen":64,"DNSNames":["lzc-shell-app-1","app","85c1380a6df9"],"IPAMOperational":false,"DesiredMacAddress":""}},"Service":null,"Ports":{},"SecondaryIPAddresses":null,"SecondaryIPv6Addresses":null,"HasSwarmEndpoint":false},"LogPath":"","Name":"/lzc-shell-app-1","Driver":"overlay2","OS":"linux","RestartCount":0,"HasBeenStartedBefore":true,"HasBeenManuallyStopped":false,"MountPoints":{"/bin":{"Source":"/bin","Destination":"/bin","RW":true,"Name":"","Driver":"","Type":"bind","Relabel":"rw","Propagation":"rprivate","Spec":{"Type":"bind","Source":"/bin","Target":"/bin"},"SkipMountpointCreation":false},"/dev":{"Source":"/dev","Destination":"/dev","RW":true,"Name":"","Driver":"","Type":"bind","Relabel":"rw","Propagation":"rprivate","Spec":{"Type":"bind","Source":"/dev","Target":"/dev"},"SkipMountpointCreation":false},"/etc/iscsi":{"Source":"/etc/iscsi","Destination":"/etc/iscsi","RW":true,"Name":"","Driver":"","Type":"bind","Relabel":"rw","Propagation":"rprivate","Spec":{"Type":"bind","Source":"/etc/iscsi","Target":"/etc/iscsi"},"SkipMountpointCreation":false},"/etc/ssl":{"Source":"/etc/ssl","Destination":"/etc/ssl","RW":false,"Name":"","Driver":"","Type":"bind","Relabel":"ro","Propagation":"rprivate","Spec":{"Type":"bind","Source":"/etc/ssl/","Target":"/etc/ssl","ReadOnly":true},"SkipMountpointCreation":false},"/hostsys":{"Source":"/sys","Destination":"/hostsys","RW":false,"Name":"","Driver":"","Type":"bind","Relabel":"ro","Propagation":"rprivate","Spec":{"Type":"bind","Source":"/sys","Target":"/hostsys","ReadOnly":true},"SkipMountpointCreation":false},"/lib":{"Source":"/lib","Destination":"/lib","RW":true,"Name":"","Driver":"","Type":"bind","Relabel":"rw","Propagation":"rprivate","Spec":{"Type":"bind","Source":"/lib","Target":"/lib"},"SkipMountpointCreation":false},"/lib64":{"Source":"/lib64","Destination":"/lib64","RW":true,"Name":"","Driver":"","Type":"bind","Relabel":"rw","Propagation":"rprivate","Spec":{"Type":"bind","Source":"/lib64","Target":"/lib64"},"SkipMountpointCreation":false},"/lzcapp/cache":{"Source":"/lzcsys/var/shell/cache","Destination":"/lzcapp/cache","RW":true,"Name":"","Driver":"","Type":"bind","Relabel":"rw","Propagation":"rprivate","Spec":{"Type":"bind","Source":"/lzcsys/var/shell/cache/","Target":"/lzcapp/cache"},"SkipMountpointCreation":false},"/lzcapp/pkg":{"Source":"/lzcsys/sspks/lzc-shell/pkg","Destination":"/lzcapp/pkg","RW":false,"Name":"","Driver":"","Type":"bind","Relabel":"ro","Propagation":"rprivate","Spec":{"Type":"bind","Source":"/lzcsys/sspks/lzc-shell/pkg","Target":"/lzcapp/pkg","ReadOnly":true},"SkipMountpointCreation":false},"/lzcapp/run":{"Source":"/lzcsys/var/shell/run","Destination":"/lzcapp/run","RW":true,"Name":"","Driver":"","Type":"bind","Relabel":"rw","Propagation":"rprivate","Spec":{"Type":"bind","Source":"/lzcsys/var/shell/run/","Target":"/lzcapp/run"},"SkipMountpointCreation":false},"/lzcapp/run/certs":{"Source":"/lzcsys/var/runtime/config/apicerts","Destination":"/lzcapp/run/certs","RW":false,"Name":"","Driver":"","Type":"bind","Relabel":"ro","Propagation":"rprivate","Spec":{"Type":"bind","Source":"/lzcsys/var/runtime/config/apicerts/","Target":"/lzcapp/run/certs","ReadOnly":true},"SkipMountpointCreation":false},"/lzcapp/run/manifest.yml":{"Source":"/lzcsys/sspks/lzc-shell/pkg/manifest.yml","Destination":"/lzcapp/run/manifest.yml","RW":false,"Name":"","Driver":"","Type":"bind","Relabel":"ro","Propagation":"rprivate","Spec":{"Type":"bind","Source":"/lzcsys/sspks/lzc-shell/pkg/manifest.yml","Target":"/lzcapp/run/manifest.yml","ReadOnly":true},"SkipMountpointCreation":false},"/lzcapp/run/sys":{"Source":"/run/lzc-sys","Destination":"/lzcapp/run/sys","RW":false,"Name":"","Driver":"","Type":"bind","Relabel":"ro","Propagation":"rprivate","Spec":{"Type":"bind","Source":"/run/lzc-sys","Target":"/lzcapp/run/sys","ReadOnly":true},"SkipMountpointCreation":false},"/lzcapp/var":{"Source":"/lzcsys/var/shell/var","Destination":"/lzcapp/var","RW":true,"Name":"","Driver":"","Type":"bind","Relabel":"rw","Propagation":"rprivate","Spec":{"Type":"bind","Source":"/lzcsys/var/shell/var/","Target":"/lzcapp/var"},"SkipMountpointCreation":false},"/lzcinit/cloud.lazycat.shell.home":{"Source":"/lzcsys/sspks/lzc-runtime/lzcinit","Destination":"/lzcinit/cloud.lazycat.shell.home","RW":false,"Name":"","Driver":"","Type":"bind","Relabel":"ro","Propagation":"rprivate","Spec":{"Type":"bind","Source":"/lzcsys/sspks/lzc-runtime/lzcinit","Target":"/lzcinit/cloud.lazycat.shell.home","ReadOnly":true},"SkipMountpointCreation":false},"/lzcsys":{"Source":"/lzcsys","Destination":"/lzcsys","RW":true,"Name":"","Driver":"","Type":"bind","Propagation":"shared","Spec":{"Type":"bind","Source":"/lzcsys","Target":"/lzcsys","BindOptions":{"Propagation":"shared"}},"SkipMountpointCreation":true},"/run/lock/iscsi":{"Source":"/run/lock/iscsi","Destination":"/run/lock/iscsi","RW":true,"Name":"","Driver":"","Type":"bind","Relabel":"rw","Propagation":"rprivate","Spec":{"Type":"bind","Source":"/run/lock/iscsi","Target":"/run/lock/iscsi"},"SkipMountpointCreation":false},"/run/lzc-sys":{"Source":"/run/lzc-sys","Destination":"/run/lzc-sys","RW":true,"Name":"","Driver":"","Type":"bind","Relabel":"rw","Propagation":"rprivate","Spec":{"Type":"bind","Source":"/run/lzc-sys","Target":"/run/lzc-sys"},"SkipMountpointCreation":false},"/run/udev":{"Source":"/run/udev","Destination":"/run/udev","RW":false,"Name":"","Driver":"","Type":"bind","Relabel":"ro","Propagation":"rprivate","Spec":{"Type":"bind","Source":"/run/udev","Target":"/run/udev","ReadOnly":true},"SkipMountpointCreation":false},"/usr":{"Source":"/usr","Destination":"/usr","RW":true,"Name":"","Driver":"","Type":"bind","Relabel":"rw","Propagation":"rprivate","Spec":{"Type":"bind","Source":"/usr","Target":"/usr"},"SkipMountpointCreation":false}},"SecretReferences":null,"ConfigReferences":null,"MountLabel":"","ProcessLabel":"","AppArmorProfile":"","SeccompProfile":"","NoNewPrivileges":false,"HostnamePath":"/var/lib/docker/containers/85c1380a6df9b73566900b89c206f7b2941f990dcd556c8f70d8c33f3e0ebdfa/hostname","HostsPath":"/var/lib/docker/containers/85c1380a6df9b73566900b89c206f7b2941f990dcd556c8f70d8c33f3e0ebdfa/hosts","ShmPath":"/dev/shm","ResolvConfPath":"/var/lib/docker/containers/85c1380a6df9b73566900b89c206f7b2941f990dcd556c8f70d8c33f3e0ebdfa/resolv.conf","LocalLogCacheMeta":{"HaveNotifyEnabled":false}}
