{"Binds":["/run/lock/iscsi:/run/lock/iscsi:rw","/run/udev:/run/udev:ro","/run/lzc-sys:/run/lzc-sys:rw","/lzcsys/sspks/lzc-shell/pkg:/lzcapp/pkg:ro","/etc/iscsi:/etc/iscsi:rw","/bin:/bin:rw","/lib64:/lib64:rw","/usr:/usr:rw","/lzcsys/var/shell/cache/:/lzcapp/cache:rw","/lzcsys/var/shell/run/:/lzcapp/run:rw","/lzcsys/sspks/lzc-runtime/lzcinit:/lzcinit/cloud.lazycat.shell.home:ro","/run/lzc-sys:/lzcapp/run/sys:ro","/lzcsys/sspks/lzc-shell/pkg/manifest.yml:/lzcapp/run/manifest.yml:ro","/dev:/dev:rw","/sys:/hostsys:ro","/lzcsys/var/shell/var/:/lzcapp/var:rw","/etc/ssl/:/etc/ssl:ro","/lib:/lib:rw","/lzcsys/var/runtime/config/apicerts/:/lzcapp/run/certs:ro"],"ContainerIDFile":"","LogConfig":{"Type":"journald","Config":{}},"NetworkMode":"home-cloud","PortBindings":{},"RestartPolicy":{"Name":"no","MaximumRetryCount":0},"AutoRemove":false,"VolumeDriver":"","VolumesFrom":null,"ConsoleSize":[0,0],"CapAdd":null,"CapDrop":null,"CgroupnsMode":"private","Dns":["172.18.0.1"],"DnsOptions":null,"DnsSearch":null,"ExtraHosts":[],"GroupAdd":null,"IpcMode":"host","Cgroup":"","Links":null,"OomScoreAdj":0,"PidMode":"","Privileged":true,"PublishAllPorts":false,"ReadonlyRootfs":false,"SecurityOpt":["label=disable"],"UTSMode":"","UsernsMode":"","ShmSize":67108864,"Runtime":"runc","Isolation":"","CpuShares":0,"Memory":0,"NanoCpus":0,"CgroupParent":"","BlkioWeight":0,"BlkioWeightDevice":null,"BlkioDeviceReadBps":null,"BlkioDeviceWriteBps":null,"BlkioDeviceReadIOps":null,"BlkioDeviceWriteIOps":null,"CpuPeriod":0,"CpuQuota":0,"CpuRealtimePeriod":0,"CpuRealtimeRuntime":0,"CpusetCpus":"","CpusetMems":"","Devices":null,"DeviceCgroupRules":null,"DeviceRequests":null,"MemoryReservation":0,"MemorySwap":0,"MemorySwappiness":null,"OomKillDisable":null,"PidsLimit":null,"Ulimits":null,"CpuCount":0,"CpuPercent":0,"IOMaximumIOps":0,"IOMaximumBandwidth":0,"Mounts":[{"Type":"bind","Source":"/lzcsys","Target":"/lzcsys","BindOptions":{"Propagation":"shared"}}],"MaskedPaths":null,"ReadonlyPaths":null}
