{"StreamConfig":{},"State":{"Running":true,"Paused":false,"Restarting":false,"OOMKilled":false,"RemovalInProgress":false,"Dead":false,"Pid":1309,"ExitCode":0,"Error":"","StartedAt":"2025-11-14T15:44:34.739757136Z","FinishedAt":"0001-01-01T00:00:00Z","Health":null},"ID":"8de7c46e14143ce9cf89c7e85ac278770f322e0387139dd7c578c97aaebeec2b","Created":"2025-11-14T15:44:34.678439135Z","Managed":false,"Path":"/sspk/lzc-hal","Args":[],"Config":{"Hostname":"lzcbox-60378f6b","Domainname":"","User":"","AttachStdin":false,"AttachStdout":true,"AttachStderr":true,"Tty":false,"OpenStdin":false,"StdinOnce":false,"Env":["LOG_LEVEL=-1","PATH=/usr/local/sbin:/usr/local/bin:/usr/sbin:/usr/bin:/sbin:/bin"],"Cmd":["/sspk/lzc-hal"],"Image":"registry.lazycat.cloud/lzc/lzcapp:3.20.3","Volumes":null,"WorkingDir":"/","Entrypoint":null,"OnBuild":null,"Labels":{"com.docker.compose.config-hash":"b8a2d80daa1afa331a863e591962c3be9af71291b3e00ed88f9eac41ff516212","com.docker.compose.container-number":"1","com.docker.compose.depends_on":"","com.docker.compose.image":"sha256:ba7a533c869a26d89e83bdc5ddb978df5a3502ac91452422a649d0d3cf52190b","com.docker.compose.oneoff":"False","com.docker.compose.project":"lzc-hal","com.docker.compose.project.config_files":"/lzcsys/sspks/lzc-hal/docker-compose.yml","com.docker.compose.project.working_dir":"/lzcsys/sspks/lzc-hal","com.docker.compose.service":"lzc-hal","com.docker.compose.version":"2.32.4"}},"Image":"sha256:ba7a533c869a26d89e83bdc5ddb978df5a3502ac91452422a649d0d3cf52190b","ImageManifest":null,"NetworkSettings":{"Bridge":"","SandboxID":"5992828a4b4516eba2bb1a6a4e5f23b0661fccc79dacb338d95720de295a42d3","SandboxKey":"/var/run/docker/netns/default","HairpinMode":false,"LinkLocalIPv6Address":"","LinkLocalIPv6PrefixLen":0,"Networks":{"host":{"IPAMConfig":null,"Links":null,"Aliases":null,"MacAddress":"","DriverOpts":null,"NetworkID":"60b824d4438d638de8a5f055b84da7693a918d381b6f8f5cbc4a11f6b541e44e","EndpointID":"0d4dd597243341f3a32e52168e2e8cde12fa863d41783cdce10ad0ebf9996697","Gateway":"","IPAddress":"","IPPrefixLen":0,"IPv6Gateway":"","GlobalIPv6Address":"","GlobalIPv6PrefixLen":0,"DNSNames":null,"IPAMOperational":false,"DesiredMacAddress":""}},"Service":null,"Ports":{},"SecondaryIPAddresses":null,"SecondaryIPv6Addresses":null,"HasSwarmEndpoint":false},"LogPath":"","Name":"/lzc-hal","Driver":"overlay2","OS":"linux","RestartCount":0,"HasBeenStartedBefore":true,"HasBeenManuallyStopped":false,"MountPoints":{"/dev":{"Source":"/dev","Destination":"/dev","RW":true,"Name":"","Driver":"","Type":"bind","Relabel":"rw","Propagation":"rprivate","Spec":{"Type":"bind","Source":"/dev","Target":"/dev"},"SkipMountpointCreation":false},"/lzcsys":{"Source":"/lzcsys","Destination":"/lzcsys","RW":true,"Name":"","Driver":"","Type":"bind","Relabel":"rw","Propagation":"rprivate","Spec":{"Type":"bind","Source":"/lzcsys","Target":"/lzcsys"},"SkipMountpointCreation":false},"/run":{"Source":"/run","Destination":"/run","RW":true,"Name":"","Driver":"","Type":"bind","Relabel":"rw","Propagation":"rprivate","Spec":{"Type":"bind","Source":"/run","Target":"/run"},"SkipMountpointCreation":false},"/sspk":{"Source":"/lzcsys/sspks/lzc-hal","Destination":"/sspk","RW":true,"Name":"","Driver":"","Type":"bind","Relabel":"rw","Propagation":"rprivate","Spec":{"Type":"bind","Source":"/lzcsys/sspks/lzc-hal","Target":"/sspk"},"SkipMountpointCreation":false},"/sys":{"Source":"/sys","Destination":"/sys","RW":true,"Name":"","Driver":"","Type":"bind","Relabel":"rw","Propagation":"rprivate","Spec":{"Type":"bind","Source":"/sys","Target":"/sys"},"SkipMountpointCreation":false}},"SecretReferences":null,"ConfigReferences":null,"MountLabel":"","ProcessLabel":"","AppArmorProfile":"","SeccompProfile":"","NoNewPrivileges":false,"HostnamePath":"/var/lib/docker/containers/8de7c46e14143ce9cf89c7e85ac278770f322e0387139dd7c578c97aaebeec2b/hostname","HostsPath":"/var/lib/docker/containers/8de7c46e14143ce9cf89c7e85ac278770f322e0387139dd7c578c97aaebeec2b/hosts","ShmPath":"","ResolvConfPath":"/var/lib/docker/containers/8de7c46e14143ce9cf89c7e85ac278770f322e0387139dd7c578c97aaebeec2b/resolv.conf","LocalLogCacheMeta":{"HaveNotifyEnabled":false}}
