{"Binds":["/sys:/sys:rw","/run:/run:rw","/lzcsys:/lzcsys:rw","/lzcsys/sspks/lzc-hal:/sspk:rw","/dev:/dev:rw"],"ContainerIDFile":"","LogConfig":{"Type":"journald","Config":{}},"NetworkMode":"host","PortBindings":{},"RestartPolicy":{"Name":"always","MaximumRetryCount":0},"AutoRemove":false,"VolumeDriver":"","VolumesFrom":null,"ConsoleSize":[0,0],"CapAdd":null,"CapDrop":null,"CgroupnsMode":"private","Dns":null,"DnsOptions":null,"DnsSearch":null,"ExtraHosts":[],"GroupAdd":null,"IpcMode":"private","Cgroup":"","Links":null,"OomScoreAdj":-499,"PidMode":"","Privileged":true,"PublishAllPorts":false,"ReadonlyRootfs":false,"SecurityOpt":["label=disable"],"UTSMode":"","UsernsMode":"","ShmSize":67108864,"Runtime":"runc","Isolation":"","CpuShares":0,"Memory":0,"NanoCpus":0,"CgroupParent":"","BlkioWeight":0,"BlkioWeightDevice":null,"BlkioDeviceReadBps":null,"BlkioDeviceWriteBps":null,"BlkioDeviceReadIOps":null,"BlkioDeviceWriteIOps":null,"CpuPeriod":0,"CpuQuota":0,"CpuRealtimePeriod":0,"CpuRealtimeRuntime":0,"CpusetCpus":"","CpusetMems":"","Devices":null,"DeviceCgroupRules":null,"DeviceRequests":null,"MemoryReservation":0,"MemorySwap":0,"MemorySwappiness":null,"OomKillDisable":null,"PidsLimit":null,"Ulimits":null,"CpuCount":0,"CpuPercent":0,"IOMaximumIOps":0,"IOMaximumBandwidth":0,"MaskedPaths":null,"ReadonlyPaths":null,"Init":true}
