[
    {
        "Id": "633898f317b02329e825251e94044fcb20db24ed2c8b6d6a99a06ada358acedd",
        "Created": "2025-11-16T06:05:28.835076032Z",
        "Path": "/usr/bin/tini",
        "Args": [
            "-s",
            "/run/entry.sh"
        ],
        "State": {
            "Status": "running",
            "Running": true,
            "Paused": false,
            "Restarting": false,
            "OOMKilled": false,
            "Dead": false,
            "Pid": 48390,
            "ExitCode": 0,
            "Error": "",
            "StartedAt": "2025-11-16T06:05:31.835778705Z",
            "FinishedAt": "0001-01-01T00:00:00Z"
        },
        "Image": "sha256:992643edb07f8c70ccfa40c9461c26f7702f1344ba04284ecc9fc99cbe40e5b4",
        "ResolvConfPath": "/lzcsys/data/system/docker/containers/633898f317b02329e825251e94044fcb20db24ed2c8b6d6a99a06ada358acedd/resolv.conf",
        "HostnamePath": "/lzcsys/data/system/docker/containers/633898f317b02329e825251e94044fcb20db24ed2c8b6d6a99a06ada358acedd/hostname",
        "HostsPath": "/lzcsys/data/system/docker/containers/633898f317b02329e825251e94044fcb20db24ed2c8b6d6a99a06ada358acedd/hosts",
        "LogPath": "",
        "Name": "/cloudlzcappqemu-qemu-1",
        "RestartCount": 0,
        "Driver": "overlay2",
        "Platform": "linux",
        "MountLabel": "",
        "ProcessLabel": "",
        "AppArmorProfile": "",
        "ExecIDs": null,
        "HostConfig": {
            "Binds": [
                "/usr/share/zoneinfo:/usr/share/zoneinfo:ro",
                "/dev/net/tun:/dev/net/tun:ro",
                "/lzcsys/data/appvar/cloud.lzcapp.qemu:/lzcapp/var:rw",
                "/run/lzc-sys:/lzcapp/run/sys:rw",
                "/etc/localtime:/etc/localtime:rw",
                "/lzcsys/data/appvar/cloud.lzcapp.qemu/storage:/storage:rw",
                "/dev/kvm:/dev/kvm:ro",
                "/lzcsys/run/app/cloud.lzcapp.qemu:/lzcapp/run:rw",
                "/lzcsys/data/system/pkgm/run/cloud.lzcapp.qemu/pkg/manifest.yml:/lzcapp/run/manifest.yml:rw"
            ],
            "ContainerIDFile": "",
            "LogConfig": {
                "Type": "lzc-logging-driver",
                "Config": {
                    "max-backups": "5",
                    "max-size": "20m"
                }
            },
            "NetworkMode": "cloudlzcappqemu_default",
            "PortBindings": {},
            "RestartPolicy": {
                "Name": "no",
                "MaximumRetryCount": 0
            },
            "AutoRemove": false,
            "VolumeDriver": "",
            "VolumesFrom": null,
            "ConsoleSize": [
                0,
                0
            ],
            "CapAdd": null,
            "CapDrop": null,
            "CgroupnsMode": "private",
            "Dns": [
                "172.18.0.1"
            ],
            "DnsOptions": null,
            "DnsSearch": null,
            "ExtraHosts": [],
            "GroupAdd": null,
            "IpcMode": "private",
            "Cgroup": "",
            "Links": null,
            "OomScoreAdj": 500,
            "PidMode": "",
            "Privileged": true,
            "PublishAllPorts": false,
            "ReadonlyRootfs": false,
            "SecurityOpt": [
                "label=disable"
            ],
            "UTSMode": "",
            "UsernsMode": "",
            "ShmSize": 67108864,
            "Runtime": "runc",
            "Isolation": "",
            "CpuShares": 0,
            "Memory": 0,
            "NanoCpus": 0,
            "CgroupParent": "lzcapp-cloud.lzcapp.qemu.slice",
            "BlkioWeight": 0,
            "BlkioWeightDevice": null,
            "BlkioDeviceReadBps": null,
            "BlkioDeviceWriteBps": null,
            "BlkioDeviceReadIOps": null,
            "BlkioDeviceWriteIOps": null,
            "CpuPeriod": 0,
            "CpuQuota": 0,
            "CpuRealtimePeriod": 0,
            "CpuRealtimeRuntime": 0,
            "CpusetCpus": "",
            "CpusetMems": "",
            "Devices": [
                {
                    "PathOnHost": "/dev/fuse",
                    "PathInContainer": "/dev/fuse",
                    "CgroupPermissions": "rwm"
                },
                {
                    "PathOnHost": "/dev/dri",
                    "PathInContainer": "/dev/dri",
                    "CgroupPermissions": "rwm"
                },
                {
                    "PathOnHost": "/dev/kvm",
                    "PathInContainer": "/dev/kvm",
                    "CgroupPermissions": "rwm"
                },
                {
                    "PathOnHost": "/dev/vhost-net",
                    "PathInContainer": "/dev/vhost-net",
                    "CgroupPermissions": "rwm"
                }
            ],
            "DeviceCgroupRules": null,
            "DeviceRequests": null,
            "MemoryReservation": 0,
            "MemorySwap": 0,
            "MemorySwappiness": null,
            "OomKillDisable": null,
            "PidsLimit": null,
            "Ulimits": null,
            "CpuCount": 0,
            "CpuPercent": 0,
            "IOMaximumIOps": 0,
            "IOMaximumBandwidth": 0,
            "Mounts": [
                {
                    "Type": "bind",
                    "Source": "/lzcsys/data/appcache/cloud.lzcapp.qemu",
                    "Target": "/lzcapp/cache",
                    "BindOptions": {
                        "Propagation": "shared"
                    }
                },
                {
                    "Type": "bind",
                    "Source": "/lzcsys/data/system/pkgm/apps/cloud.lzcapp.qemu/pkg",
                    "Target": "/lzcapp/pkg",
                    "ReadOnly": true,
                    "BindOptions": {}
                },
                {
                    "Type": "bind",
                    "Source": "/etc/ssl/certs/ca-certificates.crt",
                    "Target": "/etc/ssl/certs/ca-certificates.crt",
                    "ReadOnly": true,
                    "BindOptions": {}
                },
                {
                    "Type": "bind",
                    "Source": "/lzcsys/data/document/",
                    "Target": "/lzcapp/run/mnt/home",
                    "BindOptions": {
                        "Propagation": "slave",
                        "CreateMountpoint": true
                    }
                },
                {
                    "Type": "bind",
                    "Source": "/lzcsys/sspks/lzc-runtime/lzcinit",
                    "Target": "/lzcinit/cloud.lzcapp.qemu",
                    "BindOptions": {}
                },
                {
                    "Type": "bind",
                    "Source": "/lzcsys/data/document/",
                    "Target": "/lzcapp/document",
                    "BindOptions": {
                        "Propagation": "slave",
                        "CreateMountpoint": true
                    }
                }
            ],
            "MaskedPaths": null,
            "ReadonlyPaths": null,
            "Init": false
        },
        "GraphDriver": {
            "Data": {
                "LowerDir": "/lzcsys/data/system/docker/overlay2/e3efbf8a074de19da59b3d7decd11d21396a097ea215c61fe2c224c2ad46c76a-init/diff:/lzcsys/data/system/docker/overlay2/0ccb97487adcf9cc9c00589e6b5126d7dd7f70a13bb34b281583f79847743212/diff:/lzcsys/data/system/docker/overlay2/2296330b52c9e23fe2206ea13e99d07621141cc92ffc72a21ad7ad8594f0a5bd/diff:/lzcsys/data/system/docker/overlay2/67bc644c6a76fa7aa41831edee9ed7da1ae0f4b68479f5e00c01c1dbc2bc89ca/diff:/lzcsys/data/system/docker/overlay2/bd6f5ce28ba63125a352e076cb956ca72c1717be97baf005490594f601617f41/diff:/lzcsys/data/system/docker/overlay2/da701700d1bf5ed3e5221c791109461d7ae2ef69ab123a629fab2a2993c9b5b8/diff:/lzcsys/data/system/docker/overlay2/3fb0be17941359e7a93ba352ae69a4261027f48f81beceac279d0b60b6a91999/diff:/lzcsys/data/system/docker/overlay2/50f7f84ab1908908d2e00ac108a9a50899027b0d903799452765c1e83a91869d/diff:/lzcsys/data/system/docker/overlay2/e6c1f779f8714e9b9a65f161aa245c7bd53a8cd620e1f5b370095712165bfec5/diff",
                "MergedDir": "/lzcsys/data/system/docker/overlay2/e3efbf8a074de19da59b3d7decd11d21396a097ea215c61fe2c224c2ad46c76a/merged",
                "UpperDir": "/lzcsys/data/system/docker/overlay2/e3efbf8a074de19da59b3d7decd11d21396a097ea215c61fe2c224c2ad46c76a/diff",
                "WorkDir": "/lzcsys/data/system/docker/overlay2/e3efbf8a074de19da59b3d7decd11d21396a097ea215c61fe2c224c2ad46c76a/work"
            },
            "Name": "overlay2"
        },
        "Mounts": [
            {
                "Type": "bind",
                "Source": "/lzcsys/data/document",
                "Destination": "/lzcapp/document",
                "Mode": "",
                "RW": true,
                "Propagation": "slave"
            },
            {
                "Type": "bind",
                "Source": "/lzcsys/data/appcache/cloud.lzcapp.qemu",
                "Destination": "/lzcapp/cache",
                "Mode": "",
                "RW": true,
                "Propagation": "shared"
            },
            {
                "Type": "bind",
                "Source": "/etc/ssl/certs/ca-certificates.crt",
                "Destination": "/etc/ssl/certs/ca-certificates.crt",
                "Mode": "",
                "RW": false,
                "Propagation": "rprivate"
            },
            {
                "Type": "bind",
                "Source": "/lzcsys/data/document",
                "Destination": "/lzcapp/run/mnt/home",
                "Mode": "",
                "RW": true,
                "Propagation": "slave"
            },
            {
                "Type": "bind",
                "Source": "/lzcsys/run/app/cloud.lzcapp.qemu",
                "Destination": "/lzcapp/run",
                "Mode": "rw",
                "RW": true,
                "Propagation": "rprivate"
            },
            {
                "Type": "bind",
                "Source": "/lzcsys/data/system/pkgm/run/cloud.lzcapp.qemu/pkg/manifest.yml",
                "Destination": "/lzcapp/run/manifest.yml",
                "Mode": "rw",
                "RW": true,
                "Propagation": "rprivate"
            },
            {
                "Type": "bind",
                "Source": "/lzcsys/data/system/pkgm/apps/cloud.lzcapp.qemu/pkg",
                "Destination": "/lzcapp/pkg",
                "Mode": "",
                "RW": false,
                "Propagation": "rprivate"
            },
            {
                "Type": "bind",
                "Source": "/lzcsys/sspks/lzc-runtime/lzcinit",
                "Destination": "/lzcinit/cloud.lzcapp.qemu",
                "Mode": "",
                "RW": true,
                "Propagation": "rprivate"
            },
            {
                "Type": "bind",
                "Source": "/lzcsys/data/appvar/cloud.lzcapp.qemu",
                "Destination": "/lzcapp/var",
                "Mode": "rw",
                "RW": true,
                "Propagation": "rprivate"
            },
            {
                "Type": "bind",
                "Source": "/etc/localtime",
                "Destination": "/etc/localtime",
                "Mode": "rw",
                "RW": true,
                "Propagation": "rprivate"
            },
            {
                "Type": "bind",
                "Source": "/lzcsys/data/appvar/cloud.lzcapp.qemu/storage",
                "Destination": "/storage",
                "Mode": "rw",
                "RW": true,
                "Propagation": "rprivate"
            },
            {
                "Type": "bind",
                "Source": "/dev/kvm",
                "Destination": "/dev/kvm",
                "Mode": "ro",
                "RW": false,
                "Propagation": "rprivate"
            },
            {
                "Type": "bind",
                "Source": "/usr/share/zoneinfo",
                "Destination": "/usr/share/zoneinfo",
                "Mode": "ro",
                "RW": false,
                "Propagation": "rprivate"
            },
            {
                "Type": "bind",
                "Source": "/dev/net/tun",
                "Destination": "/dev/net/tun",
                "Mode": "ro",
                "RW": false,
                "Propagation": "rprivate"
            },
            {
                "Type": "bind",
                "Source": "/run/lzc-sys",
                "Destination": "/lzcapp/run/sys",
                "Mode": "rw",
                "RW": true,
                "Propagation": "rprivate"
            }
        ],
        "Config": {
            "Hostname": "633898f317b0",
            "Domainname": "",
            "User": "",
            "AttachStdin": false,
            "AttachStdout": true,
            "AttachStderr": true,
            "ExposedPorts": {
                "22/tcp": {},
                "5900/tcp": {},
                "8006/tcp": {}
            },
            "Tty": false,
            "OpenStdin": false,
            "StdinOnce": false,
            "Env": [
                "LZCAPP_API_GATEWAY_ADDRESS=app.cloud.lzcapp.qemu.lzcapp:81",
                "LAZYCAT_BOX_DOMAIN=axy.heiyu.space",
                "LAZYCAT_APP_DEPLOY_UID=",
                "DISK_SIZE=20GB",
                "LAZYCAT_APP_DOMAIN=qemu.axy.heiyu.space",
                "LAZYCAT_USER_ID=",
                "LAZYCAT_APP_ID=cloud.lzcapp.qemu",
                "CPU_CORES=2",
                "RAM_SIZE=2G",
                "BOOT=https://repo.huaweicloud.com/alpine/v3.11/releases/x86_64/alpine-extended-3.11.0-x86_64.iso",
                "LAZYCAT_APP_SERVICE_NAME=qemu",
                "LAZYCAT_BOX_NAME=axy",
                "PATH=/usr/local/sbin:/usr/local/bin:/usr/sbin:/usr/bin:/sbin:/bin"
            ],
            "Cmd": null,
            "Image": "registry.lazycat.cloud/aixinyin/qemux/qemu:2767dccd2da80a3a",
            "Volumes": {
                "/storage": {}
            },
            "WorkingDir": "",
            "Entrypoint": [
                "/usr/bin/tini",
                "-s",
                "/run/entry.sh"
            ],
            "OnBuild": null,
            "Labels": {
                "cloud.lazycat.image.maintainer": "aixinyin",
                "cloud.lazycat.image.origin_hash": "sha256:a19655d20e3de157242b933e91c1ba1631b2a93e2f437e6278f335a6b22d8f40",
                "cloud.lazycat.image.origin_image": "qemux/qemu",
                "com.docker.compose.config-hash": "2e993ea2523f141d9bf8a61655ee39ed187bc88bf0dfe91e342300ec31181615",
                "com.docker.compose.container-number": "1",
                "com.docker.compose.depends_on": "",
                "com.docker.compose.image": "sha256:992643edb07f8c70ccfa40c9461c26f7702f1344ba04284ecc9fc99cbe40e5b4",
                "com.docker.compose.oneoff": "False",
                "com.docker.compose.project": "cloudlzcappqemu",
                "com.docker.compose.project.config_files": "/lzcsys/data/system/pkgm/run/cloud.lzcapp.qemu/docker-compose.yml,/lzcsys/data/system/pkgm/run/cloud.lzcapp.qemu/compose.override.yml",
                "com.docker.compose.project.working_dir": "/lzcsys/data/system/pkgm/run/cloud.lzcapp.qemu",
                "com.docker.compose.service": "qemu",
                "com.docker.compose.version": "2.32.4",
                "lzcapp.app-id": "cloud.lzcapp.qemu",
                "lzcapp.user-id": "",
                "org.opencontainers.image.created": "2025-11-12T06:01:12.165Z",
                "org.opencontainers.image.description": "QEMU in a Docker container.",
                "org.opencontainers.image.licenses": "MIT",
                "org.opencontainers.image.revision": "e833f4b86e20a17ff3cbcf3641ba8863fae7634e",
                "org.opencontainers.image.source": "https://github.com/qemus/qemu",
                "org.opencontainers.image.title": "QEMU for Docker",
                "org.opencontainers.image.url": "https://github.com/qemus/qemu",
                "org.opencontainers.image.version": "7.28"
            }
        },
        "NetworkSettings": {
            "Bridge": "",
            "SandboxID": "65058f8fee6ae02a7071d7c0d804a1e378c4f402b8014d8d197bdcdb6aaf8c8e",
            "SandboxKey": "/lzcsys/run/lzc-docker/docker/netns/65058f8fee6a",
            "Ports": {
                "22/tcp": null,
                "5900/tcp": null,
                "8006/tcp": null
            },
            "HairpinMode": false,
            "LinkLocalIPv6Address": "",
            "LinkLocalIPv6PrefixLen": 0,
            "SecondaryIPAddresses": null,
            "SecondaryIPv6Addresses": null,
            "EndpointID": "",
            "Gateway": "",
            "GlobalIPv6Address": "",
            "GlobalIPv6PrefixLen": 0,
            "IPAddress": "",
            "IPPrefixLen": 0,
            "IPv6Gateway": "",
            "MacAddress": "",
            "Networks": {
                "cloudlzcappqemu_default": {
                    "IPAMConfig": null,
                    "Links": null,
                    "Aliases": [
                        "cloudlzcappqemu-qemu-1",
                        "qemu"
                    ],
                    "MacAddress": "02:42:ac:1c:03:03",
                    "DriverOpts": null,
                    "NetworkID": "5fafa4c2d116ad73b6246c27a0c6c206f38071b750ab4eb0b528b80ff86b9ebb",
                    "EndpointID": "fc9d885f57b53b384fe0d6b5efeb9a816b346ac4124435be67a9a1ed789f885c",
                    "Gateway": "172.28.3.1",
                    "IPAddress": "172.28.3.3",
                    "IPPrefixLen": 26,
                    "IPv6Gateway": "fd03:1136:3800::301",
                    "GlobalIPv6Address": "fd03:1136:3800::303",
                    "GlobalIPv6PrefixLen": 122,
                    "DNSNames": [
                        "cloudlzcappqemu-qemu-1",
                        "qemu",
                        "633898f317b0"
                    ]
                }
            }
        }
    }
]
