[
    {
        "Id": "42ac4c47098c2a60890c48eab03ea9fd852882571d6b6d38940213d72ca39664",
        "Created": "2025-11-15T11:23:52.571247908Z",
        "Path": "/one-mcp",
        "Args": [],
        "State": {
            "Status": "running",
            "Running": true,
            "Paused": false,
            "Restarting": false,
            "OOMKilled": false,
            "Dead": false,
            "Pid": 1517565,
            "ExitCode": 0,
            "Error": "",
            "StartedAt": "2025-11-15T11:23:55.497345653Z",
            "FinishedAt": "0001-01-01T00:00:00Z"
        },
        "Image": "sha256:7f3c1956b0aaf8947b2cb8f99e17995463e50bae33733242647dc88d3c75bede",
        "ResolvConfPath": "/lzcsys/data/system/docker/containers/42ac4c47098c2a60890c48eab03ea9fd852882571d6b6d38940213d72ca39664/resolv.conf",
        "HostnamePath": "/lzcsys/data/system/docker/containers/42ac4c47098c2a60890c48eab03ea9fd852882571d6b6d38940213d72ca39664/hostname",
        "HostsPath": "/lzcsys/data/system/docker/containers/42ac4c47098c2a60890c48eab03ea9fd852882571d6b6d38940213d72ca39664/hosts",
        "LogPath": "",
        "Name": "/cloudlazycatapponemcp-onemcp-1",
        "RestartCount": 0,
        "Driver": "overlay2",
        "Platform": "linux",
        "MountLabel": "",
        "ProcessLabel": "",
        "AppArmorProfile": "",
        "ExecIDs": null,
        "HostConfig": {
            "Binds": [
                "/lzcsys/data/appvar/cloud.lazycat.app.onemcp:/lzcapp/var:rw",
                "/lzcsys/run/app/cloud.lazycat.app.onemcp:/lzcapp/run:rw",
                "/etc/localtime:/etc/localtime:rw",
                "/lzcsys/data/appvar/cloud.lazycat.app.onemcp/data:/data:rw",
                "/run/lzc-sys:/lzcapp/run/sys:rw",
                "/lzcsys/data/system/pkgm/run/cloud.lazycat.app.onemcp/pkg/manifest.yml:/lzcapp/run/manifest.yml:rw",
                "/usr/share/zoneinfo:/usr/share/zoneinfo:ro"
            ],
            "ContainerIDFile": "",
            "LogConfig": {
                "Type": "lzc-logging-driver",
                "Config": {
                    "max-backups": "5",
                    "max-size": "20m"
                }
            },
            "NetworkMode": "cloudlazycatapponemcp_default",
            "PortBindings": {},
            "RestartPolicy": {
                "Name": "no",
                "MaximumRetryCount": 0
            },
            "AutoRemove": false,
            "VolumeDriver": "",
            "VolumesFrom": null,
            "ConsoleSize": [
                0,
                0
            ],
            "CapAdd": null,
            "CapDrop": null,
            "CgroupnsMode": "private",
            "Dns": [
                "172.18.0.1"
            ],
            "DnsOptions": null,
            "DnsSearch": null,
            "ExtraHosts": [],
            "GroupAdd": null,
            "IpcMode": "private",
            "Cgroup": "",
            "Links": null,
            "OomScoreAdj": 500,
            "PidMode": "",
            "Privileged": false,
            "PublishAllPorts": false,
            "ReadonlyRootfs": false,
            "SecurityOpt": null,
            "UTSMode": "",
            "UsernsMode": "",
            "ShmSize": 67108864,
            "Runtime": "runc",
            "Isolation": "",
            "CpuShares": 0,
            "Memory": 0,
            "NanoCpus": 0,
            "CgroupParent": "lzcapp-cloud.lazycat.app.onemcp.slice",
            "BlkioWeight": 0,
            "BlkioWeightDevice": null,
            "BlkioDeviceReadBps": null,
            "BlkioDeviceWriteBps": null,
            "BlkioDeviceReadIOps": null,
            "BlkioDeviceWriteIOps": null,
            "CpuPeriod": 0,
            "CpuQuota": 0,
            "CpuRealtimePeriod": 0,
            "CpuRealtimeRuntime": 0,
            "CpusetCpus": "",
            "CpusetMems": "",
            "Devices": [
                {
                    "PathOnHost": "/dev/fuse",
                    "PathInContainer": "/dev/fuse",
                    "CgroupPermissions": "rwm"
                }
            ],
            "DeviceCgroupRules": null,
            "DeviceRequests": null,
            "MemoryReservation": 0,
            "MemorySwap": 0,
            "MemorySwappiness": null,
            "OomKillDisable": null,
            "PidsLimit": null,
            "Ulimits": null,
            "CpuCount": 0,
            "CpuPercent": 0,
            "IOMaximumIOps": 0,
            "IOMaximumBandwidth": 0,
            "Mounts": [
                {
                    "Type": "bind",
                    "Source": "/lzcsys/sspks/lzc-runtime/lzcinit",
                    "Target": "/lzcinit/cloud.lazycat.app.onemcp",
                    "BindOptions": {}
                },
                {
                    "Type": "bind",
                    "Source": "/lzcsys/data/appcache/cloud.lazycat.app.onemcp",
                    "Target": "/lzcapp/cache",
                    "BindOptions": {
                        "Propagation": "shared"
                    }
                },
                {
                    "Type": "bind",
                    "Source": "/lzcsys/data/document/",
                    "Target": "/lzcapp/run/mnt/home",
                    "BindOptions": {
                        "Propagation": "slave",
                        "CreateMountpoint": true
                    }
                },
                {
                    "Type": "bind",
                    "Source": "/lzcsys/data/system/pkgm/apps/cloud.lazycat.app.onemcp/pkg",
                    "Target": "/lzcapp/pkg",
                    "ReadOnly": true,
                    "BindOptions": {}
                },
                {
                    "Type": "bind",
                    "Source": "/etc/ssl/certs/ca-certificates.crt",
                    "Target": "/etc/ssl/certs/ca-certificates.crt",
                    "ReadOnly": true,
                    "BindOptions": {}
                },
                {
                    "Type": "bind",
                    "Source": "/lzcsys/data/document/",
                    "Target": "/lzcapp/document",
                    "BindOptions": {
                        "Propagation": "slave",
                        "CreateMountpoint": true
                    }
                }
            ],
            "MaskedPaths": [
                "/proc/asound",
                "/proc/acpi",
                "/proc/kcore",
                "/proc/keys",
                "/proc/latency_stats",
                "/proc/timer_list",
                "/proc/timer_stats",
                "/proc/sched_debug",
                "/proc/scsi",
                "/sys/firmware",
                "/sys/devices/virtual/powercap"
            ],
            "ReadonlyPaths": [
                "/proc/bus",
                "/proc/fs",
                "/proc/irq",
                "/proc/sys",
                "/proc/sysrq-trigger"
            ],
            "Init": false
        },
        "GraphDriver": {
            "Data": {
                "LowerDir": "/lzcsys/data/system/docker/overlay2/b87fd915cf59185f214632f696396743bf920c2bd623da4219c7e97add5538fe-init/diff:/lzcsys/data/system/docker/overlay2/ba1fdff864575e3aa6a30be1a545a23bebd5e5944d367cf7af3a1a34a0899bac/diff:/lzcsys/data/system/docker/overlay2/2e8afc818b9e94e648527777a6f51674d86f22fe2ce045fb0329bb66cf7df87c/diff:/lzcsys/data/system/docker/overlay2/a517b11866d55af7856dc0112a082e4bf924218f48049b4790e9d340a9c2873e/diff:/lzcsys/data/system/docker/overlay2/2c5a5389c5f98d3abb195a9d923c69327d65442a7b761fe9e6b5cf2476f3bb9f/diff:/lzcsys/data/system/docker/overlay2/63826eaff4d89df33aedddbdbb4dbb2b090511244a119e733d467210582467ba/diff:/lzcsys/data/system/docker/overlay2/a9b175d1dfb16db7a43c98d44fe3765e056bb38dab15bd875f7fe361baa596c0/diff:/lzcsys/data/system/docker/overlay2/de7f5b1ef433910e5ba2a2fe26a62345680b896e0c46d17d7254107cb5a18641/diff",
                "MergedDir": "/lzcsys/data/system/docker/overlay2/b87fd915cf59185f214632f696396743bf920c2bd623da4219c7e97add5538fe/merged",
                "UpperDir": "/lzcsys/data/system/docker/overlay2/b87fd915cf59185f214632f696396743bf920c2bd623da4219c7e97add5538fe/diff",
                "WorkDir": "/lzcsys/data/system/docker/overlay2/b87fd915cf59185f214632f696396743bf920c2bd623da4219c7e97add5538fe/work"
            },
            "Name": "overlay2"
        },
        "Mounts": [
            {
                "Type": "bind",
                "Source": "/usr/share/zoneinfo",
                "Destination": "/usr/share/zoneinfo",
                "Mode": "ro",
                "RW": false,
                "Propagation": "rprivate"
            },
            {
                "Type": "bind",
                "Source": "/lzcsys/data/appcache/cloud.lazycat.app.onemcp",
                "Destination": "/lzcapp/cache",
                "Mode": "",
                "RW": true,
                "Propagation": "shared"
            },
            {
                "Type": "bind",
                "Source": "/lzcsys/data/document",
                "Destination": "/lzcapp/run/mnt/home",
                "Mode": "",
                "RW": true,
                "Propagation": "slave"
            },
            {
                "Type": "bind",
                "Source": "/lzcsys/data/document",
                "Destination": "/lzcapp/document",
                "Mode": "",
                "RW": true,
                "Propagation": "slave"
            },
            {
                "Type": "bind",
                "Source": "/lzcsys/data/system/pkgm/run/cloud.lazycat.app.onemcp/pkg/manifest.yml",
                "Destination": "/lzcapp/run/manifest.yml",
                "Mode": "rw",
                "RW": true,
                "Propagation": "rprivate"
            },
            {
                "Type": "bind",
                "Source": "/lzcsys/run/app/cloud.lazycat.app.onemcp",
                "Destination": "/lzcapp/run",
                "Mode": "rw",
                "RW": true,
                "Propagation": "rprivate"
            },
            {
                "Type": "bind",
                "Source": "/etc/localtime",
                "Destination": "/etc/localtime",
                "Mode": "rw",
                "RW": true,
                "Propagation": "rprivate"
            },
            {
                "Type": "bind",
                "Source": "/lzcsys/data/appvar/cloud.lazycat.app.onemcp/data",
                "Destination": "/data",
                "Mode": "rw",
                "RW": true,
                "Propagation": "rprivate"
            },
            {
                "Type": "bind",
                "Source": "/run/lzc-sys",
                "Destination": "/lzcapp/run/sys",
                "Mode": "rw",
                "RW": true,
                "Propagation": "rprivate"
            },
            {
                "Type": "bind",
                "Source": "/lzcsys/sspks/lzc-runtime/lzcinit",
                "Destination": "/lzcinit/cloud.lazycat.app.onemcp",
                "Mode": "",
                "RW": true,
                "Propagation": "rprivate"
            },
            {
                "Type": "bind",
                "Source": "/lzcsys/data/system/pkgm/apps/cloud.lazycat.app.onemcp/pkg",
                "Destination": "/lzcapp/pkg",
                "Mode": "",
                "RW": false,
                "Propagation": "rprivate"
            },
            {
                "Type": "bind",
                "Source": "/etc/ssl/certs/ca-certificates.crt",
                "Destination": "/etc/ssl/certs/ca-certificates.crt",
                "Mode": "",
                "RW": false,
                "Propagation": "rprivate"
            },
            {
                "Type": "bind",
                "Source": "/lzcsys/data/appvar/cloud.lazycat.app.onemcp",
                "Destination": "/lzcapp/var",
                "Mode": "rw",
                "RW": true,
                "Propagation": "rprivate"
            }
        ],
        "Config": {
            "Hostname": "42ac4c47098c",
            "Domainname": "",
            "User": "",
            "AttachStdin": false,
            "AttachStdout": true,
            "AttachStderr": true,
            "ExposedPorts": {
                "3000/tcp": {}
            },
            "Tty": false,
            "OpenStdin": false,
            "StdinOnce": false,
            "Env": [
                "LAZYCAT_BOX_DOMAIN=axy.heiyu.space",
                "JWT_SECRET=209dd9ab423a94e748b6f28f9e4cc7c2",
                "LAZYCAT_APP_DEPLOY_UID=",
                "LZCAPP_API_GATEWAY_ADDRESS=app.cloud.lazycat.app.onemcp.lzcapp:81",
                "LAZYCAT_APP_SERVICE_NAME=onemcp",
                "LAZYCAT_APP_DOMAIN=onemcp.axy.heiyu.space",
                "LAZYCAT_BOX_NAME=axy",
                "LAZYCAT_APP_ID=cloud.lazycat.app.onemcp",
                "SQLITE_PATH=/data/one-mcp.db",
                "LAZYCAT_USER_ID=",
                "PATH=/usr/local/sbin:/usr/local/bin:/usr/sbin:/usr/bin:/sbin:/bin",
                "UV_TOOL_BIN_DIR=/usr/local/bin",
                "PORT=3000"
            ],
            "Cmd": null,
            "Image": "registry.lazycat.cloud/edward/buru2020/one-mcp:e35aecbd7bcd50eb",
            "Volumes": null,
            "WorkingDir": "/data",
            "Entrypoint": [
                "/one-mcp"
            ],
            "OnBuild": null,
            "Labels": {
                "cloud.lazycat.image.maintainer": "Edward",
                "cloud.lazycat.image.origin_hash": "sha256:ec7cc12a653ba65821eb1a6c173417e88ca4d0a7e12f8ece2c3abfb73ff89bf3",
                "cloud.lazycat.image.origin_image": "docker.io/buru2020/one-mcp:latest",
                "com.docker.compose.config-hash": "293d3d24c085137abbe65a50eed7561d06fce69b1bf07508ae73994f3fe992fa",
                "com.docker.compose.container-number": "1",
                "com.docker.compose.depends_on": "",
                "com.docker.compose.image": "sha256:7f3c1956b0aaf8947b2cb8f99e17995463e50bae33733242647dc88d3c75bede",
                "com.docker.compose.oneoff": "False",
                "com.docker.compose.project": "cloudlazycatapponemcp",
                "com.docker.compose.project.config_files": "/lzcsys/data/system/pkgm/run/cloud.lazycat.app.onemcp/docker-compose.yml",
                "com.docker.compose.project.working_dir": "/lzcsys/data/system/pkgm/run/cloud.lazycat.app.onemcp",
                "com.docker.compose.service": "onemcp",
                "com.docker.compose.version": "2.32.4",
                "lzcapp.app-id": "cloud.lazycat.app.onemcp",
                "lzcapp.user-id": "",
                "org.opencontainers.image.created": "2025-07-17T22:30:33.356Z",
                "org.opencontainers.image.description": "An extremely fast Python package and project manager, written in Rust.",
                "org.opencontainers.image.licenses": "Apache-2.0",
                "org.opencontainers.image.revision": "0b23572941e271086485227f7c2b5c440062660f",
                "org.opencontainers.image.source": "https://github.com/astral-sh/uv",
                "org.opencontainers.image.title": "uv",
                "org.opencontainers.image.url": "https://github.com/astral-sh/uv",
                "org.opencontainers.image.version": "0.8.0-alpine3.21"
            }
        },
        "NetworkSettings": {
            "Bridge": "",
            "SandboxID": "e4ce712edbae49a2dea78cc04f43eefe3d45866afbc274e46d98f9110d6f4fca",
            "SandboxKey": "/lzcsys/run/lzc-docker/docker/netns/e4ce712edbae",
            "Ports": {
                "3000/tcp": null
            },
            "HairpinMode": false,
            "LinkLocalIPv6Address": "",
            "LinkLocalIPv6PrefixLen": 0,
            "SecondaryIPAddresses": null,
            "SecondaryIPv6Addresses": null,
            "EndpointID": "",
            "Gateway": "",
            "GlobalIPv6Address": "",
            "GlobalIPv6PrefixLen": 0,
            "IPAddress": "",
            "IPPrefixLen": 0,
            "IPv6Gateway": "",
            "MacAddress": "",
            "Networks": {
                "cloudlazycatapponemcp_default": {
                    "IPAMConfig": null,
                    "Links": null,
                    "Aliases": [
                        "cloudlazycatapponemcp-onemcp-1",
                        "onemcp"
                    ],
                    "MacAddress": "02:42:ac:1c:02:03",
                    "DriverOpts": null,
                    "NetworkID": "f1ef5a21ff055463d8feaed4d5723caace62b3b0304bcf3a1b2a3fa29236ebd7",
                    "EndpointID": "07259e773e27899fa8f345a3b2a663d9a40a94a576528e9f99ea21e804277e9c",
                    "Gateway": "172.28.2.1",
                    "IPAddress": "172.28.2.3",
                    "IPPrefixLen": 26,
                    "IPv6Gateway": "fd03:1136:3800::201",
                    "GlobalIPv6Address": "fd03:1136:3800::203",
                    "GlobalIPv6PrefixLen": 122,
                    "DNSNames": [
                        "cloudlazycatapponemcp-onemcp-1",
                        "onemcp",
                        "42ac4c47098c"
                    ]
                }
            }
        }
    }
]
