[
    {
        "Id": "4ea2fc16b064a65a20305e8e05cd947cb0abdfb3831cbd829f2cfe598a53c747",
        "Created": "2025-11-16T04:59:00.347083575Z",
        "Path": "/lzcinit/cloud.lazycat.aipod.rag",
        "Args": [
            "-listen",
            ":80",
            "-grpc_listen",
            ":81"
        ],
        "State": {
            "Status": "running",
            "Running": true,
            "Paused": false,
            "Restarting": false,
            "OOMKilled": false,
            "Dead": false,
            "Pid": 3415065,
            "ExitCode": 0,
            "Error": "",
            "StartedAt": "2025-11-16T04:59:07.438958121Z",
            "FinishedAt": "0001-01-01T00:00:00Z",
            "Health": {
                "Status": "healthy",
                "FailingStreak": 0,
                "Log": [
                    {
                        "Start": "2025-11-16T20:43:33.51284977+08:00",
                        "End": "2025-11-16T20:43:33.567274524+08:00",
                        "ExitCode": 0,
                        "Output": ""
                    },
                    {
                        "Start": "2025-11-16T20:44:03.568107472+08:00",
                        "End": "2025-11-16T20:44:03.62369004+08:00",
                        "ExitCode": 0,
                        "Output": ""
                    },
                    {
                        "Start": "2025-11-16T20:44:33.624729639+08:00",
                        "End": "2025-11-16T20:44:33.754592621+08:00",
                        "ExitCode": 0,
                        "Output": ""
                    },
                    {
                        "Start": "2025-11-16T20:45:03.755129519+08:00",
                        "End": "2025-11-16T20:45:03.882248373+08:00",
                        "ExitCode": 0,
                        "Output": ""
                    },
                    {
                        "Start": "2025-11-16T20:45:33.883862964+08:00",
                        "End": "2025-11-16T20:45:33.960801132+08:00",
                        "ExitCode": 0,
                        "Output": ""
                    }
                ]
            }
        },
        "Image": "sha256:ba7a533c869a26d89e83bdc5ddb978df5a3502ac91452422a649d0d3cf52190b",
        "ResolvConfPath": "/lzcsys/data/system/docker/containers/4ea2fc16b064a65a20305e8e05cd947cb0abdfb3831cbd829f2cfe598a53c747/resolv.conf",
        "HostnamePath": "/lzcsys/data/system/docker/containers/4ea2fc16b064a65a20305e8e05cd947cb0abdfb3831cbd829f2cfe598a53c747/hostname",
        "HostsPath": "/lzcsys/data/system/docker/containers/4ea2fc16b064a65a20305e8e05cd947cb0abdfb3831cbd829f2cfe598a53c747/hosts",
        "LogPath": "",
        "Name": "/cloudlazycataipodrag-app-1",
        "RestartCount": 0,
        "Driver": "overlay2",
        "Platform": "linux",
        "MountLabel": "",
        "ProcessLabel": "",
        "AppArmorProfile": "",
        "ExecIDs": null,
        "HostConfig": {
            "Binds": [
                "/lzcsys/data/system/pkgm/run/cloud.lazycat.aipod.rag/pkg/manifest.yml:/lzcapp/run/manifest.yml:rw",
                "/etc/localtime:/etc/localtime:rw",
                "/lzcsys/run/app/cloud.lazycat.aipod.rag:/lzcapp/run:rw",
                "/run/lzc-sys:/lzcapp/run/sys:rw",
                "/usr/share/zoneinfo:/usr/share/zoneinfo:ro",
                "/lzcsys/data/appvar/cloud.lazycat.aipod.rag:/lzcapp/var:rw"
            ],
            "ContainerIDFile": "",
            "LogConfig": {
                "Type": "lzc-logging-driver",
                "Config": {
                    "max-backups": "5",
                    "max-size": "20m"
                }
            },
            "NetworkMode": "cloudlazycataipodrag_default",
            "PortBindings": {},
            "RestartPolicy": {
                "Name": "no",
                "MaximumRetryCount": 0
            },
            "AutoRemove": false,
            "VolumeDriver": "",
            "VolumesFrom": null,
            "ConsoleSize": [
                0,
                0
            ],
            "CapAdd": [
                "SYS_ADMIN"
            ],
            "CapDrop": null,
            "CgroupnsMode": "private",
            "Dns": [
                "172.18.0.1"
            ],
            "DnsOptions": null,
            "DnsSearch": null,
            "ExtraHosts": [],
            "GroupAdd": null,
            "IpcMode": "private",
            "Cgroup": "",
            "Links": null,
            "OomScoreAdj": 500,
            "PidMode": "",
            "Privileged": false,
            "PublishAllPorts": false,
            "ReadonlyRootfs": false,
            "SecurityOpt": null,
            "UTSMode": "",
            "UsernsMode": "",
            "ShmSize": 67108864,
            "Runtime": "runc",
            "Isolation": "",
            "CpuShares": 0,
            "Memory": 0,
            "NanoCpus": 0,
            "CgroupParent": "lzcapp-cloud.lazycat.aipod.rag.slice",
            "BlkioWeight": 0,
            "BlkioWeightDevice": null,
            "BlkioDeviceReadBps": null,
            "BlkioDeviceWriteBps": null,
            "BlkioDeviceReadIOps": null,
            "BlkioDeviceWriteIOps": null,
            "CpuPeriod": 0,
            "CpuQuota": 0,
            "CpuRealtimePeriod": 0,
            "CpuRealtimeRuntime": 0,
            "CpusetCpus": "",
            "CpusetMems": "",
            "Devices": [
                {
                    "PathOnHost": "/dev/fuse",
                    "PathInContainer": "/dev/fuse",
                    "CgroupPermissions": "rwm"
                },
                {
                    "PathOnHost": "/dev/dri",
                    "PathInContainer": "/dev/dri",
                    "CgroupPermissions": "rwm"
                }
            ],
            "DeviceCgroupRules": null,
            "DeviceRequests": null,
            "MemoryReservation": 0,
            "MemorySwap": 0,
            "MemorySwappiness": null,
            "OomKillDisable": null,
            "PidsLimit": null,
            "Ulimits": null,
            "CpuCount": 0,
            "CpuPercent": 0,
            "IOMaximumIOps": 0,
            "IOMaximumBandwidth": 0,
            "Mounts": [
                {
                    "Type": "bind",
                    "Source": "/lzcsys/run/media",
                    "Target": "/lzcapp/media",
                    "BindOptions": {
                        "Propagation": "shared",
                        "CreateMountpoint": true
                    }
                },
                {
                    "Type": "bind",
                    "Source": "/lzcsys/data/system/pkgm/apps/cloud.lazycat.aipod.rag/pkg",
                    "Target": "/lzcapp/pkg",
                    "ReadOnly": true,
                    "BindOptions": {}
                },
                {
                    "Type": "bind",
                    "Source": "/lzcsys/data/document/",
                    "Target": "/lzcapp/run/mnt/home",
                    "BindOptions": {
                        "Propagation": "slave",
                        "CreateMountpoint": true
                    }
                },
                {
                    "Type": "bind",
                    "Source": "/lzcsys/sspks/lzc-runtime/lzcinit",
                    "Target": "/lzcinit/cloud.lazycat.aipod.rag",
                    "BindOptions": {}
                },
                {
                    "Type": "bind",
                    "Source": "/lzcsys/data/appcache/cloud.lazycat.aipod.rag",
                    "Target": "/lzcapp/cache",
                    "BindOptions": {
                        "Propagation": "shared"
                    }
                },
                {
                    "Type": "bind",
                    "Source": "/etc/ssl/certs/ca-certificates.crt",
                    "Target": "/etc/ssl/certs/ca-certificates.crt",
                    "ReadOnly": true,
                    "BindOptions": {}
                },
                {
                    "Type": "bind",
                    "Source": "/lzcsys/data/document/",
                    "Target": "/lzcapp/document",
                    "BindOptions": {
                        "Propagation": "slave",
                        "CreateMountpoint": true
                    }
                },
                {
                    "Type": "bind",
                    "Source": "/lzcsys/run/media",
                    "Target": "/lzcapp/run/mnt/media",
                    "BindOptions": {
                        "Propagation": "shared",
                        "CreateMountpoint": true
                    }
                }
            ],
            "MaskedPaths": [
                "/proc/asound",
                "/proc/acpi",
                "/proc/kcore",
                "/proc/keys",
                "/proc/latency_stats",
                "/proc/timer_list",
                "/proc/timer_stats",
                "/proc/sched_debug",
                "/proc/scsi",
                "/sys/firmware",
                "/sys/devices/virtual/powercap"
            ],
            "ReadonlyPaths": [
                "/proc/bus",
                "/proc/fs",
                "/proc/irq",
                "/proc/sys",
                "/proc/sysrq-trigger"
            ]
        },
        "GraphDriver": {
            "Data": {
                "LowerDir": "/lzcsys/data/system/docker/overlay2/cb244401dd8ac42618c4e1f914633beda627242bb9a8620ba27db528e4d114ee-init/diff:/lzcsys/data/system/docker/overlay2/d316be3a5cdcca1f668738a2ac8b2542f0bd34de02e7c89cf9de224612dbb260/diff:/lzcsys/data/system/docker/overlay2/0ce49772722a9829cc56a156e1e55332fd611bc125be3cd6f733669f1cea594d/diff:/lzcsys/data/system/docker/overlay2/27bcb349dbbf2cd1767ad18e53f4ada4ad4c84832f51828f6e4d6da6237d940a/diff",
                "MergedDir": "/lzcsys/data/system/docker/overlay2/cb244401dd8ac42618c4e1f914633beda627242bb9a8620ba27db528e4d114ee/merged",
                "UpperDir": "/lzcsys/data/system/docker/overlay2/cb244401dd8ac42618c4e1f914633beda627242bb9a8620ba27db528e4d114ee/diff",
                "WorkDir": "/lzcsys/data/system/docker/overlay2/cb244401dd8ac42618c4e1f914633beda627242bb9a8620ba27db528e4d114ee/work"
            },
            "Name": "overlay2"
        },
        "Mounts": [
            {
                "Type": "bind",
                "Source": "/etc/localtime",
                "Destination": "/etc/localtime",
                "Mode": "rw",
                "RW": true,
                "Propagation": "rprivate"
            },
            {
                "Type": "bind",
                "Source": "/lzcsys/run/app/cloud.lazycat.aipod.rag",
                "Destination": "/lzcapp/run",
                "Mode": "rw",
                "RW": true,
                "Propagation": "rprivate"
            },
            {
                "Type": "bind",
                "Source": "/run/lzc-sys",
                "Destination": "/lzcapp/run/sys",
                "Mode": "rw",
                "RW": true,
                "Propagation": "rprivate"
            },
            {
                "Type": "bind",
                "Source": "/lzcsys/run/media",
                "Destination": "/lzcapp/media",
                "Mode": "",
                "RW": true,
                "Propagation": "shared"
            },
            {
                "Type": "bind",
                "Source": "/lzcsys/sspks/lzc-runtime/lzcinit",
                "Destination": "/lzcinit/cloud.lazycat.aipod.rag",
                "Mode": "",
                "RW": true,
                "Propagation": "rprivate"
            },
            {
                "Type": "bind",
                "Source": "/lzcsys/data/appcache/cloud.lazycat.aipod.rag",
                "Destination": "/lzcapp/cache",
                "Mode": "",
                "RW": true,
                "Propagation": "shared"
            },
            {
                "Type": "bind",
                "Source": "/etc/ssl/certs/ca-certificates.crt",
                "Destination": "/etc/ssl/certs/ca-certificates.crt",
                "Mode": "",
                "RW": false,
                "Propagation": "rprivate"
            },
            {
                "Type": "bind",
                "Source": "/lzcsys/data/system/pkgm/run/cloud.lazycat.aipod.rag/pkg/manifest.yml",
                "Destination": "/lzcapp/run/manifest.yml",
                "Mode": "rw",
                "RW": true,
                "Propagation": "rprivate"
            },
            {
                "Type": "bind",
                "Source": "/lzcsys/data/document",
                "Destination": "/lzcapp/run/mnt/home",
                "Mode": "",
                "RW": true,
                "Propagation": "slave"
            },
            {
                "Type": "bind",
                "Source": "/lzcsys/data/document",
                "Destination": "/lzcapp/document",
                "Mode": "",
                "RW": true,
                "Propagation": "slave"
            },
            {
                "Type": "bind",
                "Source": "/usr/share/zoneinfo",
                "Destination": "/usr/share/zoneinfo",
                "Mode": "ro",
                "RW": false,
                "Propagation": "rprivate"
            },
            {
                "Type": "bind",
                "Source": "/lzcsys/data/appvar/cloud.lazycat.aipod.rag",
                "Destination": "/lzcapp/var",
                "Mode": "rw",
                "RW": true,
                "Propagation": "rprivate"
            },
            {
                "Type": "bind",
                "Source": "/lzcsys/data/system/pkgm/apps/cloud.lazycat.aipod.rag/pkg",
                "Destination": "/lzcapp/pkg",
                "Mode": "",
                "RW": false,
                "Propagation": "rprivate"
            },
            {
                "Type": "bind",
                "Source": "/lzcsys/run/media",
                "Destination": "/lzcapp/run/mnt/media",
                "Mode": "",
                "RW": true,
                "Propagation": "shared"
            }
        ],
        "Config": {
            "Hostname": "4ea2fc16b064",
            "Domainname": "",
            "User": "",
            "AttachStdin": false,
            "AttachStdout": true,
            "AttachStderr": true,
            "Tty": false,
            "OpenStdin": false,
            "StdinOnce": false,
            "Env": [
                "LAZYCAT_BOX_NAME=axy",
                "LAZYCAT_USER_ID=",
                "LZCAPP_API_GATEWAY_ADDRESS=app.cloud.lazycat.aipod.rag.lzcapp:81",
                "LAZYCAT_APP_DEPLOY_UID=",
                "LAZYCAT_APP_DOMAIN=rag.axy.heiyu.space",
                "LAZYCAT_APP_ID=cloud.lazycat.aipod.rag",
                "LAZYCAT_APP_SERVICE_NAME=app",
                "LAZYCAT_BOX_DOMAIN=axy.heiyu.space",
                "PATH=/usr/local/sbin:/usr/local/bin:/usr/sbin:/usr/bin:/sbin:/bin"
            ],
            "Cmd": [
                "/lzcinit/cloud.lazycat.aipod.rag",
                "-listen",
                ":80",
                "-grpc_listen",
                ":81"
            ],
            "Healthcheck": {
                "Test": [
                    "CMD",
                    "/lzcinit/cloud.lazycat.aipod.rag",
                    "-healthcheck"
                ],
                "StartPeriod": 300000000000,
                "StartInterval": 1000000000
            },
            "Image": "registry.lazycat.cloud/lzc/lzcapp:3.20.3",
            "Volumes": null,
            "WorkingDir": "/",
            "Entrypoint": null,
            "OnBuild": null,
            "Labels": {
                "com.docker.compose.config-hash": "560a13e565cffd8654328265603732b10113b25deedc27c2196e0a6555bb64a9",
                "com.docker.compose.container-number": "1",
                "com.docker.compose.depends_on": "",
                "com.docker.compose.image": "sha256:ba7a533c869a26d89e83bdc5ddb978df5a3502ac91452422a649d0d3cf52190b",
                "com.docker.compose.oneoff": "False",
                "com.docker.compose.project": "cloudlazycataipodrag",
                "com.docker.compose.project.config_files": "/lzcsys/data/system/pkgm/run/cloud.lazycat.aipod.rag/docker-compose.yml",
                "com.docker.compose.project.working_dir": "/lzcsys/data/system/pkgm/run/cloud.lazycat.aipod.rag",
                "com.docker.compose.service": "app",
                "com.docker.compose.version": "2.32.4",
                "lzcapp.app-id": "cloud.lazycat.aipod.rag",
                "lzcapp.user-id": ""
            }
        },
        "NetworkSettings": {
            "Bridge": "",
            "SandboxID": "c50236be9b104f1494886d4a268bb525ef2f3f1e1e3053718dc04ee6bb97eada",
            "SandboxKey": "/lzcsys/run/lzc-docker/docker/netns/c50236be9b10",
            "Ports": {},
            "HairpinMode": false,
            "LinkLocalIPv6Address": "",
            "LinkLocalIPv6PrefixLen": 0,
            "SecondaryIPAddresses": null,
            "SecondaryIPv6Addresses": null,
            "EndpointID": "",
            "Gateway": "",
            "GlobalIPv6Address": "",
            "GlobalIPv6PrefixLen": 0,
            "IPAddress": "",
            "IPPrefixLen": 0,
            "IPv6Gateway": "",
            "MacAddress": "",
            "Networks": {
                "cloudlazycataipodrag_default": {
                    "IPAMConfig": null,
                    "Links": null,
                    "Aliases": [
                        "cloudlazycataipodrag-app-1",
                        "app"
                    ],
                    "MacAddress": "02:42:ac:1c:04:44",
                    "DriverOpts": null,
                    "NetworkID": "89e6ebcad0a5e2c0c75bc52ed8a8e85faf3c32ca872dad2cfe57c2ee34ed09f0",
                    "EndpointID": "95efeee51cdb3ded40d48947fbd1c854c2bc70c52cbf760c7273c76ce0d36df6",
                    "Gateway": "172.28.4.65",
                    "IPAddress": "172.28.4.68",
                    "IPPrefixLen": 26,
                    "IPv6Gateway": "fd03:1136:3800::441",
                    "GlobalIPv6Address": "fd03:1136:3800::444",
                    "GlobalIPv6PrefixLen": 122,
                    "DNSNames": [
                        "cloudlazycataipodrag-app-1",
                        "app",
                        "4ea2fc16b064"
                    ]
                }
            }
        }
    }
]
