[
    {
        "Id": "c22ddfb6a5368dcf0e1a081c8e894c0c186e13037d938ec9fd43e78327a81718",
        "Created": "2025-11-14T15:45:37.544874102Z",
        "Path": "/app/mtrans",
        "Args": [],
        "State": {
            "Status": "running",
            "Running": true,
            "Paused": false,
            "Restarting": false,
            "OOMKilled": false,
            "Dead": false,
            "Pid": 11970,
            "ExitCode": 0,
            "Error": "",
            "StartedAt": "2025-11-14T15:46:13.903913892Z",
            "FinishedAt": "0001-01-01T00:00:00Z"
        },
        "Image": "sha256:2b9b41bd7ec2e82e38bd87d878be11a035b4680a60800d7eb453cc1764c8d6e6",
        "ResolvConfPath": "/lzcsys/data/system/docker/containers/c22ddfb6a5368dcf0e1a081c8e894c0c186e13037d938ec9fd43e78327a81718/resolv.conf",
        "HostnamePath": "/lzcsys/data/system/docker/containers/c22ddfb6a5368dcf0e1a081c8e894c0c186e13037d938ec9fd43e78327a81718/hostname",
        "HostsPath": "/lzcsys/data/system/docker/containers/c22ddfb6a5368dcf0e1a081c8e894c0c186e13037d938ec9fd43e78327a81718/hosts",
        "LogPath": "",
        "Name": "/cloudlazycatappai-mtrans-1",
        "RestartCount": 0,
        "Driver": "overlay2",
        "Platform": "linux",
        "MountLabel": "",
        "ProcessLabel": "",
        "AppArmorProfile": "",
        "ExecIDs": null,
        "HostConfig": {
            "Binds": [
                "/lzcsys/data/appvar/cloud.lazycat.app.ai:/lzcapp/var:rw",
                "/usr/share/zoneinfo:/usr/share/zoneinfo:ro",
                "/etc/localtime:/etc/localtime:rw",
                "/lzcsys/run/app/cloud.lazycat.app.ai:/lzcapp/run:rw",
                "/run/lzc-sys:/lzcapp/run/sys:rw",
                "/lzcsys/data/system/pkgm/run/cloud.lazycat.app.ai/pkg/manifest.yml:/lzcapp/run/manifest.yml:rw"
            ],
            "ContainerIDFile": "",
            "LogConfig": {
                "Type": "lzc-logging-driver",
                "Config": {
                    "max-backups": "5",
                    "max-size": "20m"
                }
            },
            "NetworkMode": "cloudlazycatappai_default",
            "PortBindings": {},
            "RestartPolicy": {
                "Name": "no",
                "MaximumRetryCount": 0
            },
            "AutoRemove": false,
            "VolumeDriver": "",
            "VolumesFrom": null,
            "ConsoleSize": [
                0,
                0
            ],
            "CapAdd": null,
            "CapDrop": null,
            "CgroupnsMode": "private",
            "Dns": [
                "172.18.0.1"
            ],
            "DnsOptions": null,
            "DnsSearch": null,
            "ExtraHosts": [],
            "GroupAdd": null,
            "IpcMode": "private",
            "Cgroup": "",
            "Links": null,
            "OomScoreAdj": 500,
            "PidMode": "",
            "Privileged": false,
            "PublishAllPorts": false,
            "ReadonlyRootfs": false,
            "SecurityOpt": null,
            "UTSMode": "",
            "UsernsMode": "",
            "ShmSize": 67108864,
            "Runtime": "runc",
            "Isolation": "",
            "CpuShares": 0,
            "Memory": 0,
            "NanoCpus": 0,
            "CgroupParent": "lzcapp-cloud.lazycat.app.ai.slice",
            "BlkioWeight": 0,
            "BlkioWeightDevice": null,
            "BlkioDeviceReadBps": null,
            "BlkioDeviceWriteBps": null,
            "BlkioDeviceReadIOps": null,
            "BlkioDeviceWriteIOps": null,
            "CpuPeriod": 0,
            "CpuQuota": 0,
            "CpuRealtimePeriod": 0,
            "CpuRealtimeRuntime": 0,
            "CpusetCpus": "",
            "CpusetMems": "",
            "Devices": [
                {
                    "PathOnHost": "/dev/fuse",
                    "PathInContainer": "/dev/fuse",
                    "CgroupPermissions": "rwm"
                }
            ],
            "DeviceCgroupRules": null,
            "DeviceRequests": null,
            "MemoryReservation": 0,
            "MemorySwap": 0,
            "MemorySwappiness": null,
            "OomKillDisable": null,
            "PidsLimit": null,
            "Ulimits": null,
            "CpuCount": 0,
            "CpuPercent": 0,
            "IOMaximumIOps": 0,
            "IOMaximumBandwidth": 0,
            "Mounts": [
                {
                    "Type": "bind",
                    "Source": "/lzcsys/sspks/lzc-runtime/lzcinit",
                    "Target": "/lzcinit/cloud.lazycat.app.ai",
                    "BindOptions": {}
                },
                {
                    "Type": "bind",
                    "Source": "/etc/ssl/certs/ca-certificates.crt",
                    "Target": "/etc/ssl/certs/ca-certificates.crt",
                    "ReadOnly": true,
                    "BindOptions": {}
                },
                {
                    "Type": "bind",
                    "Source": "/lzcsys/data/document/",
                    "Target": "/lzcapp/run/mnt/home",
                    "BindOptions": {
                        "Propagation": "slave",
                        "CreateMountpoint": true
                    }
                },
                {
                    "Type": "bind",
                    "Source": "/lzcsys/data/system/pkgm/apps/cloud.lazycat.app.ai/pkg",
                    "Target": "/lzcapp/pkg",
                    "ReadOnly": true,
                    "BindOptions": {}
                },
                {
                    "Type": "bind",
                    "Source": "/lzcsys/data/appcache/cloud.lazycat.app.ai",
                    "Target": "/lzcapp/cache",
                    "BindOptions": {
                        "Propagation": "shared"
                    }
                },
                {
                    "Type": "bind",
                    "Source": "/lzcsys/data/document/",
                    "Target": "/lzcapp/document",
                    "BindOptions": {
                        "Propagation": "slave",
                        "CreateMountpoint": true
                    }
                }
            ],
            "MaskedPaths": [
                "/proc/asound",
                "/proc/acpi",
                "/proc/kcore",
                "/proc/keys",
                "/proc/latency_stats",
                "/proc/timer_list",
                "/proc/timer_stats",
                "/proc/sched_debug",
                "/proc/scsi",
                "/sys/firmware",
                "/sys/devices/virtual/powercap"
            ],
            "ReadonlyPaths": [
                "/proc/bus",
                "/proc/fs",
                "/proc/irq",
                "/proc/sys",
                "/proc/sysrq-trigger"
            ],
            "Init": false
        },
        "GraphDriver": {
            "Data": {
                "LowerDir": "/lzcsys/data/system/docker/overlay2/c499a7a590747877ccb408bbc4fe19845dc260ca0c8570f0ccae080b3a89dbc3-init/diff:/lzcsys/data/system/docker/overlay2/dfa1c0594ecca4e9e4832e8b49eea9f5f3c7423fe6032b1fc212c11c3851343a/diff:/lzcsys/data/system/docker/overlay2/7226a09a8f1038fbac3fd136ed1e78daa0d48c32a3d78bbbd04e8158a8b04e70/diff:/lzcsys/data/system/docker/overlay2/22e721b79f841b0b6f2b3d231d91024255858a27fc03e83836d39904bbec3333/diff:/lzcsys/data/system/docker/overlay2/ea0ff86eb8546eeda281c8d587d70a2a5cc4e2ac5dc0d8fbc4e7324a9127435a/diff:/lzcsys/data/system/docker/overlay2/dfc924f59ea482e34ad09d0625a92fda695458f3cf3e7927cd17aac20c635fe4/diff",
                "MergedDir": "/lzcsys/data/system/docker/overlay2/c499a7a590747877ccb408bbc4fe19845dc260ca0c8570f0ccae080b3a89dbc3/merged",
                "UpperDir": "/lzcsys/data/system/docker/overlay2/c499a7a590747877ccb408bbc4fe19845dc260ca0c8570f0ccae080b3a89dbc3/diff",
                "WorkDir": "/lzcsys/data/system/docker/overlay2/c499a7a590747877ccb408bbc4fe19845dc260ca0c8570f0ccae080b3a89dbc3/work"
            },
            "Name": "overlay2"
        },
        "Mounts": [
            {
                "Type": "bind",
                "Source": "/lzcsys/data/appvar/cloud.lazycat.app.ai",
                "Destination": "/lzcapp/var",
                "Mode": "rw",
                "RW": true,
                "Propagation": "rprivate"
            },
            {
                "Type": "bind",
                "Source": "/etc/localtime",
                "Destination": "/etc/localtime",
                "Mode": "rw",
                "RW": true,
                "Propagation": "rprivate"
            },
            {
                "Type": "bind",
                "Source": "/etc/ssl/certs/ca-certificates.crt",
                "Destination": "/etc/ssl/certs/ca-certificates.crt",
                "Mode": "",
                "RW": false,
                "Propagation": "rprivate"
            },
            {
                "Type": "bind",
                "Source": "/lzcsys/data/document",
                "Destination": "/lzcapp/run/mnt/home",
                "Mode": "",
                "RW": true,
                "Propagation": "slave"
            },
            {
                "Type": "bind",
                "Source": "/lzcsys/data/system/pkgm/apps/cloud.lazycat.app.ai/pkg",
                "Destination": "/lzcapp/pkg",
                "Mode": "",
                "RW": false,
                "Propagation": "rprivate"
            },
            {
                "Type": "bind",
                "Source": "/lzcsys/data/document",
                "Destination": "/lzcapp/document",
                "Mode": "",
                "RW": true,
                "Propagation": "slave"
            },
            {
                "Type": "bind",
                "Source": "/usr/share/zoneinfo",
                "Destination": "/usr/share/zoneinfo",
                "Mode": "ro",
                "RW": false,
                "Propagation": "rprivate"
            },
            {
                "Type": "bind",
                "Source": "/lzcsys/run/app/cloud.lazycat.app.ai",
                "Destination": "/lzcapp/run",
                "Mode": "rw",
                "RW": true,
                "Propagation": "rprivate"
            },
            {
                "Type": "bind",
                "Source": "/run/lzc-sys",
                "Destination": "/lzcapp/run/sys",
                "Mode": "rw",
                "RW": true,
                "Propagation": "rprivate"
            },
            {
                "Type": "bind",
                "Source": "/lzcsys/data/system/pkgm/run/cloud.lazycat.app.ai/pkg/manifest.yml",
                "Destination": "/lzcapp/run/manifest.yml",
                "Mode": "rw",
                "RW": true,
                "Propagation": "rprivate"
            },
            {
                "Type": "bind",
                "Source": "/lzcsys/sspks/lzc-runtime/lzcinit",
                "Destination": "/lzcinit/cloud.lazycat.app.ai",
                "Mode": "",
                "RW": true,
                "Propagation": "rprivate"
            },
            {
                "Type": "bind",
                "Source": "/lzcsys/data/appcache/cloud.lazycat.app.ai",
                "Destination": "/lzcapp/cache",
                "Mode": "",
                "RW": true,
                "Propagation": "shared"
            }
        ],
        "Config": {
            "Hostname": "c22ddfb6a536",
            "Domainname": "",
            "User": "",
            "AttachStdin": false,
            "AttachStdout": true,
            "AttachStderr": true,
            "Tty": false,
            "OpenStdin": false,
            "StdinOnce": false,
            "Env": [
                "LAZYCAT_BOX_NAME=axy",
                "LAZYCAT_USER_ID=",
                "LZCAPP_API_GATEWAY_ADDRESS=app.cloud.lazycat.app.ai.lzcapp:81",
                "LAZYCAT_APP_DEPLOY_UID=",
                "LAZYCAT_APP_DOMAIN=ai.axy.heiyu.space",
                "LAZYCAT_APP_ID=cloud.lazycat.app.ai",
                "LAZYCAT_APP_SERVICE_NAME=mtrans",
                "LAZYCAT_BOX_DOMAIN=axy.heiyu.space",
                "PATH=/usr/local/sbin:/usr/local/bin:/usr/sbin:/usr/bin:/sbin:/bin",
                "MODELS_DIR=/app/models",
                "NUM_WORKERS=1",
                "IP=0.0.0.0",
                "PORT=8989",
                "RUST_LOG=warn"
            ],
            "Cmd": [
                "/app/mtrans"
            ],
            "Image": "registry.lazycat.cloud/x/lzc-aipod-mtrans:3f3b3fc",
            "Volumes": null,
            "WorkingDir": "/app",
            "Entrypoint": null,
            "OnBuild": null,
            "Labels": {
                "com.docker.compose.config-hash": "c21fbefea8c2274883e0ee23a4c046741343dff465c13fcecae1250320c207ca",
                "com.docker.compose.container-number": "1",
                "com.docker.compose.depends_on": "",
                "com.docker.compose.image": "sha256:2b9b41bd7ec2e82e38bd87d878be11a035b4680a60800d7eb453cc1764c8d6e6",
                "com.docker.compose.oneoff": "False",
                "com.docker.compose.project": "cloudlazycatappai",
                "com.docker.compose.project.config_files": "/lzcsys/data/system/pkgm/run/cloud.lazycat.app.ai/docker-compose.yml,/lzcsys/data/system/pkgm/run/cloud.lazycat.app.ai/compose.override.yml",
                "com.docker.compose.project.working_dir": "/lzcsys/data/system/pkgm/run/cloud.lazycat.app.ai",
                "com.docker.compose.service": "mtrans",
                "com.docker.compose.version": "2.32.4",
                "lzcapp.app-id": "cloud.lazycat.app.ai",
                "lzcapp.user-id": ""
            }
        },
        "NetworkSettings": {
            "Bridge": "",
            "SandboxID": "50320ae79d2f375d9bfe27de430fa530212455ce8d586c8a524161807c45e555",
            "SandboxKey": "/lzcsys/run/lzc-docker/docker/netns/50320ae79d2f",
            "Ports": {},
            "HairpinMode": false,
            "LinkLocalIPv6Address": "",
            "LinkLocalIPv6PrefixLen": 0,
            "SecondaryIPAddresses": null,
            "SecondaryIPv6Addresses": null,
            "EndpointID": "",
            "Gateway": "",
            "GlobalIPv6Address": "",
            "GlobalIPv6PrefixLen": 0,
            "IPAddress": "",
            "IPPrefixLen": 0,
            "IPv6Gateway": "",
            "MacAddress": "",
            "Networks": {
                "cloudlazycatappai_default": {
                    "IPAMConfig": null,
                    "Links": null,
                    "Aliases": [
                        "cloudlazycatappai-mtrans-1",
                        "mtrans"
                    ],
                    "MacAddress": "02:42:ac:1c:00:c3",
                    "DriverOpts": null,
                    "NetworkID": "5bbcae0c6078732adb14c824dc7bccaed257ee2dca05a6e328554e2227693914",
                    "EndpointID": "6526e79967533240ff2876883e6d191aa7ac4da124155d184b38f7e14d90370a",
                    "Gateway": "172.28.0.193",
                    "IPAddress": "172.28.0.195",
                    "IPPrefixLen": 26,
                    "IPv6Gateway": "fd03:1136:3800::c1",
                    "GlobalIPv6Address": "fd03:1136:3800::c3",
                    "GlobalIPv6PrefixLen": 122,
                    "DNSNames": [
                        "cloudlazycatappai-mtrans-1",
                        "mtrans",
                        "c22ddfb6a536"
                    ]
                }
            }
        }
    }
]
