[
    {
        "Id": "06547fa1b0ca770176c77b60254c4655dcd84fdec48da88b2a0c79540b3bbe17",
        "Created": "2025-11-16T09:14:17.279162081Z",
        "Path": "/entrypoint.sh",
        "Args": [
            "/etc/docker/registry/config.yml"
        ],
        "State": {
            "Status": "running",
            "Running": true,
            "Paused": false,
            "Restarting": false,
            "OOMKilled": false,
            "Dead": false,
            "Pid": 2316480,
            "ExitCode": 0,
            "Error": "",
            "StartedAt": "2025-11-16T09:14:23.284105151Z",
            "FinishedAt": "0001-01-01T00:00:00Z"
        },
        "Image": "sha256:d6b2c32a0f145ce7a5fb6040ac1328471af5a781f48b0b94e3039b29e8a07c4b",
        "ResolvConfPath": "/lzcsys/data/system/docker/containers/06547fa1b0ca770176c77b60254c4655dcd84fdec48da88b2a0c79540b3bbe17/resolv.conf",
        "HostnamePath": "/lzcsys/data/system/docker/containers/06547fa1b0ca770176c77b60254c4655dcd84fdec48da88b2a0c79540b3bbe17/hostname",
        "HostsPath": "/lzcsys/data/system/docker/containers/06547fa1b0ca770176c77b60254c4655dcd84fdec48da88b2a0c79540b3bbe17/hosts",
        "LogPath": "",
        "Name": "/cloudlazycatdevelopertools-registry-1",
        "RestartCount": 0,
        "Driver": "overlay2",
        "Platform": "linux",
        "MountLabel": "",
        "ProcessLabel": "",
        "AppArmorProfile": "",
        "ExecIDs": null,
        "HostConfig": {
            "Binds": [
                "/lzcsys/run/app/cloud.lazycat.developer.tools:/lzcapp/run:rw",
                "/usr/share/zoneinfo:/usr/share/zoneinfo:ro",
                "/lzcsys/data/appvar/cloud.lazycat.developer.tools/registry:/var/lib/registry:rw",
                "/lzcsys/data/appvar/cloud.lazycat.developer.tools:/lzcapp/var:rw",
                "/run/lzc-sys:/lzcapp/run/sys:rw",
                "/lzcsys/data/system/pkgm/run/cloud.lazycat.developer.tools/pkg/manifest.yml:/lzcapp/run/manifest.yml:rw",
                "/etc/localtime:/etc/localtime:rw"
            ],
            "ContainerIDFile": "",
            "LogConfig": {
                "Type": "lzc-logging-driver",
                "Config": {
                    "max-backups": "5",
                    "max-size": "20m"
                }
            },
            "NetworkMode": "cloudlazycatdevelopertools_default",
            "PortBindings": {},
            "RestartPolicy": {
                "Name": "no",
                "MaximumRetryCount": 0
            },
            "AutoRemove": false,
            "VolumeDriver": "",
            "VolumesFrom": null,
            "ConsoleSize": [
                0,
                0
            ],
            "CapAdd": [
                "SYS_ADMIN"
            ],
            "CapDrop": null,
            "CgroupnsMode": "private",
            "Dns": [
                "172.18.0.1"
            ],
            "DnsOptions": null,
            "DnsSearch": null,
            "ExtraHosts": [],
            "GroupAdd": null,
            "IpcMode": "private",
            "Cgroup": "",
            "Links": null,
            "OomScoreAdj": 500,
            "PidMode": "",
            "Privileged": false,
            "PublishAllPorts": false,
            "ReadonlyRootfs": false,
            "SecurityOpt": null,
            "UTSMode": "",
            "UsernsMode": "",
            "ShmSize": 67108864,
            "Runtime": "runc",
            "Isolation": "",
            "CpuShares": 0,
            "Memory": 0,
            "NanoCpus": 0,
            "CgroupParent": "lzcapp-cloud.lazycat.developer.tools.slice",
            "BlkioWeight": 0,
            "BlkioWeightDevice": null,
            "BlkioDeviceReadBps": null,
            "BlkioDeviceWriteBps": null,
            "BlkioDeviceReadIOps": null,
            "BlkioDeviceWriteIOps": null,
            "CpuPeriod": 0,
            "CpuQuota": 0,
            "CpuRealtimePeriod": 0,
            "CpuRealtimeRuntime": 0,
            "CpusetCpus": "",
            "CpusetMems": "",
            "Devices": [
                {
                    "PathOnHost": "/dev/fuse",
                    "PathInContainer": "/dev/fuse",
                    "CgroupPermissions": "rwm"
                }
            ],
            "DeviceCgroupRules": null,
            "DeviceRequests": null,
            "MemoryReservation": 0,
            "MemorySwap": 0,
            "MemorySwappiness": null,
            "OomKillDisable": null,
            "PidsLimit": null,
            "Ulimits": null,
            "CpuCount": 0,
            "CpuPercent": 0,
            "IOMaximumIOps": 0,
            "IOMaximumBandwidth": 0,
            "Mounts": [
                {
                    "Type": "bind",
                    "Source": "/lzcsys/sspks/lzc-runtime/lzcinit",
                    "Target": "/lzcinit/cloud.lazycat.developer.tools",
                    "BindOptions": {}
                },
                {
                    "Type": "bind",
                    "Source": "/lzcsys/data/document/",
                    "Target": "/lzcapp/run/mnt/home",
                    "BindOptions": {
                        "Propagation": "slave",
                        "CreateMountpoint": true
                    }
                },
                {
                    "Type": "bind",
                    "Source": "/lzcsys/data/document/",
                    "Target": "/lzcapp/document",
                    "BindOptions": {
                        "Propagation": "slave",
                        "CreateMountpoint": true
                    }
                },
                {
                    "Type": "bind",
                    "Source": "/lzcsys/run/lzc-docker",
                    "Target": "/lzcapp/run/lzc-docker",
                    "BindOptions": {
                        "Propagation": "slave",
                        "CreateMountpoint": true
                    }
                },
                {
                    "Type": "bind",
                    "Source": "/lzcsys/data/appcache/",
                    "Target": "/lzcapp/run/data/app/cache",
                    "BindOptions": {
                        "Propagation": "slave",
                        "CreateMountpoint": true
                    }
                },
                {
                    "Type": "bind",
                    "Source": "/etc/ssl/certs/ca-certificates.crt",
                    "Target": "/etc/ssl/certs/ca-certificates.crt",
                    "ReadOnly": true,
                    "BindOptions": {}
                },
                {
                    "Type": "bind",
                    "Source": "/lzcsys/data/system/pkgm/apps/",
                    "Target": "/lzcapp/run/lzc-docker/compose",
                    "BindOptions": {
                        "Propagation": "slave",
                        "CreateMountpoint": true
                    }
                },
                {
                    "Type": "bind",
                    "Source": "/lzcsys/data/appvar/",
                    "Target": "/lzcapp/run/data/app/var",
                    "BindOptions": {
                        "Propagation": "slave",
                        "CreateMountpoint": true
                    }
                },
                {
                    "Type": "bind",
                    "Source": "/lzcsys/data/system/pkgm/apps/cloud.lazycat.developer.tools/pkg",
                    "Target": "/lzcapp/pkg",
                    "ReadOnly": true,
                    "BindOptions": {}
                },
                {
                    "Type": "bind",
                    "Source": "/lzcsys/data/appcache/cloud.lazycat.developer.tools",
                    "Target": "/lzcapp/cache",
                    "BindOptions": {
                        "Propagation": "shared"
                    }
                }
            ],
            "MaskedPaths": [
                "/proc/asound",
                "/proc/acpi",
                "/proc/kcore",
                "/proc/keys",
                "/proc/latency_stats",
                "/proc/timer_list",
                "/proc/timer_stats",
                "/proc/sched_debug",
                "/proc/scsi",
                "/sys/firmware",
                "/sys/devices/virtual/powercap"
            ],
            "ReadonlyPaths": [
                "/proc/bus",
                "/proc/fs",
                "/proc/irq",
                "/proc/sys",
                "/proc/sysrq-trigger"
            ],
            "Init": false
        },
        "GraphDriver": {
            "Data": {
                "LowerDir": "/lzcsys/data/system/docker/overlay2/88ff0e9205367c98debc7b5330e890fe0116fdcfd930d633ba26c5d44e69ff8e-init/diff:/lzcsys/data/system/docker/overlay2/a421dfc952b8673b032a37ee86cc82f2015c397adf4eb40a35bffe19488299fa/diff:/lzcsys/data/system/docker/overlay2/f6c8ad7e6471da46e1345e4801c291047d19ee8d794309a6ec0977558abca371/diff:/lzcsys/data/system/docker/overlay2/720de52f62606540cbd5e9746e2d83209629307dcf9d8f748a7d653a6107d6e1/diff:/lzcsys/data/system/docker/overlay2/0db4ef32178c426179068767d10300cf263e8467978ea6f79b42f47fbab5adf3/diff:/lzcsys/data/system/docker/overlay2/bc6005a2459a816e1059254b81526ff257747d3bfd582b3c2b85dd5c00cee91e/diff",
                "MergedDir": "/lzcsys/data/system/docker/overlay2/88ff0e9205367c98debc7b5330e890fe0116fdcfd930d633ba26c5d44e69ff8e/merged",
                "UpperDir": "/lzcsys/data/system/docker/overlay2/88ff0e9205367c98debc7b5330e890fe0116fdcfd930d633ba26c5d44e69ff8e/diff",
                "WorkDir": "/lzcsys/data/system/docker/overlay2/88ff0e9205367c98debc7b5330e890fe0116fdcfd930d633ba26c5d44e69ff8e/work"
            },
            "Name": "overlay2"
        },
        "Mounts": [
            {
                "Type": "bind",
                "Source": "/lzcsys/data/appvar/cloud.lazycat.developer.tools",
                "Destination": "/lzcapp/var",
                "Mode": "rw",
                "RW": true,
                "Propagation": "rprivate"
            },
            {
                "Type": "bind",
                "Source": "/lzcsys/data/system/pkgm/run/cloud.lazycat.developer.tools/pkg/manifest.yml",
                "Destination": "/lzcapp/run/manifest.yml",
                "Mode": "rw",
                "RW": true,
                "Propagation": "rprivate"
            },
            {
                "Type": "bind",
                "Source": "/etc/localtime",
                "Destination": "/etc/localtime",
                "Mode": "rw",
                "RW": true,
                "Propagation": "rprivate"
            },
            {
                "Type": "bind",
                "Source": "/lzcsys/run/lzc-docker",
                "Destination": "/lzcapp/run/lzc-docker",
                "Mode": "",
                "RW": true,
                "Propagation": "slave"
            },
            {
                "Type": "bind",
                "Source": "/lzcsys/data/appvar",
                "Destination": "/lzcapp/run/data/app/var",
                "Mode": "",
                "RW": true,
                "Propagation": "slave"
            },
            {
                "Type": "bind",
                "Source": "/lzcsys/data/system/pkgm/apps/cloud.lazycat.developer.tools/pkg",
                "Destination": "/lzcapp/pkg",
                "Mode": "",
                "RW": false,
                "Propagation": "rprivate"
            },
            {
                "Type": "bind",
                "Source": "/lzcsys/run/app/cloud.lazycat.developer.tools",
                "Destination": "/lzcapp/run",
                "Mode": "rw",
                "RW": true,
                "Propagation": "rprivate"
            },
            {
                "Type": "bind",
                "Source": "/usr/share/zoneinfo",
                "Destination": "/usr/share/zoneinfo",
                "Mode": "ro",
                "RW": false,
                "Propagation": "rprivate"
            },
            {
                "Type": "bind",
                "Source": "/run/lzc-sys",
                "Destination": "/lzcapp/run/sys",
                "Mode": "rw",
                "RW": true,
                "Propagation": "rprivate"
            },
            {
                "Type": "bind",
                "Source": "/lzcsys/data/document",
                "Destination": "/lzcapp/run/mnt/home",
                "Mode": "",
                "RW": true,
                "Propagation": "slave"
            },
            {
                "Type": "bind",
                "Source": "/lzcsys/data/document",
                "Destination": "/lzcapp/document",
                "Mode": "",
                "RW": true,
                "Propagation": "slave"
            },
            {
                "Type": "bind",
                "Source": "/lzcsys/data/appvar/cloud.lazycat.developer.tools/registry",
                "Destination": "/var/lib/registry",
                "Mode": "rw",
                "RW": true,
                "Propagation": "rprivate"
            },
            {
                "Type": "bind",
                "Source": "/lzcsys/sspks/lzc-runtime/lzcinit",
                "Destination": "/lzcinit/cloud.lazycat.developer.tools",
                "Mode": "",
                "RW": true,
                "Propagation": "rprivate"
            },
            {
                "Type": "bind",
                "Source": "/etc/ssl/certs/ca-certificates.crt",
                "Destination": "/etc/ssl/certs/ca-certificates.crt",
                "Mode": "",
                "RW": false,
                "Propagation": "rprivate"
            },
            {
                "Type": "bind",
                "Source": "/lzcsys/data/appcache/cloud.lazycat.developer.tools",
                "Destination": "/lzcapp/cache",
                "Mode": "",
                "RW": true,
                "Propagation": "shared"
            },
            {
                "Type": "bind",
                "Source": "/lzcsys/data/appcache",
                "Destination": "/lzcapp/run/data/app/cache",
                "Mode": "",
                "RW": true,
                "Propagation": "slave"
            },
            {
                "Type": "bind",
                "Source": "/lzcsys/data/system/pkgm/apps",
                "Destination": "/lzcapp/run/lzc-docker/compose",
                "Mode": "",
                "RW": true,
                "Propagation": "slave"
            }
        ],
        "Config": {
            "Hostname": "06547fa1b0ca",
            "Domainname": "",
            "User": "",
            "AttachStdin": false,
            "AttachStdout": true,
            "AttachStderr": true,
            "ExposedPorts": {
                "5000/tcp": {}
            },
            "Tty": false,
            "OpenStdin": false,
            "StdinOnce": false,
            "Env": [
                "LAZYCAT_APP_SERVICE_NAME=registry",
                "LAZYCAT_USER_ID=",
                "LAZYCAT_APP_DEPLOY_UID=",
                "LZCAPP_API_GATEWAY_ADDRESS=app.cloud.lazycat.developer.tools.lzcapp:81",
                "LAZYCAT_APP_ID=cloud.lazycat.developer.tools",
                "LAZYCAT_BOX_DOMAIN=axy.heiyu.space",
                "REGISTRY_STORAGE_DELETE_ENABLED=true",
                "LAZYCAT_BOX_NAME=axy",
                "LAZYCAT_APP_DOMAIN=dev.axy.heiyu.space",
                "PATH=/usr/local/sbin:/usr/local/bin:/usr/sbin:/usr/bin:/sbin:/bin"
            ],
            "Cmd": [
                "/etc/docker/registry/config.yml"
            ],
            "Image": "registry.lazycat.cloud/registry:2",
            "Volumes": {
                "/var/lib/registry": {}
            },
            "WorkingDir": "",
            "Entrypoint": [
                "/entrypoint.sh"
            ],
            "OnBuild": null,
            "Labels": {
                "com.docker.compose.config-hash": "bc4fed9a46412788495cb928d570b86c229b39ef11b2a7236e5b2189377d0a3e",
                "com.docker.compose.container-number": "1",
                "com.docker.compose.depends_on": "",
                "com.docker.compose.image": "sha256:d6b2c32a0f145ce7a5fb6040ac1328471af5a781f48b0b94e3039b29e8a07c4b",
                "com.docker.compose.oneoff": "False",
                "com.docker.compose.project": "cloudlazycatdevelopertools",
                "com.docker.compose.project.config_files": "/lzcsys/data/system/pkgm/run/cloud.lazycat.developer.tools/docker-compose.yml",
                "com.docker.compose.project.working_dir": "/lzcsys/data/system/pkgm/run/cloud.lazycat.developer.tools",
                "com.docker.compose.service": "registry",
                "com.docker.compose.version": "2.32.4",
                "lzcapp.app-id": "cloud.lazycat.developer.tools",
                "lzcapp.user-id": ""
            }
        },
        "NetworkSettings": {
            "Bridge": "",
            "SandboxID": "02da79be90ae2e7a14c334917543e7f07f9f49b30dacf75c510bdea9307fc194",
            "SandboxKey": "/lzcsys/run/lzc-docker/docker/netns/02da79be90ae",
            "Ports": {
                "5000/tcp": null
            },
            "HairpinMode": false,
            "LinkLocalIPv6Address": "",
            "LinkLocalIPv6PrefixLen": 0,
            "SecondaryIPAddresses": null,
            "SecondaryIPv6Addresses": null,
            "EndpointID": "",
            "Gateway": "",
            "GlobalIPv6Address": "",
            "GlobalIPv6PrefixLen": 0,
            "IPAddress": "",
            "IPPrefixLen": 0,
            "IPv6Gateway": "",
            "MacAddress": "",
            "Networks": {
                "cloudlazycatdevelopertools_default": {
                    "IPAMConfig": null,
                    "Links": null,
                    "Aliases": [
                        "cloudlazycatdevelopertools-registry-1",
                        "registry"
                    ],
                    "MacAddress": "02:42:ac:1c:02:c3",
                    "DriverOpts": null,
                    "NetworkID": "fbbc102982361e7d2dd3c5c423bbc345634b1718ace75c07aa2b5f1a78200535",
                    "EndpointID": "9bfa914724aaab313c24ae95ed47d8e7a8c068244fd3ae0d9b776d542e687992",
                    "Gateway": "172.28.2.193",
                    "IPAddress": "172.28.2.195",
                    "IPPrefixLen": 26,
                    "IPv6Gateway": "fd03:1136:3800::2c1",
                    "GlobalIPv6Address": "fd03:1136:3800::2c3",
                    "GlobalIPv6PrefixLen": 122,
                    "DNSNames": [
                        "cloudlazycatdevelopertools-registry-1",
                        "registry",
                        "06547fa1b0ca"
                    ]
                }
            }
        }
    }
]
