[
    {
        "Id": "0245f0a5895b09e063817c540fa5c5e539c037021064b37365902720973a75ab",
        "Created": "2025-11-14T15:45:20.811577092Z",
        "Path": "/sbin/tini",
        "Args": [
            "--",
            "/usr/local/bin/smbserver"
        ],
        "State": {
            "Status": "running",
            "Running": true,
            "Paused": false,
            "Restarting": false,
            "OOMKilled": false,
            "Dead": false,
            "Pid": 8894,
            "ExitCode": 0,
            "Error": "",
            "StartedAt": "2025-11-14T15:45:41.317949644Z",
            "FinishedAt": "0001-01-01T00:00:00Z"
        },
        "Image": "sha256:c120be0442feba63d75002d01d564f6061a74baa19e6e4a7cbfb6453b1648bf6",
        "ResolvConfPath": "/lzcsys/data/system/docker/containers/0245f0a5895b09e063817c540fa5c5e539c037021064b37365902720973a75ab/resolv.conf",
        "HostnamePath": "/lzcsys/data/system/docker/containers/0245f0a5895b09e063817c540fa5c5e539c037021064b37365902720973a75ab/hostname",
        "HostsPath": "/lzcsys/data/system/docker/containers/0245f0a5895b09e063817c540fa5c5e539c037021064b37365902720973a75ab/hosts",
        "LogPath": "",
        "Name": "/cloudlazycatshellfiles-smbserver-1",
        "RestartCount": 0,
        "Driver": "overlay2",
        "Platform": "linux",
        "MountLabel": "",
        "ProcessLabel": "",
        "AppArmorProfile": "",
        "ExecIDs": null,
        "HostConfig": {
            "Binds": [
                "/etc/localtime:/etc/localtime:rw",
                "/lzcsys/data/system/pkgm/run/cloud.lazycat.shell.files/pkg/manifest.yml:/lzcapp/run/manifest.yml:rw",
                "/lzcsys/data/appvar/cloud.lazycat.shell.files:/lzcapp/var:rw",
                "/lzcsys/run/app/cloud.lazycat.shell.files:/lzcapp/run:rw",
                "/run/lzc-sys:/lzcapp/run/sys:rw",
                "/usr/share/zoneinfo:/usr/share/zoneinfo:ro"
            ],
            "ContainerIDFile": "",
            "LogConfig": {
                "Type": "lzc-logging-driver",
                "Config": {
                    "max-backups": "5",
                    "max-size": "20m"
                }
            },
            "NetworkMode": "cloudlazycatshellfiles_default",
            "PortBindings": {},
            "RestartPolicy": {
                "Name": "no",
                "MaximumRetryCount": 0
            },
            "AutoRemove": false,
            "VolumeDriver": "",
            "VolumesFrom": null,
            "ConsoleSize": [
                0,
                0
            ],
            "CapAdd": [
                "SYS_ADMIN"
            ],
            "CapDrop": null,
            "CgroupnsMode": "private",
            "Dns": [
                "172.18.0.1"
            ],
            "DnsOptions": null,
            "DnsSearch": null,
            "ExtraHosts": [],
            "GroupAdd": null,
            "IpcMode": "private",
            "Cgroup": "",
            "Links": null,
            "OomScoreAdj": 500,
            "PidMode": "",
            "Privileged": false,
            "PublishAllPorts": false,
            "ReadonlyRootfs": false,
            "SecurityOpt": null,
            "UTSMode": "",
            "UsernsMode": "",
            "ShmSize": 67108864,
            "Runtime": "runc",
            "Isolation": "",
            "CpuShares": 0,
            "Memory": 0,
            "NanoCpus": 0,
            "CgroupParent": "lzcapp-cloud.lazycat.shell.files.slice",
            "BlkioWeight": 0,
            "BlkioWeightDevice": null,
            "BlkioDeviceReadBps": null,
            "BlkioDeviceWriteBps": null,
            "BlkioDeviceReadIOps": null,
            "BlkioDeviceWriteIOps": null,
            "CpuPeriod": 0,
            "CpuQuota": 0,
            "CpuRealtimePeriod": 0,
            "CpuRealtimeRuntime": 0,
            "CpusetCpus": "",
            "CpusetMems": "",
            "Devices": [
                {
                    "PathOnHost": "/dev/fuse",
                    "PathInContainer": "/dev/fuse",
                    "CgroupPermissions": "rwm"
                },
                {
                    "PathOnHost": "/dev/dri",
                    "PathInContainer": "/dev/dri",
                    "CgroupPermissions": "rwm"
                }
            ],
            "DeviceCgroupRules": null,
            "DeviceRequests": null,
            "MemoryReservation": 0,
            "MemorySwap": 0,
            "MemorySwappiness": null,
            "OomKillDisable": null,
            "PidsLimit": null,
            "Ulimits": null,
            "CpuCount": 0,
            "CpuPercent": 0,
            "IOMaximumIOps": 0,
            "IOMaximumBandwidth": 0,
            "Mounts": [
                {
                    "Type": "bind",
                    "Source": "/lzcsys/data/appcache/",
                    "Target": "/lzcapp/run/data/app/cache",
                    "BindOptions": {
                        "Propagation": "slave",
                        "CreateMountpoint": true
                    }
                },
                {
                    "Type": "bind",
                    "Source": "/lzcsys/data/document/",
                    "Target": "/lzcapp/run/mnt/home",
                    "BindOptions": {
                        "Propagation": "slave",
                        "CreateMountpoint": true
                    }
                },
                {
                    "Type": "bind",
                    "Source": "/lzcsys/run/media",
                    "Target": "/lzcapp/run/mnt/media",
                    "BindOptions": {
                        "Propagation": "shared",
                        "CreateMountpoint": true
                    }
                },
                {
                    "Type": "bind",
                    "Source": "/lzcsys/run/media",
                    "Target": "/lzcapp/media",
                    "BindOptions": {
                        "Propagation": "shared",
                        "CreateMountpoint": true
                    }
                },
                {
                    "Type": "bind",
                    "Source": "/lzcsys/sspks/lzc-runtime/lzcinit",
                    "Target": "/lzcinit/cloud.lazycat.shell.files",
                    "BindOptions": {}
                },
                {
                    "Type": "bind",
                    "Source": "/lzcsys/data/appcache/cloud.lazycat.shell.files",
                    "Target": "/lzcapp/cache",
                    "BindOptions": {
                        "Propagation": "shared"
                    }
                },
                {
                    "Type": "bind",
                    "Source": "/etc/ssl/certs/ca-certificates.crt",
                    "Target": "/etc/ssl/certs/ca-certificates.crt",
                    "ReadOnly": true,
                    "BindOptions": {}
                },
                {
                    "Type": "bind",
                    "Source": "/lzcsys/run/file_handler/globs2",
                    "Target": "/usr/share/mime/globs2",
                    "ReadOnly": true,
                    "BindOptions": {}
                },
                {
                    "Type": "bind",
                    "Source": "/lzcsys/data/document/",
                    "Target": "/lzcapp/document",
                    "BindOptions": {
                        "Propagation": "slave",
                        "CreateMountpoint": true
                    }
                },
                {
                    "Type": "bind",
                    "Source": "/lzcsys/data/appvar/",
                    "Target": "/lzcapp/run/data/app/var",
                    "BindOptions": {
                        "Propagation": "slave",
                        "CreateMountpoint": true
                    }
                },
                {
                    "Type": "bind",
                    "Source": "/lzcsys/data/system/pkgm/apps/cloud.lazycat.shell.files/pkg",
                    "Target": "/lzcapp/pkg",
                    "ReadOnly": true,
                    "BindOptions": {}
                }
            ],
            "MaskedPaths": [
                "/proc/asound",
                "/proc/acpi",
                "/proc/kcore",
                "/proc/keys",
                "/proc/latency_stats",
                "/proc/timer_list",
                "/proc/timer_stats",
                "/proc/sched_debug",
                "/proc/scsi",
                "/sys/firmware",
                "/sys/devices/virtual/powercap"
            ],
            "ReadonlyPaths": [
                "/proc/bus",
                "/proc/fs",
                "/proc/irq",
                "/proc/sys",
                "/proc/sysrq-trigger"
            ],
            "Init": false
        },
        "GraphDriver": {
            "Data": {
                "LowerDir": "/lzcsys/data/system/docker/overlay2/af129fe8727726dd7a701a71b4df7b8b201931fa5efe7232c6b0d428731a37ca-init/diff:/lzcsys/data/system/docker/overlay2/94ce6812faaae59dd96bbc9629a5d6702ed58c2b9d134c8560b89b6c3d09a0d0/diff:/lzcsys/data/system/docker/overlay2/904963e7ccbf37b0efa37ba24a8ec80f4aab1b78fbf30d2b6e495efdd910557c/diff:/lzcsys/data/system/docker/overlay2/17281aebd8c3a4bdfa231d80906147b5def0dd1918ee447326d193fa94fb7e65/diff:/lzcsys/data/system/docker/overlay2/892ec4a2b38d6b9ae0924b9cf9416ccd7c9243558837324d37758ca866edc28e/diff:/lzcsys/data/system/docker/overlay2/e3d2452729e30a1c321c42b219955ca4a67b4a0bdeac009a2cf1d8eedb9d44f0/diff:/lzcsys/data/system/docker/overlay2/9fb5ae148efd8c929a7fedc0fc50392f0f7dbb3417659384bb9a2afbc3852a28/diff:/lzcsys/data/system/docker/overlay2/ef75a17e7f02e8a4e01c16b8023adb7bb1f79c9f0dfa2c533d8586bed8c8a409/diff:/lzcsys/data/system/docker/overlay2/0222b6680ddf00ce8288e97f82d78e0be5725d9ab6a4b5073159ccaaf5179bc7/diff:/lzcsys/data/system/docker/overlay2/e3ce7f36118c5f48ec7b4f8ed5868cd63eb71fd374b9be77138f3af05b7b1fd8/diff",
                "MergedDir": "/lzcsys/data/system/docker/overlay2/af129fe8727726dd7a701a71b4df7b8b201931fa5efe7232c6b0d428731a37ca/merged",
                "UpperDir": "/lzcsys/data/system/docker/overlay2/af129fe8727726dd7a701a71b4df7b8b201931fa5efe7232c6b0d428731a37ca/diff",
                "WorkDir": "/lzcsys/data/system/docker/overlay2/af129fe8727726dd7a701a71b4df7b8b201931fa5efe7232c6b0d428731a37ca/work"
            },
            "Name": "overlay2"
        },
        "Mounts": [
            {
                "Type": "bind",
                "Source": "/lzcsys/data/system/pkgm/apps/cloud.lazycat.shell.files/pkg",
                "Destination": "/lzcapp/pkg",
                "Mode": "",
                "RW": false,
                "Propagation": "rprivate"
            },
            {
                "Type": "bind",
                "Source": "/etc/localtime",
                "Destination": "/etc/localtime",
                "Mode": "rw",
                "RW": true,
                "Propagation": "rprivate"
            },
            {
                "Type": "bind",
                "Source": "/run/lzc-sys",
                "Destination": "/lzcapp/run/sys",
                "Mode": "rw",
                "RW": true,
                "Propagation": "rprivate"
            },
            {
                "Type": "bind",
                "Source": "/etc/ssl/certs/ca-certificates.crt",
                "Destination": "/etc/ssl/certs/ca-certificates.crt",
                "Mode": "",
                "RW": false,
                "Propagation": "rprivate"
            },
            {
                "Type": "bind",
                "Source": "/lzcsys/run/file_handler/globs2",
                "Destination": "/usr/share/mime/globs2",
                "Mode": "",
                "RW": false,
                "Propagation": "rprivate"
            },
            {
                "Type": "bind",
                "Source": "/lzcsys/data/appvar/cloud.lazycat.shell.files",
                "Destination": "/lzcapp/var",
                "Mode": "rw",
                "RW": true,
                "Propagation": "rprivate"
            },
            {
                "Type": "bind",
                "Source": "/lzcsys/sspks/lzc-runtime/lzcinit",
                "Destination": "/lzcinit/cloud.lazycat.shell.files",
                "Mode": "",
                "RW": true,
                "Propagation": "rprivate"
            },
            {
                "Type": "bind",
                "Source": "/lzcsys/data/document",
                "Destination": "/lzcapp/document",
                "Mode": "",
                "RW": true,
                "Propagation": "slave"
            },
            {
                "Type": "bind",
                "Source": "/lzcsys/data/appvar",
                "Destination": "/lzcapp/run/data/app/var",
                "Mode": "",
                "RW": true,
                "Propagation": "slave"
            },
            {
                "Type": "bind",
                "Source": "/lzcsys/run/app/cloud.lazycat.shell.files",
                "Destination": "/lzcapp/run",
                "Mode": "rw",
                "RW": true,
                "Propagation": "rprivate"
            },
            {
                "Type": "bind",
                "Source": "/lzcsys/data/appcache",
                "Destination": "/lzcapp/run/data/app/cache",
                "Mode": "",
                "RW": true,
                "Propagation": "slave"
            },
            {
                "Type": "bind",
                "Source": "/lzcsys/run/media",
                "Destination": "/lzcapp/media",
                "Mode": "",
                "RW": true,
                "Propagation": "shared"
            },
            {
                "Type": "bind",
                "Source": "/lzcsys/data/appcache/cloud.lazycat.shell.files",
                "Destination": "/lzcapp/cache",
                "Mode": "",
                "RW": true,
                "Propagation": "shared"
            },
            {
                "Type": "bind",
                "Source": "/lzcsys/data/system/pkgm/run/cloud.lazycat.shell.files/pkg/manifest.yml",
                "Destination": "/lzcapp/run/manifest.yml",
                "Mode": "rw",
                "RW": true,
                "Propagation": "rprivate"
            },
            {
                "Type": "bind",
                "Source": "/usr/share/zoneinfo",
                "Destination": "/usr/share/zoneinfo",
                "Mode": "ro",
                "RW": false,
                "Propagation": "rprivate"
            },
            {
                "Type": "bind",
                "Source": "/lzcsys/data/document",
                "Destination": "/lzcapp/run/mnt/home",
                "Mode": "",
                "RW": true,
                "Propagation": "slave"
            },
            {
                "Type": "bind",
                "Source": "/lzcsys/run/media",
                "Destination": "/lzcapp/run/mnt/media",
                "Mode": "",
                "RW": true,
                "Propagation": "shared"
            }
        ],
        "Config": {
            "Hostname": "0245f0a5895b",
            "Domainname": "",
            "User": "",
            "AttachStdin": false,
            "AttachStdout": true,
            "AttachStderr": true,
            "ExposedPorts": {
                "137/udp": {},
                "138/udp": {},
                "139/tcp": {},
                "445/tcp": {},
                "8080/tcp": {}
            },
            "Tty": false,
            "OpenStdin": false,
            "StdinOnce": false,
            "Env": [
                "LAZYCAT_APP_DEPLOY_UID=",
                "LAZYCAT_APP_SERVICE_NAME=smbserver",
                "LAZYCAT_APP_ID=cloud.lazycat.shell.files",
                "LAZYCAT_BOX_NAME=axy",
                "LAZYCAT_BOX_DOMAIN=axy.heiyu.space",
                "DISABLE_AUTOMOUNT_AUTH=y",
                "LZCAPP_API_GATEWAY_ADDRESS=app.cloud.lazycat.shell.files.lzcapp:81",
                "LAZYCAT_USER_ID=",
                "LAZYCAT_APP_DOMAIN=file.axy.heiyu.space",
                "PATH=/usr/local/sbin:/usr/local/bin:/usr/sbin:/usr/bin:/sbin:/bin"
            ],
            "Cmd": [
                "/usr/local/bin/smbserver"
            ],
            "Image": "registry.lazycat.cloud/lzc-files/smbserver:e4649cd",
            "Volumes": null,
            "WorkingDir": "/usr/local/share",
            "Entrypoint": [
                "/sbin/tini",
                "--"
            ],
            "OnBuild": null,
            "Labels": {
                "com.docker.compose.config-hash": "fb5195c37ec579e0e543f86d6374b81bb7dacdf59eb7177a14c65c7b765c2011",
                "com.docker.compose.container-number": "1",
                "com.docker.compose.depends_on": "smbforward:service_healthy:false",
                "com.docker.compose.image": "sha256:c120be0442feba63d75002d01d564f6061a74baa19e6e4a7cbfb6453b1648bf6",
                "com.docker.compose.oneoff": "False",
                "com.docker.compose.project": "cloudlazycatshellfiles",
                "com.docker.compose.project.config_files": "/lzcsys/data/system/pkgm/run/cloud.lazycat.shell.files/docker-compose.yml,/lzcsys/data/system/pkgm/run/cloud.lazycat.shell.files/compose.override.yml",
                "com.docker.compose.project.working_dir": "/lzcsys/data/system/pkgm/run/cloud.lazycat.shell.files",
                "com.docker.compose.service": "smbserver",
                "com.docker.compose.version": "2.32.4",
                "lzcapp.app-id": "cloud.lazycat.shell.files",
                "lzcapp.user-id": ""
            }
        },
        "NetworkSettings": {
            "Bridge": "",
            "SandboxID": "98c3e09e2f56822ae93204f4c3a6ccba102fec8489e305977d79b650a0bb9d9f",
            "SandboxKey": "/lzcsys/run/lzc-docker/docker/netns/98c3e09e2f56",
            "Ports": {
                "137/udp": null,
                "138/udp": null,
                "139/tcp": null,
                "445/tcp": null,
                "8080/tcp": null
            },
            "HairpinMode": false,
            "LinkLocalIPv6Address": "",
            "LinkLocalIPv6PrefixLen": 0,
            "SecondaryIPAddresses": null,
            "SecondaryIPv6Addresses": null,
            "EndpointID": "",
            "Gateway": "",
            "GlobalIPv6Address": "",
            "GlobalIPv6PrefixLen": 0,
            "IPAddress": "",
            "IPPrefixLen": 0,
            "IPv6Gateway": "",
            "MacAddress": "",
            "Networks": {
                "cloudlazycatshellfiles_default": {
                    "IPAMConfig": null,
                    "Links": null,
                    "Aliases": [
                        "cloudlazycatshellfiles-smbserver-1",
                        "smbserver"
                    ],
                    "MacAddress": "02:42:ac:1c:00:47",
                    "DriverOpts": null,
                    "NetworkID": "e53208727f16c5e37b8f178247e75e99135a9f81809775ef80397e64c615d422",
                    "EndpointID": "8fb58090b7a4edd56e7bf6203af755e858fecca28315fe6d9a75aba0751e7089",
                    "Gateway": "172.28.0.65",
                    "IPAddress": "172.28.0.71",
                    "IPPrefixLen": 26,
                    "IPv6Gateway": "fd03:1136:3800::41",
                    "GlobalIPv6Address": "fd03:1136:3800::47",
                    "GlobalIPv6PrefixLen": 122,
                    "DNSNames": [
                        "cloudlazycatshellfiles-smbserver-1",
                        "smbserver",
                        "0245f0a5895b"
                    ]
                }
            }
        }
    }
]
