[
    {
        "Id": "4c31b456cfeb5f5c80d236d2e2aef1dade889652418b020d866bd0d856db0fc2",
        "Created": "2025-11-16T04:59:00.347995683Z",
        "Path": "docker-entrypoint.sh",
        "Args": [
            "-c",
            "config_file=/etc/postgresql.conf"
        ],
        "State": {
            "Status": "running",
            "Running": true,
            "Paused": false,
            "Restarting": false,
            "OOMKilled": false,
            "Dead": false,
            "Pid": 3416154,
            "ExitCode": 0,
            "Error": "",
            "StartedAt": "2025-11-16T04:59:14.467086784Z",
            "FinishedAt": "0001-01-01T00:00:00Z",
            "Health": {
                "Status": "healthy",
                "FailingStreak": 0,
                "Log": [
                    {
                        "Start": "2025-11-16T20:43:41.121767976+08:00",
                        "End": "2025-11-16T20:43:41.213367003+08:00",
                        "ExitCode": 0,
                        "Output": "/var/run/postgresql:5432 - accepting connections\n"
                    },
                    {
                        "Start": "2025-11-16T20:44:11.214705888+08:00",
                        "End": "2025-11-16T20:44:11.288120327+08:00",
                        "ExitCode": 0,
                        "Output": "/var/run/postgresql:5432 - accepting connections\n"
                    },
                    {
                        "Start": "2025-11-16T20:44:41.289495714+08:00",
                        "End": "2025-11-16T20:44:41.382031429+08:00",
                        "ExitCode": 0,
                        "Output": "/var/run/postgresql:5432 - accepting connections\n"
                    },
                    {
                        "Start": "2025-11-16T20:45:11.382880578+08:00",
                        "End": "2025-11-16T20:45:11.444706727+08:00",
                        "ExitCode": 0,
                        "Output": "/var/run/postgresql:5432 - accepting connections\n"
                    },
                    {
                        "Start": "2025-11-16T20:45:41.445626466+08:00",
                        "End": "2025-11-16T20:45:41.509502431+08:00",
                        "ExitCode": 0,
                        "Output": "/var/run/postgresql:5432 - accepting connections\n"
                    }
                ]
            }
        },
        "Image": "sha256:88534f98c7a78d5368b01dd15f3da2319afab5d8d590b9f2690038bb3f2af0e6",
        "ResolvConfPath": "/lzcsys/data/system/docker/containers/4c31b456cfeb5f5c80d236d2e2aef1dade889652418b020d866bd0d856db0fc2/resolv.conf",
        "HostnamePath": "/lzcsys/data/system/docker/containers/4c31b456cfeb5f5c80d236d2e2aef1dade889652418b020d866bd0d856db0fc2/hostname",
        "HostsPath": "/lzcsys/data/system/docker/containers/4c31b456cfeb5f5c80d236d2e2aef1dade889652418b020d866bd0d856db0fc2/hosts",
        "LogPath": "",
        "Name": "/cloudlazycataipodrag-postgres-1",
        "RestartCount": 0,
        "Driver": "overlay2",
        "Platform": "linux",
        "MountLabel": "",
        "ProcessLabel": "",
        "AppArmorProfile": "",
        "ExecIDs": null,
        "HostConfig": {
            "Binds": [
                "/lzcsys/data/appvar/cloud.lazycat.aipod.rag/pg-v4:/var/lib/postgresql/data:rw",
                "/run/lzc-sys:/lzcapp/run/sys:rw",
                "/etc/localtime:/etc/localtime:rw",
                "/lzcsys/data/system/pkgm/apps/cloud.lazycat.aipod.rag/pkg/content/postgresql.conf:/etc/postgresql.conf:rw",
                "/lzcsys/data/appvar/cloud.lazycat.aipod.rag:/lzcapp/var:rw",
                "/lzcsys/run/app/cloud.lazycat.aipod.rag:/lzcapp/run:rw",
                "/lzcsys/data/system/pkgm/run/cloud.lazycat.aipod.rag/pkg/manifest.yml:/lzcapp/run/manifest.yml:rw",
                "/usr/share/zoneinfo:/usr/share/zoneinfo:ro"
            ],
            "ContainerIDFile": "",
            "LogConfig": {
                "Type": "lzc-logging-driver",
                "Config": {
                    "max-backups": "5",
                    "max-size": "20m"
                }
            },
            "NetworkMode": "cloudlazycataipodrag_default",
            "PortBindings": {},
            "RestartPolicy": {
                "Name": "no",
                "MaximumRetryCount": 0
            },
            "AutoRemove": false,
            "VolumeDriver": "",
            "VolumesFrom": null,
            "ConsoleSize": [
                0,
                0
            ],
            "CapAdd": [
                "SYS_ADMIN"
            ],
            "CapDrop": null,
            "CgroupnsMode": "private",
            "Dns": [
                "172.18.0.1"
            ],
            "DnsOptions": null,
            "DnsSearch": null,
            "ExtraHosts": [],
            "GroupAdd": null,
            "IpcMode": "private",
            "Cgroup": "",
            "Links": null,
            "OomScoreAdj": 500,
            "PidMode": "",
            "Privileged": false,
            "PublishAllPorts": false,
            "ReadonlyRootfs": false,
            "SecurityOpt": null,
            "UTSMode": "",
            "UsernsMode": "",
            "ShmSize": 2147483648,
            "Runtime": "runc",
            "Isolation": "",
            "CpuShares": 0,
            "Memory": 2147483648,
            "NanoCpus": 0,
            "CgroupParent": "lzcapp-cloud.lazycat.aipod.rag.slice",
            "BlkioWeight": 0,
            "BlkioWeightDevice": null,
            "BlkioDeviceReadBps": null,
            "BlkioDeviceWriteBps": null,
            "BlkioDeviceReadIOps": null,
            "BlkioDeviceWriteIOps": null,
            "CpuPeriod": 0,
            "CpuQuota": 0,
            "CpuRealtimePeriod": 0,
            "CpuRealtimeRuntime": 0,
            "CpusetCpus": "",
            "CpusetMems": "",
            "Devices": [
                {
                    "PathOnHost": "/dev/fuse",
                    "PathInContainer": "/dev/fuse",
                    "CgroupPermissions": "rwm"
                },
                {
                    "PathOnHost": "/dev/dri",
                    "PathInContainer": "/dev/dri",
                    "CgroupPermissions": "rwm"
                }
            ],
            "DeviceCgroupRules": null,
            "DeviceRequests": null,
            "MemoryReservation": 0,
            "MemorySwap": 4294967296,
            "MemorySwappiness": null,
            "OomKillDisable": null,
            "PidsLimit": null,
            "Ulimits": null,
            "CpuCount": 0,
            "CpuPercent": 0,
            "IOMaximumIOps": 0,
            "IOMaximumBandwidth": 0,
            "Mounts": [
                {
                    "Type": "bind",
                    "Source": "/etc/ssl/certs/ca-certificates.crt",
                    "Target": "/etc/ssl/certs/ca-certificates.crt",
                    "ReadOnly": true,
                    "BindOptions": {}
                },
                {
                    "Type": "bind",
                    "Source": "/lzcsys/sspks/lzc-runtime/lzcinit",
                    "Target": "/lzcinit/cloud.lazycat.aipod.rag",
                    "BindOptions": {}
                },
                {
                    "Type": "bind",
                    "Source": "/lzcsys/data/system/pkgm/apps/cloud.lazycat.aipod.rag/pkg",
                    "Target": "/lzcapp/pkg",
                    "ReadOnly": true,
                    "BindOptions": {}
                },
                {
                    "Type": "bind",
                    "Source": "/lzcsys/data/document/",
                    "Target": "/lzcapp/run/mnt/home",
                    "BindOptions": {
                        "Propagation": "slave",
                        "CreateMountpoint": true
                    }
                },
                {
                    "Type": "bind",
                    "Source": "/lzcsys/data/document/",
                    "Target": "/lzcapp/document",
                    "BindOptions": {
                        "Propagation": "slave",
                        "CreateMountpoint": true
                    }
                },
                {
                    "Type": "bind",
                    "Source": "/lzcsys/run/media",
                    "Target": "/lzcapp/media",
                    "BindOptions": {
                        "Propagation": "shared",
                        "CreateMountpoint": true
                    }
                },
                {
                    "Type": "bind",
                    "Source": "/lzcsys/data/appcache/cloud.lazycat.aipod.rag",
                    "Target": "/lzcapp/cache",
                    "BindOptions": {
                        "Propagation": "shared"
                    }
                },
                {
                    "Type": "bind",
                    "Source": "/lzcsys/run/media",
                    "Target": "/lzcapp/run/mnt/media",
                    "BindOptions": {
                        "Propagation": "shared",
                        "CreateMountpoint": true
                    }
                }
            ],
            "MaskedPaths": [
                "/proc/asound",
                "/proc/acpi",
                "/proc/kcore",
                "/proc/keys",
                "/proc/latency_stats",
                "/proc/timer_list",
                "/proc/timer_stats",
                "/proc/sched_debug",
                "/proc/scsi",
                "/sys/firmware",
                "/sys/devices/virtual/powercap"
            ],
            "ReadonlyPaths": [
                "/proc/bus",
                "/proc/fs",
                "/proc/irq",
                "/proc/sys",
                "/proc/sysrq-trigger"
            ],
            "Init": false
        },
        "GraphDriver": {
            "Data": {
                "LowerDir": "/lzcsys/data/system/docker/overlay2/412b769287e354f43dad3996334e74a5804368b9ba0f52b2e09e84f5072969c8-init/diff:/lzcsys/data/system/docker/overlay2/5fc73f4b90d4044a36da1ba899a450a468eae895126713d5870385fe4c73105f/diff:/lzcsys/data/system/docker/overlay2/d3857779af871567b3fca9c843ef7ca0013a11cfc29018113aba150f0fcbe89c/diff:/lzcsys/data/system/docker/overlay2/6d256a32ebfd637912079decc9c1dc086ff38a141981ff71fa7c5e85f1a4d03f/diff:/lzcsys/data/system/docker/overlay2/489f337c93be2b25e660a94aebc7cf16a69ed427c4a2a82c26e5cb8cb8b9f74b/diff:/lzcsys/data/system/docker/overlay2/2cbc7b84c3a31b437853106c433723ea87739d9fac88b7f633de2b9311423c4e/diff:/lzcsys/data/system/docker/overlay2/1adc5cd847ac4e705d7cafc500f9d41ff95821bc1085f659d28fc0645b63e857/diff:/lzcsys/data/system/docker/overlay2/224bb2a0fd73ad36dfdc46d295ba2966ee7cfe9e8cc7f799152e906743363bff/diff:/lzcsys/data/system/docker/overlay2/5e2fe0e34bab4ccb6297ef328b5d90ac38fa805af85d61bb88057a58c2066ff8/diff:/lzcsys/data/system/docker/overlay2/7a1c0bf3fcdf70e0689f6ba6aaef322eb84b194941edc84844c5c92f966c1091/diff:/lzcsys/data/system/docker/overlay2/b850033ff210ad12da3f9a101a9ddbf2cc4cde5b3759d90a2df51b98bbf8fb50/diff:/lzcsys/data/system/docker/overlay2/015cc124b0d187dfe61ec6d1d7257850880dbdca14dd73ed724e95d4ad07d0fe/diff:/lzcsys/data/system/docker/overlay2/b74202d850ef1f7ea701e982246ef636ba776f57bd8d49965bc698b6567b3067/diff:/lzcsys/data/system/docker/overlay2/95b1cd0ebc16eaa040074858691e7e19f4c0c09f0ab9047244a590e66a563a66/diff:/lzcsys/data/system/docker/overlay2/a2a4e60740abe0e60ea643076d7973b64269f6df820358492de04579776161b4/diff:/lzcsys/data/system/docker/overlay2/ceecccaecd0c4ee04e4313e5f0fb13b7ee1b455998c318adaf08b6270d6360b3/diff:/lzcsys/data/system/docker/overlay2/846adaffe396df23639a51107d0fdb7ef4c5a029703785a338401064f8967415/diff:/lzcsys/data/system/docker/overlay2/fc0eeaee2d2749250a0bca066c2b74d22c2ef87eeeb5e92ea3c4f3ef4a4fb25f/diff:/lzcsys/data/system/docker/overlay2/a31a8d397a7f150dd4fb76cb02c6458c7fe1b9d578aa1c9ff8889f8b16a3f2b2/diff:/lzcsys/data/system/docker/overlay2/044cde5d569c2321eb74c46438964f4672404b70ebc1d3b1e479696dca182373/diff:/lzcsys/data/system/docker/overlay2/3f89436644026484d391e08a401dd5e60183a04a58123ad9b5f7ae90f8b47a56/diff",
                "MergedDir": "/lzcsys/data/system/docker/overlay2/412b769287e354f43dad3996334e74a5804368b9ba0f52b2e09e84f5072969c8/merged",
                "UpperDir": "/lzcsys/data/system/docker/overlay2/412b769287e354f43dad3996334e74a5804368b9ba0f52b2e09e84f5072969c8/diff",
                "WorkDir": "/lzcsys/data/system/docker/overlay2/412b769287e354f43dad3996334e74a5804368b9ba0f52b2e09e84f5072969c8/work"
            },
            "Name": "overlay2"
        },
        "Mounts": [
            {
                "Type": "bind",
                "Source": "/lzcsys/run/media",
                "Destination": "/lzcapp/media",
                "Mode": "",
                "RW": true,
                "Propagation": "shared"
            },
            {
                "Type": "bind",
                "Source": "/lzcsys/run/media",
                "Destination": "/lzcapp/run/mnt/media",
                "Mode": "",
                "RW": true,
                "Propagation": "shared"
            },
            {
                "Type": "bind",
                "Source": "/lzcsys/sspks/lzc-runtime/lzcinit",
                "Destination": "/lzcinit/cloud.lazycat.aipod.rag",
                "Mode": "",
                "RW": true,
                "Propagation": "rprivate"
            },
            {
                "Type": "bind",
                "Source": "/lzcsys/data/system/pkgm/apps/cloud.lazycat.aipod.rag/pkg",
                "Destination": "/lzcapp/pkg",
                "Mode": "",
                "RW": false,
                "Propagation": "rprivate"
            },
            {
                "Type": "bind",
                "Source": "/lzcsys/data/document",
                "Destination": "/lzcapp/run/mnt/home",
                "Mode": "",
                "RW": true,
                "Propagation": "slave"
            },
            {
                "Type": "bind",
                "Source": "/lzcsys/run/app/cloud.lazycat.aipod.rag",
                "Destination": "/lzcapp/run",
                "Mode": "rw",
                "RW": true,
                "Propagation": "rprivate"
            },
            {
                "Type": "bind",
                "Source": "/lzcsys/data/system/pkgm/run/cloud.lazycat.aipod.rag/pkg/manifest.yml",
                "Destination": "/lzcapp/run/manifest.yml",
                "Mode": "rw",
                "RW": true,
                "Propagation": "rprivate"
            },
            {
                "Type": "bind",
                "Source": "/etc/ssl/certs/ca-certificates.crt",
                "Destination": "/etc/ssl/certs/ca-certificates.crt",
                "Mode": "",
                "RW": false,
                "Propagation": "rprivate"
            },
            {
                "Type": "bind",
                "Source": "/lzcsys/data/document",
                "Destination": "/lzcapp/document",
                "Mode": "",
                "RW": true,
                "Propagation": "slave"
            },
            {
                "Type": "bind",
                "Source": "/lzcsys/data/appcache/cloud.lazycat.aipod.rag",
                "Destination": "/lzcapp/cache",
                "Mode": "",
                "RW": true,
                "Propagation": "shared"
            },
            {
                "Type": "bind",
                "Source": "/lzcsys/data/appvar/cloud.lazycat.aipod.rag/pg-v4",
                "Destination": "/var/lib/postgresql/data",
                "Mode": "rw",
                "RW": true,
                "Propagation": "rprivate"
            },
            {
                "Type": "bind",
                "Source": "/run/lzc-sys",
                "Destination": "/lzcapp/run/sys",
                "Mode": "rw",
                "RW": true,
                "Propagation": "rprivate"
            },
            {
                "Type": "bind",
                "Source": "/lzcsys/data/system/pkgm/apps/cloud.lazycat.aipod.rag/pkg/content/postgresql.conf",
                "Destination": "/etc/postgresql.conf",
                "Mode": "rw",
                "RW": true,
                "Propagation": "rprivate"
            },
            {
                "Type": "bind",
                "Source": "/etc/localtime",
                "Destination": "/etc/localtime",
                "Mode": "rw",
                "RW": true,
                "Propagation": "rprivate"
            },
            {
                "Type": "bind",
                "Source": "/lzcsys/data/appvar/cloud.lazycat.aipod.rag",
                "Destination": "/lzcapp/var",
                "Mode": "rw",
                "RW": true,
                "Propagation": "rprivate"
            },
            {
                "Type": "bind",
                "Source": "/usr/share/zoneinfo",
                "Destination": "/usr/share/zoneinfo",
                "Mode": "ro",
                "RW": false,
                "Propagation": "rprivate"
            }
        ],
        "Config": {
            "Hostname": "4c31b456cfeb",
            "Domainname": "",
            "User": "",
            "AttachStdin": false,
            "AttachStdout": true,
            "AttachStderr": true,
            "ExposedPorts": {
                "5432/tcp": {}
            },
            "Tty": false,
            "OpenStdin": false,
            "StdinOnce": false,
            "Env": [
                "LAZYCAT_APP_DEPLOY_UID=",
                "LZCAPP_API_GATEWAY_ADDRESS=app.cloud.lazycat.aipod.rag.lzcapp:81",
                "LAZYCAT_APP_DOMAIN=rag.axy.heiyu.space",
                "LAZYCAT_USER_ID=",
                "LAZYCAT_BOX_NAME=axy",
                "LAZYCAT_APP_ID=cloud.lazycat.aipod.rag",
                "LAZYCAT_APP_SERVICE_NAME=postgres",
                "LAZYCAT_BOX_DOMAIN=axy.heiyu.space",
                "PGDATA=/var/lib/postgresql/data/pgdata",
                "POSTGRES_PASSWORD=temppassword",
                "PGUSER=postgres",
                "PATH=/usr/local/sbin:/usr/local/bin:/usr/sbin:/usr/bin:/sbin:/bin:/usr/lib/postgresql/17/bin",
                "GOSU_VERSION=1.17",
                "LANG=en_US.utf8",
                "PG_MAJOR=17",
                "PG_VERSION=17.4-1.pgdg120+2"
            ],
            "Cmd": [
                "-c",
                "config_file=/etc/postgresql.conf"
            ],
            "Healthcheck": {
                "Test": [
                    "CMD",
                    "pg_isready",
                    "-U",
                    "postgres"
                ],
                "StartPeriod": 60000000000,
                "StartInterval": 1000000000
            },
            "Image": "registry.lazycat.cloud/catdogai/postgres:17.4-pgvectorscale-202509121813",
            "Volumes": {
                "/var/lib/postgresql/data": {}
            },
            "WorkingDir": "",
            "Entrypoint": [
                "docker-entrypoint.sh"
            ],
            "OnBuild": null,
            "Labels": {
                "com.docker.compose.config-hash": "e3475280a9f3c42954071282542ed81b6917e387bece73db4c56bf0a058d761d",
                "com.docker.compose.container-number": "1",
                "com.docker.compose.depends_on": "",
                "com.docker.compose.image": "sha256:88534f98c7a78d5368b01dd15f3da2319afab5d8d590b9f2690038bb3f2af0e6",
                "com.docker.compose.oneoff": "False",
                "com.docker.compose.project": "cloudlazycataipodrag",
                "com.docker.compose.project.config_files": "/lzcsys/data/system/pkgm/run/cloud.lazycat.aipod.rag/docker-compose.yml",
                "com.docker.compose.project.working_dir": "/lzcsys/data/system/pkgm/run/cloud.lazycat.aipod.rag",
                "com.docker.compose.service": "postgres",
                "com.docker.compose.version": "2.32.4",
                "lzcapp.app-id": "cloud.lazycat.aipod.rag",
                "lzcapp.user-id": ""
            },
            "StopSignal": "SIGINT"
        },
        "NetworkSettings": {
            "Bridge": "",
            "SandboxID": "fab98dc1085b4f256033e48d0c2ac833e207ad57f9fce45f0b31d836efb5dae6",
            "SandboxKey": "/lzcsys/run/lzc-docker/docker/netns/fab98dc1085b",
            "Ports": {
                "5432/tcp": null
            },
            "HairpinMode": false,
            "LinkLocalIPv6Address": "",
            "LinkLocalIPv6PrefixLen": 0,
            "SecondaryIPAddresses": null,
            "SecondaryIPv6Addresses": null,
            "EndpointID": "",
            "Gateway": "",
            "GlobalIPv6Address": "",
            "GlobalIPv6PrefixLen": 0,
            "IPAddress": "",
            "IPPrefixLen": 0,
            "IPv6Gateway": "",
            "MacAddress": "",
            "Networks": {
                "cloudlazycataipodrag_default": {
                    "IPAMConfig": null,
                    "Links": null,
                    "Aliases": [
                        "cloudlazycataipodrag-postgres-1",
                        "postgres"
                    ],
                    "MacAddress": "02:42:ac:1c:04:48",
                    "DriverOpts": null,
                    "NetworkID": "89e6ebcad0a5e2c0c75bc52ed8a8e85faf3c32ca872dad2cfe57c2ee34ed09f0",
                    "EndpointID": "23c2df8f8320d8e71784c745ebf4d9f9d4256a92d2fb97ddee4cbc5516d2f251",
                    "Gateway": "172.28.4.65",
                    "IPAddress": "172.28.4.72",
                    "IPPrefixLen": 26,
                    "IPv6Gateway": "fd03:1136:3800::441",
                    "GlobalIPv6Address": "fd03:1136:3800::448",
                    "GlobalIPv6PrefixLen": 122,
                    "DNSNames": [
                        "cloudlazycataipodrag-postgres-1",
                        "postgres",
                        "4c31b456cfeb"
                    ]
                }
            }
        }
    }
]
