[
    {
        "Id": "5f72e8e169efd5d48276004f261dea118b410cf05f2e5d8cb22115848c6d3dcf",
        "Created": "2025-11-14T15:45:38.04077383Z",
        "Path": "/entrypoint.sh",
        "Args": [],
        "State": {
            "Status": "running",
            "Running": true,
            "Paused": false,
            "Restarting": false,
            "OOMKilled": false,
            "Dead": false,
            "Pid": 10450,
            "ExitCode": 0,
            "Error": "",
            "StartedAt": "2025-11-14T15:45:57.414352964Z",
            "FinishedAt": "0001-01-01T00:00:00Z"
        },
        "Image": "sha256:2598739619425562bf52c8c38e32ceecfc03ef228ed6cdaa1af32b756c62290d",
        "ResolvConfPath": "/lzcsys/data/system/docker/containers/5f72e8e169efd5d48276004f261dea118b410cf05f2e5d8cb22115848c6d3dcf/resolv.conf",
        "HostnamePath": "/lzcsys/data/system/docker/containers/5f72e8e169efd5d48276004f261dea118b410cf05f2e5d8cb22115848c6d3dcf/hostname",
        "HostsPath": "/lzcsys/data/system/docker/containers/5f72e8e169efd5d48276004f261dea118b410cf05f2e5d8cb22115848c6d3dcf/hosts",
        "LogPath": "",
        "Name": "/lazycatcommunityappopenlist-openlist-1",
        "RestartCount": 0,
        "Driver": "overlay2",
        "Platform": "linux",
        "MountLabel": "",
        "ProcessLabel": "",
        "AppArmorProfile": "",
        "ExecIDs": null,
        "HostConfig": {
            "Binds": [
                "/lzcsys/run/app/lazycat.community.app.openlist:/lzcapp/run:rw",
                "/run/lzc-sys:/lzcapp/run/sys:rw",
                "/usr/share/zoneinfo:/usr/share/zoneinfo:ro",
                "/lzcsys/data/appvar/lazycat.community.app.openlist/data:/opt/openlist/data:rw",
                "/lzcsys/data/appvar/lazycat.community.app.openlist:/lzcapp/var:rw",
                "/etc/localtime:/etc/localtime:rw",
                "/lzcsys/data/system/pkgm/run/lazycat.community.app.openlist/pkg/manifest.yml:/lzcapp/run/manifest.yml:rw"
            ],
            "ContainerIDFile": "",
            "LogConfig": {
                "Type": "lzc-logging-driver",
                "Config": {
                    "max-backups": "5",
                    "max-size": "20m"
                }
            },
            "NetworkMode": "lazycatcommunityappopenlist_default",
            "PortBindings": {},
            "RestartPolicy": {
                "Name": "no",
                "MaximumRetryCount": 0
            },
            "AutoRemove": false,
            "VolumeDriver": "",
            "VolumesFrom": null,
            "ConsoleSize": [
                0,
                0
            ],
            "CapAdd": null,
            "CapDrop": null,
            "CgroupnsMode": "private",
            "Dns": [
                "172.18.0.1"
            ],
            "DnsOptions": null,
            "DnsSearch": null,
            "ExtraHosts": [],
            "GroupAdd": null,
            "IpcMode": "private",
            "Cgroup": "",
            "Links": null,
            "OomScoreAdj": 500,
            "PidMode": "",
            "Privileged": false,
            "PublishAllPorts": false,
            "ReadonlyRootfs": false,
            "SecurityOpt": null,
            "UTSMode": "",
            "UsernsMode": "",
            "ShmSize": 67108864,
            "Runtime": "runc",
            "Isolation": "",
            "CpuShares": 0,
            "Memory": 0,
            "NanoCpus": 0,
            "CgroupParent": "lzcapp-lazycat.community.app.openlist.slice",
            "BlkioWeight": 0,
            "BlkioWeightDevice": null,
            "BlkioDeviceReadBps": null,
            "BlkioDeviceWriteBps": null,
            "BlkioDeviceReadIOps": null,
            "BlkioDeviceWriteIOps": null,
            "CpuPeriod": 0,
            "CpuQuota": 0,
            "CpuRealtimePeriod": 0,
            "CpuRealtimeRuntime": 0,
            "CpusetCpus": "",
            "CpusetMems": "",
            "Devices": [
                {
                    "PathOnHost": "/dev/fuse",
                    "PathInContainer": "/dev/fuse",
                    "CgroupPermissions": "rwm"
                }
            ],
            "DeviceCgroupRules": null,
            "DeviceRequests": null,
            "MemoryReservation": 0,
            "MemorySwap": 0,
            "MemorySwappiness": null,
            "OomKillDisable": null,
            "PidsLimit": null,
            "Ulimits": null,
            "CpuCount": 0,
            "CpuPercent": 0,
            "IOMaximumIOps": 0,
            "IOMaximumBandwidth": 0,
            "Mounts": [
                {
                    "Type": "bind",
                    "Source": "/lzcsys/data/document/",
                    "Target": "/lzcapp/run/mnt/home",
                    "BindOptions": {
                        "Propagation": "slave",
                        "CreateMountpoint": true
                    }
                },
                {
                    "Type": "bind",
                    "Source": "/lzcsys/sspks/lzc-runtime/lzcinit",
                    "Target": "/lzcinit/lazycat.community.app.openlist",
                    "BindOptions": {}
                },
                {
                    "Type": "bind",
                    "Source": "/lzcsys/data/system/pkgm/apps/lazycat.community.app.openlist/pkg",
                    "Target": "/lzcapp/pkg",
                    "ReadOnly": true,
                    "BindOptions": {}
                },
                {
                    "Type": "bind",
                    "Source": "/etc/ssl/certs/ca-certificates.crt",
                    "Target": "/etc/ssl/certs/ca-certificates.crt",
                    "ReadOnly": true,
                    "BindOptions": {}
                },
                {
                    "Type": "bind",
                    "Source": "/lzcsys/run/media",
                    "Target": "/lzcapp/media",
                    "BindOptions": {
                        "Propagation": "slave",
                        "CreateMountpoint": true
                    }
                },
                {
                    "Type": "bind",
                    "Source": "/lzcsys/data/appcache/lazycat.community.app.openlist",
                    "Target": "/lzcapp/cache",
                    "BindOptions": {
                        "Propagation": "shared"
                    }
                },
                {
                    "Type": "bind",
                    "Source": "/lzcsys/data/document/",
                    "Target": "/lzcapp/document",
                    "BindOptions": {
                        "Propagation": "slave",
                        "CreateMountpoint": true
                    }
                },
                {
                    "Type": "bind",
                    "Source": "/lzcsys/run/media",
                    "Target": "/lzcapp/run/mnt/media",
                    "BindOptions": {
                        "Propagation": "slave",
                        "CreateMountpoint": true
                    }
                }
            ],
            "MaskedPaths": [
                "/proc/asound",
                "/proc/acpi",
                "/proc/kcore",
                "/proc/keys",
                "/proc/latency_stats",
                "/proc/timer_list",
                "/proc/timer_stats",
                "/proc/sched_debug",
                "/proc/scsi",
                "/sys/firmware",
                "/sys/devices/virtual/powercap"
            ],
            "ReadonlyPaths": [
                "/proc/bus",
                "/proc/fs",
                "/proc/irq",
                "/proc/sys",
                "/proc/sysrq-trigger"
            ],
            "Init": false
        },
        "GraphDriver": {
            "Data": {
                "LowerDir": "/lzcsys/data/system/docker/overlay2/375156b48cd38274e8f591edccb538c797f75559211e2d87f658cd23656055e9-init/diff:/lzcsys/data/system/docker/overlay2/0ce561f078194a06135237a0513c3875199ccbeaa54e4ad31101df1b7200f73e/diff:/lzcsys/data/system/docker/overlay2/e89d1434ca05fef6e062b92ee96632edf171a3207a9cadde7c37f0d81682ae95/diff:/lzcsys/data/system/docker/overlay2/bfd0f6ca783d371ce0809f29f54689d7686ee1079a1b0b41d14bb07dcf252626/diff:/lzcsys/data/system/docker/overlay2/fb8ec230348cb95ed8bfcca99d9d024d929638ae94c1ba8a0c1df0b1cd11b882/diff:/lzcsys/data/system/docker/overlay2/5cde767a33b1c34caf2b625928abb5e9f8b76e0b5d10d11d7d0972048cb4b5c6/diff:/lzcsys/data/system/docker/overlay2/e8aa2260fc10e63a39d983e6066e8a1b4691e37311d1e56442045ebec9423b16/diff:/lzcsys/data/system/docker/overlay2/41b63e2378c299800bfae3d3e8b59842bc3f951a0e303832d18064890a96fc97/diff:/lzcsys/data/system/docker/overlay2/5e830faba8aca54d0c4801c1d726786d7e1e367b0305734a7d6700c3dd7f0e3e/diff:/lzcsys/data/system/docker/overlay2/02e629ab2258a8cc360362e190f349d96a628b76d480533b6170920d2eedd3f0/diff",
                "MergedDir": "/lzcsys/data/system/docker/overlay2/375156b48cd38274e8f591edccb538c797f75559211e2d87f658cd23656055e9/merged",
                "UpperDir": "/lzcsys/data/system/docker/overlay2/375156b48cd38274e8f591edccb538c797f75559211e2d87f658cd23656055e9/diff",
                "WorkDir": "/lzcsys/data/system/docker/overlay2/375156b48cd38274e8f591edccb538c797f75559211e2d87f658cd23656055e9/work"
            },
            "Name": "overlay2"
        },
        "Mounts": [
            {
                "Type": "bind",
                "Source": "/lzcsys/run/app/lazycat.community.app.openlist",
                "Destination": "/lzcapp/run",
                "Mode": "rw",
                "RW": true,
                "Propagation": "rprivate"
            },
            {
                "Type": "bind",
                "Source": "/lzcsys/data/system/pkgm/run/lazycat.community.app.openlist/pkg/manifest.yml",
                "Destination": "/lzcapp/run/manifest.yml",
                "Mode": "rw",
                "RW": true,
                "Propagation": "rprivate"
            },
            {
                "Type": "bind",
                "Source": "/etc/ssl/certs/ca-certificates.crt",
                "Destination": "/etc/ssl/certs/ca-certificates.crt",
                "Mode": "",
                "RW": false,
                "Propagation": "rprivate"
            },
            {
                "Type": "bind",
                "Source": "/lzcsys/data/appcache/lazycat.community.app.openlist",
                "Destination": "/lzcapp/cache",
                "Mode": "",
                "RW": true,
                "Propagation": "shared"
            },
            {
                "Type": "bind",
                "Source": "/lzcsys/data/document",
                "Destination": "/lzcapp/document",
                "Mode": "",
                "RW": true,
                "Propagation": "slave"
            },
            {
                "Type": "bind",
                "Source": "/usr/share/zoneinfo",
                "Destination": "/usr/share/zoneinfo",
                "Mode": "ro",
                "RW": false,
                "Propagation": "rprivate"
            },
            {
                "Type": "bind",
                "Source": "/etc/localtime",
                "Destination": "/etc/localtime",
                "Mode": "rw",
                "RW": true,
                "Propagation": "rprivate"
            },
            {
                "Type": "bind",
                "Source": "/lzcsys/data/document",
                "Destination": "/lzcapp/run/mnt/home",
                "Mode": "",
                "RW": true,
                "Propagation": "slave"
            },
            {
                "Type": "bind",
                "Source": "/lzcsys/data/system/pkgm/apps/lazycat.community.app.openlist/pkg",
                "Destination": "/lzcapp/pkg",
                "Mode": "",
                "RW": false,
                "Propagation": "rprivate"
            },
            {
                "Type": "bind",
                "Source": "/lzcsys/run/media",
                "Destination": "/lzcapp/run/mnt/media",
                "Mode": "",
                "RW": true,
                "Propagation": "slave"
            },
            {
                "Type": "bind",
                "Source": "/run/lzc-sys",
                "Destination": "/lzcapp/run/sys",
                "Mode": "rw",
                "RW": true,
                "Propagation": "rprivate"
            },
            {
                "Type": "bind",
                "Source": "/lzcsys/data/appvar/lazycat.community.app.openlist/data",
                "Destination": "/opt/openlist/data",
                "Mode": "rw",
                "RW": true,
                "Propagation": "rprivate"
            },
            {
                "Type": "bind",
                "Source": "/lzcsys/data/appvar/lazycat.community.app.openlist",
                "Destination": "/lzcapp/var",
                "Mode": "rw",
                "RW": true,
                "Propagation": "rprivate"
            },
            {
                "Type": "bind",
                "Source": "/lzcsys/sspks/lzc-runtime/lzcinit",
                "Destination": "/lzcinit/lazycat.community.app.openlist",
                "Mode": "",
                "RW": true,
                "Propagation": "rprivate"
            },
            {
                "Type": "bind",
                "Source": "/lzcsys/run/media",
                "Destination": "/lzcapp/media",
                "Mode": "",
                "RW": true,
                "Propagation": "slave"
            }
        ],
        "Config": {
            "Hostname": "5f72e8e169ef",
            "Domainname": "",
            "User": "root",
            "AttachStdin": false,
            "AttachStdout": true,
            "AttachStderr": true,
            "ExposedPorts": {
                "5244/tcp": {},
                "5245/tcp": {}
            },
            "Tty": false,
            "OpenStdin": false,
            "StdinOnce": false,
            "Env": [
                "OPENLIST_ADMIN_PASSWORD=admin",
                "TZ=UTC",
                "LAZYCAT_APP_ID=lazycat.community.app.openlist",
                "LAZYCAT_APP_DOMAIN=openlist.axy.heiyu.space",
                "LAZYCAT_BOX_NAME=axy",
                "LZCAPP_API_GATEWAY_ADDRESS=app.lazycat.community.app.openlist.lzcapp:81",
                "LAZYCAT_USER_ID=",
                "LAZYCAT_APP_SERVICE_NAME=openlist",
                "LAZYCAT_APP_DEPLOY_UID=",
                "LAZYCAT_BOX_DOMAIN=axy.heiyu.space",
                "UMASK=022",
                "PATH=/usr/local/sbin:/usr/local/bin:/usr/sbin:/usr/bin:/sbin:/bin",
                "RUN_ARIA2=true"
            ],
            "Cmd": [
                "/entrypoint.sh"
            ],
            "Image": "registry.lazycat.cloud/czyt/openlistteam/openlist:a4f202cd35fa3006",
            "Volumes": {
                "/opt/openlist/data/": {}
            },
            "WorkingDir": "/opt/openlist/",
            "Entrypoint": null,
            "OnBuild": null,
            "Labels": {
                "MAINTAINER": "OpenList",
                "cloud.lazycat.image.maintainer": "czyt",
                "cloud.lazycat.image.origin_hash": "sha256:213be9ccc5d5b26934a9defb0b30c649253af23c42fecb3d9875bff625b90d51",
                "cloud.lazycat.image.origin_image": "openlistteam/openlist:v4.1.7-aio",
                "com.docker.compose.config-hash": "ed127650dac748618476b3dcde467f1f4a4a415d10502005a2431505f5dfd7ff",
                "com.docker.compose.container-number": "1",
                "com.docker.compose.depends_on": "",
                "com.docker.compose.image": "sha256:2598739619425562bf52c8c38e32ceecfc03ef228ed6cdaa1af32b756c62290d",
                "com.docker.compose.oneoff": "False",
                "com.docker.compose.project": "lazycatcommunityappopenlist",
                "com.docker.compose.project.config_files": "/lzcsys/data/system/pkgm/run/lazycat.community.app.openlist/docker-compose.yml",
                "com.docker.compose.project.working_dir": "/lzcsys/data/system/pkgm/run/lazycat.community.app.openlist",
                "com.docker.compose.service": "openlist",
                "com.docker.compose.version": "2.32.4",
                "lzcapp.app-id": "lazycat.community.app.openlist",
                "lzcapp.user-id": "",
                "org.opencontainers.image.created": "2025-11-10T12:11:13.927Z",
                "org.opencontainers.image.description": "A new AList Fork to Anti Trust Crisis",
                "org.opencontainers.image.licenses": "AGPL-3.0",
                "org.opencontainers.image.revision": "ee2c77acd86c7d06b1a625da53717fd1e18c505b",
                "org.opencontainers.image.source": "https://github.com/OpenListTeam/OpenList",
                "org.opencontainers.image.title": "OpenList",
                "org.opencontainers.image.url": "https://github.com/OpenListTeam/OpenList",
                "org.opencontainers.image.version": "v4.1.7-aio"
            }
        },
        "NetworkSettings": {
            "Bridge": "",
            "SandboxID": "13c53c75ef12effb1397a9a1287539f8cd0eaf08290fbc3efb6b679ee46a9efb",
            "SandboxKey": "/lzcsys/run/lzc-docker/docker/netns/13c53c75ef12",
            "Ports": {
                "5244/tcp": null,
                "5245/tcp": null
            },
            "HairpinMode": false,
            "LinkLocalIPv6Address": "",
            "LinkLocalIPv6PrefixLen": 0,
            "SecondaryIPAddresses": null,
            "SecondaryIPv6Addresses": null,
            "EndpointID": "",
            "Gateway": "",
            "GlobalIPv6Address": "",
            "GlobalIPv6PrefixLen": 0,
            "IPAddress": "",
            "IPPrefixLen": 0,
            "IPv6Gateway": "",
            "MacAddress": "",
            "Networks": {
                "lazycatcommunityappopenlist_default": {
                    "IPAMConfig": null,
                    "Links": null,
                    "Aliases": [
                        "lazycatcommunityappopenlist-openlist-1",
                        "openlist"
                    ],
                    "MacAddress": "02:42:ac:1c:01:03",
                    "DriverOpts": null,
                    "NetworkID": "d9b3f18de934145bbe520936f22ed18222427f537974b916ed737d51347dfd5e",
                    "EndpointID": "84ee4bc4ab866680991c7ea48649bbd5374abfb951b98e9b4b23c9798a60a2d2",
                    "Gateway": "172.28.1.1",
                    "IPAddress": "172.28.1.3",
                    "IPPrefixLen": 26,
                    "IPv6Gateway": "fd03:1136:3800::101",
                    "GlobalIPv6Address": "fd03:1136:3800::103",
                    "GlobalIPv6PrefixLen": 122,
                    "DNSNames": [
                        "lazycatcommunityappopenlist-openlist-1",
                        "openlist",
                        "5f72e8e169ef"
                    ]
                }
            }
        }
    }
]
