[
    {
        "Id": "03d0b1b584314428629685a97089753faf35e81d07adbece0bebb516c4651b7b",
        "Created": "2025-11-16T02:21:51.145707713Z",
        "Path": "/lzcinit/cloud.lazycat.aipod.knowledge",
        "Args": [
            "-setup-script",
            "caddy"
        ],
        "State": {
            "Status": "running",
            "Running": true,
            "Paused": false,
            "Restarting": false,
            "OOMKilled": false,
            "Dead": false,
            "Pid": 1628767,
            "ExitCode": 0,
            "Error": "",
            "StartedAt": "2025-11-16T02:21:56.738402316Z",
            "FinishedAt": "0001-01-01T00:00:00Z"
        },
        "Image": "sha256:ef82461ee6be82c78e6d6bdf6d0edf3d38181ae5154a93f8c83bbff7d861907a",
        "ResolvConfPath": "/lzcsys/data/system/docker/containers/03d0b1b584314428629685a97089753faf35e81d07adbece0bebb516c4651b7b/resolv.conf",
        "HostnamePath": "/lzcsys/data/system/docker/containers/03d0b1b584314428629685a97089753faf35e81d07adbece0bebb516c4651b7b/hostname",
        "HostsPath": "/lzcsys/data/system/docker/containers/03d0b1b584314428629685a97089753faf35e81d07adbece0bebb516c4651b7b/hosts",
        "LogPath": "",
        "Name": "/cloudlazycataipodknowledge-caddy-1",
        "RestartCount": 0,
        "Driver": "overlay2",
        "Platform": "linux",
        "MountLabel": "",
        "ProcessLabel": "",
        "AppArmorProfile": "",
        "ExecIDs": null,
        "HostConfig": {
            "Binds": [
                "/lzcsys/data/system/pkgm/run/cloud.lazycat.aipod.knowledge/pkg/manifest.yml:/lzcapp/run/manifest.yml:rw",
                "/lzcsys/data/appvar/cloud.lazycat.aipod.knowledge:/lzcapp/var:rw",
                "/run/lzc-sys:/lzcapp/run/sys:rw",
                "/lzcsys/run/app/cloud.lazycat.aipod.knowledge:/lzcapp/run:rw",
                "/usr/share/zoneinfo:/usr/share/zoneinfo:ro",
                "/etc/localtime:/etc/localtime:rw"
            ],
            "ContainerIDFile": "",
            "LogConfig": {
                "Type": "lzc-logging-driver",
                "Config": {
                    "max-backups": "5",
                    "max-size": "20m"
                }
            },
            "NetworkMode": "cloudlazycataipodknowledge_default",
            "PortBindings": {},
            "RestartPolicy": {
                "Name": "no",
                "MaximumRetryCount": 0
            },
            "AutoRemove": false,
            "VolumeDriver": "",
            "VolumesFrom": null,
            "ConsoleSize": [
                0,
                0
            ],
            "CapAdd": [
                "SYS_ADMIN"
            ],
            "CapDrop": null,
            "CgroupnsMode": "private",
            "Dns": [
                "172.18.0.1"
            ],
            "DnsOptions": null,
            "DnsSearch": null,
            "ExtraHosts": [],
            "GroupAdd": null,
            "IpcMode": "private",
            "Cgroup": "",
            "Links": null,
            "OomScoreAdj": 500,
            "PidMode": "",
            "Privileged": false,
            "PublishAllPorts": false,
            "ReadonlyRootfs": false,
            "SecurityOpt": null,
            "UTSMode": "",
            "UsernsMode": "",
            "ShmSize": 67108864,
            "Runtime": "runc",
            "Isolation": "",
            "CpuShares": 0,
            "Memory": 0,
            "NanoCpus": 0,
            "CgroupParent": "lzcapp-cloud.lazycat.aipod.knowledge.slice",
            "BlkioWeight": 0,
            "BlkioWeightDevice": null,
            "BlkioDeviceReadBps": null,
            "BlkioDeviceWriteBps": null,
            "BlkioDeviceReadIOps": null,
            "BlkioDeviceWriteIOps": null,
            "CpuPeriod": 0,
            "CpuQuota": 0,
            "CpuRealtimePeriod": 0,
            "CpuRealtimeRuntime": 0,
            "CpusetCpus": "",
            "CpusetMems": "",
            "Devices": [
                {
                    "PathOnHost": "/dev/fuse",
                    "PathInContainer": "/dev/fuse",
                    "CgroupPermissions": "rwm"
                },
                {
                    "PathOnHost": "/dev/dri",
                    "PathInContainer": "/dev/dri",
                    "CgroupPermissions": "rwm"
                }
            ],
            "DeviceCgroupRules": null,
            "DeviceRequests": null,
            "MemoryReservation": 0,
            "MemorySwap": 0,
            "MemorySwappiness": null,
            "OomKillDisable": null,
            "PidsLimit": null,
            "Ulimits": null,
            "CpuCount": 0,
            "CpuPercent": 0,
            "IOMaximumIOps": 0,
            "IOMaximumBandwidth": 0,
            "Mounts": [
                {
                    "Type": "bind",
                    "Source": "/etc/ssl/certs/ca-certificates.crt",
                    "Target": "/etc/ssl/certs/ca-certificates.crt",
                    "ReadOnly": true,
                    "BindOptions": {}
                },
                {
                    "Type": "bind",
                    "Source": "/lzcsys/run/media",
                    "Target": "/lzcapp/run/mnt/media",
                    "BindOptions": {
                        "Propagation": "shared",
                        "CreateMountpoint": true
                    }
                },
                {
                    "Type": "bind",
                    "Source": "/lzcsys/sspks/lzc-runtime/lzcinit",
                    "Target": "/lzcinit/cloud.lazycat.aipod.knowledge",
                    "BindOptions": {}
                },
                {
                    "Type": "bind",
                    "Source": "/lzcsys/data/document/",
                    "Target": "/lzcapp/document",
                    "BindOptions": {
                        "Propagation": "slave",
                        "CreateMountpoint": true
                    }
                },
                {
                    "Type": "bind",
                    "Source": "/lzcsys/data/system/pkgm/apps/cloud.lazycat.aipod.knowledge/pkg",
                    "Target": "/lzcapp/pkg",
                    "ReadOnly": true,
                    "BindOptions": {}
                },
                {
                    "Type": "bind",
                    "Source": "/lzcsys/data/appcache/cloud.lazycat.aipod.knowledge",
                    "Target": "/lzcapp/cache",
                    "BindOptions": {
                        "Propagation": "shared"
                    }
                },
                {
                    "Type": "bind",
                    "Source": "/lzcsys/data/document/",
                    "Target": "/lzcapp/run/mnt/home",
                    "BindOptions": {
                        "Propagation": "slave",
                        "CreateMountpoint": true
                    }
                },
                {
                    "Type": "bind",
                    "Source": "/lzcsys/run/media",
                    "Target": "/lzcapp/media",
                    "BindOptions": {
                        "Propagation": "shared",
                        "CreateMountpoint": true
                    }
                }
            ],
            "MaskedPaths": [
                "/proc/asound",
                "/proc/acpi",
                "/proc/kcore",
                "/proc/keys",
                "/proc/latency_stats",
                "/proc/timer_list",
                "/proc/timer_stats",
                "/proc/sched_debug",
                "/proc/scsi",
                "/sys/firmware",
                "/sys/devices/virtual/powercap"
            ],
            "ReadonlyPaths": [
                "/proc/bus",
                "/proc/fs",
                "/proc/irq",
                "/proc/sys",
                "/proc/sysrq-trigger"
            ],
            "Init": false
        },
        "GraphDriver": {
            "Data": {
                "LowerDir": "/lzcsys/data/system/docker/overlay2/3c7de7a9a982fad93e47e83b875b6b9588e7cc3a2728d3cbd83d9c02fe79ed72-init/diff:/lzcsys/data/system/docker/overlay2/7dec19d7a2b0d7b63adc529e9cfb3a001e4c38b4abd9676db6996835663991a6/diff:/lzcsys/data/system/docker/overlay2/ed7097bc3b06fcf5b5fe1b7d4cbc4dbdfa561d0419ad1a049e33e2f7b3077247/diff:/lzcsys/data/system/docker/overlay2/ecfb20fd55f4ffba7e9d3638597d6b36a56811315cbad2782e213cba82403e64/diff:/lzcsys/data/system/docker/overlay2/d71c58e7f880804d705e9c4c727aaffb45972bb29d98df5c9e5dd4bed1c2702b/diff:/lzcsys/data/system/docker/overlay2/2231abda7154e074b53b85cc9816aaa29d031edeef193fc7328d8e4265ff147e/diff:/lzcsys/data/system/docker/overlay2/6972f6d8f45a9b61e94b87582bb5828aabadd54df9b38d0ef5acee318c760deb/diff:/lzcsys/data/system/docker/overlay2/38620462f2ee1364be04cd47e7f0260d1292b232a4272bed4991da039f00174d/diff",
                "MergedDir": "/lzcsys/data/system/docker/overlay2/3c7de7a9a982fad93e47e83b875b6b9588e7cc3a2728d3cbd83d9c02fe79ed72/merged",
                "UpperDir": "/lzcsys/data/system/docker/overlay2/3c7de7a9a982fad93e47e83b875b6b9588e7cc3a2728d3cbd83d9c02fe79ed72/diff",
                "WorkDir": "/lzcsys/data/system/docker/overlay2/3c7de7a9a982fad93e47e83b875b6b9588e7cc3a2728d3cbd83d9c02fe79ed72/work"
            },
            "Name": "overlay2"
        },
        "Mounts": [
            {
                "Type": "bind",
                "Source": "/lzcsys/data/appcache/cloud.lazycat.aipod.knowledge",
                "Destination": "/lzcapp/cache",
                "Mode": "",
                "RW": true,
                "Propagation": "shared"
            },
            {
                "Type": "bind",
                "Source": "/lzcsys/run/media",
                "Destination": "/lzcapp/media",
                "Mode": "",
                "RW": true,
                "Propagation": "shared"
            },
            {
                "Type": "bind",
                "Source": "/lzcsys/data/system/pkgm/run/cloud.lazycat.aipod.knowledge/pkg/manifest.yml",
                "Destination": "/lzcapp/run/manifest.yml",
                "Mode": "rw",
                "RW": true,
                "Propagation": "rprivate"
            },
            {
                "Type": "bind",
                "Source": "/etc/ssl/certs/ca-certificates.crt",
                "Destination": "/etc/ssl/certs/ca-certificates.crt",
                "Mode": "",
                "RW": false,
                "Propagation": "rprivate"
            },
            {
                "Type": "bind",
                "Source": "/usr/share/zoneinfo",
                "Destination": "/usr/share/zoneinfo",
                "Mode": "ro",
                "RW": false,
                "Propagation": "rprivate"
            },
            {
                "Type": "bind",
                "Source": "/etc/localtime",
                "Destination": "/etc/localtime",
                "Mode": "rw",
                "RW": true,
                "Propagation": "rprivate"
            },
            {
                "Type": "bind",
                "Source": "/lzcsys/sspks/lzc-runtime/lzcinit",
                "Destination": "/lzcinit/cloud.lazycat.aipod.knowledge",
                "Mode": "",
                "RW": true,
                "Propagation": "rprivate"
            },
            {
                "Type": "bind",
                "Source": "/lzcsys/data/system/pkgm/apps/cloud.lazycat.aipod.knowledge/pkg",
                "Destination": "/lzcapp/pkg",
                "Mode": "",
                "RW": false,
                "Propagation": "rprivate"
            },
            {
                "Type": "bind",
                "Source": "/lzcsys/data/document",
                "Destination": "/lzcapp/run/mnt/home",
                "Mode": "",
                "RW": true,
                "Propagation": "slave"
            },
            {
                "Type": "bind",
                "Source": "/lzcsys/data/appvar/cloud.lazycat.aipod.knowledge",
                "Destination": "/lzcapp/var",
                "Mode": "rw",
                "RW": true,
                "Propagation": "rprivate"
            },
            {
                "Type": "bind",
                "Source": "/run/lzc-sys",
                "Destination": "/lzcapp/run/sys",
                "Mode": "rw",
                "RW": true,
                "Propagation": "rprivate"
            },
            {
                "Type": "bind",
                "Source": "/lzcsys/run/media",
                "Destination": "/lzcapp/run/mnt/media",
                "Mode": "",
                "RW": true,
                "Propagation": "shared"
            },
            {
                "Type": "bind",
                "Source": "/lzcsys/data/document",
                "Destination": "/lzcapp/document",
                "Mode": "",
                "RW": true,
                "Propagation": "slave"
            },
            {
                "Type": "bind",
                "Source": "/lzcsys/run/app/cloud.lazycat.aipod.knowledge",
                "Destination": "/lzcapp/run",
                "Mode": "rw",
                "RW": true,
                "Propagation": "rprivate"
            }
        ],
        "Config": {
            "Hostname": "03d0b1b58431",
            "Domainname": "",
            "User": "0",
            "AttachStdin": false,
            "AttachStdout": true,
            "AttachStderr": true,
            "ExposedPorts": {
                "2019/tcp": {},
                "443/tcp": {},
                "443/udp": {},
                "80/tcp": {}
            },
            "Tty": false,
            "OpenStdin": false,
            "StdinOnce": false,
            "Env": [
                "LAZYCAT_APP_ID=cloud.lazycat.aipod.knowledge",
                "LAZYCAT_APP_SERVICE_NAME=caddy",
                "LAZYCAT_BOX_DOMAIN=axy.heiyu.space",
                "LAZYCAT_BOX_NAME=axy",
                "LAZYCAT_USER_ID=",
                "LZCAPP_API_GATEWAY_ADDRESS=app.cloud.lazycat.aipod.knowledge.lzcapp:81",
                "LAZYCAT_APP_DEPLOY_UID=",
                "LAZYCAT_APP_DOMAIN=knowledge.axy.heiyu.space",
                "PATH=/usr/local/sbin:/usr/local/bin:/usr/sbin:/usr/bin:/sbin:/bin",
                "CADDY_VERSION=v2.10.2",
                "XDG_CONFIG_HOME=/config",
                "XDG_DATA_HOME=/data"
            ],
            "Cmd": [
                "-setup-script",
                "caddy"
            ],
            "Image": "registry.lazycat.cloud/catdogai/caddy-aipod:65e058ce",
            "Volumes": null,
            "WorkingDir": "/srv",
            "Entrypoint": [
                "/lzcinit/cloud.lazycat.aipod.knowledge"
            ],
            "OnBuild": null,
            "Labels": {
                "com.docker.compose.config-hash": "903c0fbb53888fcc4e1818573399161e9c158ec085b13030aaebca7c32f1c730",
                "com.docker.compose.container-number": "1",
                "com.docker.compose.depends_on": "",
                "com.docker.compose.image": "sha256:ef82461ee6be82c78e6d6bdf6d0edf3d38181ae5154a93f8c83bbff7d861907a",
                "com.docker.compose.oneoff": "False",
                "com.docker.compose.project": "cloudlazycataipodknowledge",
                "com.docker.compose.project.config_files": "/lzcsys/data/system/pkgm/run/cloud.lazycat.aipod.knowledge/docker-compose.yml,/lzcsys/data/system/pkgm/run/cloud.lazycat.aipod.knowledge/compose.override.yml",
                "com.docker.compose.project.working_dir": "/lzcsys/data/system/pkgm/run/cloud.lazycat.aipod.knowledge",
                "com.docker.compose.service": "caddy",
                "com.docker.compose.version": "2.32.4",
                "lzcapp.app-id": "cloud.lazycat.aipod.knowledge",
                "lzcapp.user-id": "",
                "org.opencontainers.image.description": "a powerful, enterprise-ready, open source web server with automatic HTTPS written in Go",
                "org.opencontainers.image.documentation": "https://caddyserver.com/docs",
                "org.opencontainers.image.licenses": "Apache-2.0",
                "org.opencontainers.image.source": "https://github.com/caddyserver/caddy-docker",
                "org.opencontainers.image.title": "Caddy",
                "org.opencontainers.image.url": "https://caddyserver.com",
                "org.opencontainers.image.vendor": "Light Code Labs",
                "org.opencontainers.image.version": "v2.10.2"
            }
        },
        "NetworkSettings": {
            "Bridge": "",
            "SandboxID": "042004f817e97728e5dad970fad839268c91231e4e51b9611fcce68debb888ec",
            "SandboxKey": "/lzcsys/run/lzc-docker/docker/netns/042004f817e9",
            "Ports": {
                "2019/tcp": null,
                "443/tcp": null,
                "443/udp": null,
                "80/tcp": null
            },
            "HairpinMode": false,
            "LinkLocalIPv6Address": "",
            "LinkLocalIPv6PrefixLen": 0,
            "SecondaryIPAddresses": null,
            "SecondaryIPv6Addresses": null,
            "EndpointID": "",
            "Gateway": "",
            "GlobalIPv6Address": "",
            "GlobalIPv6PrefixLen": 0,
            "IPAddress": "",
            "IPPrefixLen": 0,
            "IPv6Gateway": "",
            "MacAddress": "",
            "Networks": {
                "cloudlazycataipodknowledge_default": {
                    "IPAMConfig": null,
                    "Links": null,
                    "Aliases": [
                        "cloudlazycataipodknowledge-caddy-1",
                        "caddy"
                    ],
                    "MacAddress": "02:42:ac:1c:03:43",
                    "DriverOpts": null,
                    "NetworkID": "8cdda0968518fdc519ac9d5daaf4a7bb1c2d1e1241dd96ebd87ac385a4f5f4fb",
                    "EndpointID": "d42943e5da71f402721a48d60f634a209151d947a874a496f6978cf29e441ab3",
                    "Gateway": "172.28.3.65",
                    "IPAddress": "172.28.3.67",
                    "IPPrefixLen": 26,
                    "IPv6Gateway": "fd03:1136:3800::341",
                    "GlobalIPv6Address": "fd03:1136:3800::343",
                    "GlobalIPv6PrefixLen": 122,
                    "DNSNames": [
                        "cloudlazycataipodknowledge-caddy-1",
                        "caddy",
                        "03d0b1b58431"
                    ]
                }
            }
        }
    }
]
