[
    {
        "Id": "9f8877ce6f9cc3e33d51589b5ce64228c12874c6f4289ffbbf1091dd8c02264d",
        "Created": "2025-11-16T09:14:17.279454157Z",
        "Path": "/lzcinit/cloud.lazycat.developer.tools",
        "Args": [
            "-listen",
            ":80",
            "-grpc_listen",
            ":81"
        ],
        "State": {
            "Status": "running",
            "Running": true,
            "Paused": false,
            "Restarting": false,
            "OOMKilled": false,
            "Dead": false,
            "Pid": 2316558,
            "ExitCode": 0,
            "Error": "",
            "StartedAt": "2025-11-16T09:14:23.690310529Z",
            "FinishedAt": "0001-01-01T00:00:00Z",
            "Health": {
                "Status": "healthy",
                "FailingStreak": 0,
                "Log": [
                    {
                        "Start": "2025-11-16T20:43:24.475856274+08:00",
                        "End": "2025-11-16T20:43:24.518409248+08:00",
                        "ExitCode": 0,
                        "Output": ""
                    },
                    {
                        "Start": "2025-11-16T20:43:54.519957039+08:00",
                        "End": "2025-11-16T20:43:54.57081161+08:00",
                        "ExitCode": 0,
                        "Output": ""
                    },
                    {
                        "Start": "2025-11-16T20:44:24.571257062+08:00",
                        "End": "2025-11-16T20:44:24.635743246+08:00",
                        "ExitCode": 0,
                        "Output": ""
                    },
                    {
                        "Start": "2025-11-16T20:44:54.636555004+08:00",
                        "End": "2025-11-16T20:44:54.695988912+08:00",
                        "ExitCode": 0,
                        "Output": ""
                    },
                    {
                        "Start": "2025-11-16T20:45:24.696389512+08:00",
                        "End": "2025-11-16T20:45:24.75827085+08:00",
                        "ExitCode": 0,
                        "Output": ""
                    }
                ]
            }
        },
        "Image": "sha256:f170d538ebfa48f444680592f2df80356138b5d58be18dd42a8c63ea68c5593f",
        "ResolvConfPath": "/lzcsys/data/system/docker/containers/9f8877ce6f9cc3e33d51589b5ce64228c12874c6f4289ffbbf1091dd8c02264d/resolv.conf",
        "HostnamePath": "/lzcsys/data/system/docker/containers/9f8877ce6f9cc3e33d51589b5ce64228c12874c6f4289ffbbf1091dd8c02264d/hostname",
        "HostsPath": "/lzcsys/data/system/docker/containers/9f8877ce6f9cc3e33d51589b5ce64228c12874c6f4289ffbbf1091dd8c02264d/hosts",
        "LogPath": "",
        "Name": "/cloudlazycatdevelopertools-app-1",
        "RestartCount": 0,
        "Driver": "overlay2",
        "Platform": "linux",
        "MountLabel": "",
        "ProcessLabel": "",
        "AppArmorProfile": "",
        "ExecIDs": null,
        "HostConfig": {
            "Binds": [
                "/lzcsys/run/app/cloud.lazycat.developer.tools:/lzcapp/run:rw",
                "/run/lzc-sys:/lzcapp/run/sys:rw",
                "/etc/localtime:/etc/localtime:rw",
                "/lzcsys/data/appvar/cloud.lazycat.developer.tools:/lzcapp/var:rw",
                "/usr/share/zoneinfo:/usr/share/zoneinfo:ro",
                "/lzcsys/data/system/pkgm/run/cloud.lazycat.developer.tools/pkg/manifest.yml:/lzcapp/run/manifest.yml:rw"
            ],
            "ContainerIDFile": "",
            "LogConfig": {
                "Type": "lzc-logging-driver",
                "Config": {
                    "max-backups": "5",
                    "max-size": "20m"
                }
            },
            "NetworkMode": "cloudlazycatdevelopertools_default",
            "PortBindings": {},
            "RestartPolicy": {
                "Name": "no",
                "MaximumRetryCount": 0
            },
            "AutoRemove": false,
            "VolumeDriver": "",
            "VolumesFrom": null,
            "ConsoleSize": [
                0,
                0
            ],
            "CapAdd": [
                "SYS_ADMIN"
            ],
            "CapDrop": null,
            "CgroupnsMode": "private",
            "Dns": [
                "172.18.0.1"
            ],
            "DnsOptions": null,
            "DnsSearch": null,
            "ExtraHosts": [],
            "GroupAdd": null,
            "IpcMode": "private",
            "Cgroup": "",
            "Links": null,
            "OomScoreAdj": 500,
            "PidMode": "",
            "Privileged": false,
            "PublishAllPorts": false,
            "ReadonlyRootfs": false,
            "SecurityOpt": null,
            "UTSMode": "",
            "UsernsMode": "",
            "ShmSize": 67108864,
            "Runtime": "runc",
            "Isolation": "",
            "CpuShares": 0,
            "Memory": 0,
            "NanoCpus": 0,
            "CgroupParent": "lzcapp-cloud.lazycat.developer.tools.slice",
            "BlkioWeight": 0,
            "BlkioWeightDevice": null,
            "BlkioDeviceReadBps": null,
            "BlkioDeviceWriteBps": null,
            "BlkioDeviceReadIOps": null,
            "BlkioDeviceWriteIOps": null,
            "CpuPeriod": 0,
            "CpuQuota": 0,
            "CpuRealtimePeriod": 0,
            "CpuRealtimeRuntime": 0,
            "CpusetCpus": "",
            "CpusetMems": "",
            "Devices": [
                {
                    "PathOnHost": "/dev/fuse",
                    "PathInContainer": "/dev/fuse",
                    "CgroupPermissions": "rwm"
                }
            ],
            "DeviceCgroupRules": null,
            "DeviceRequests": null,
            "MemoryReservation": 0,
            "MemorySwap": 0,
            "MemorySwappiness": null,
            "OomKillDisable": null,
            "PidsLimit": null,
            "Ulimits": null,
            "CpuCount": 0,
            "CpuPercent": 0,
            "IOMaximumIOps": 0,
            "IOMaximumBandwidth": 0,
            "Mounts": [
                {
                    "Type": "bind",
                    "Source": "/lzcsys/run/lzc-docker",
                    "Target": "/lzcapp/run/lzc-docker",
                    "BindOptions": {
                        "Propagation": "slave",
                        "CreateMountpoint": true
                    }
                },
                {
                    "Type": "bind",
                    "Source": "/lzcsys/data/appvar/",
                    "Target": "/lzcapp/run/data/app/var",
                    "BindOptions": {
                        "Propagation": "slave",
                        "CreateMountpoint": true
                    }
                },
                {
                    "Type": "bind",
                    "Source": "/etc/ssl/certs/ca-certificates.crt",
                    "Target": "/etc/ssl/certs/ca-certificates.crt",
                    "ReadOnly": true,
                    "BindOptions": {}
                },
                {
                    "Type": "bind",
                    "Source": "/lzcsys/data/appcache/cloud.lazycat.developer.tools",
                    "Target": "/lzcapp/cache",
                    "BindOptions": {
                        "Propagation": "shared"
                    }
                },
                {
                    "Type": "bind",
                    "Source": "/lzcsys/data/system/pkgm/apps/",
                    "Target": "/lzcapp/run/lzc-docker/compose",
                    "BindOptions": {
                        "Propagation": "slave",
                        "CreateMountpoint": true
                    }
                },
                {
                    "Type": "bind",
                    "Source": "/lzcsys/data/appcache/",
                    "Target": "/lzcapp/run/data/app/cache",
                    "BindOptions": {
                        "Propagation": "slave",
                        "CreateMountpoint": true
                    }
                },
                {
                    "Type": "bind",
                    "Source": "/lzcsys/data/document/",
                    "Target": "/lzcapp/run/mnt/home",
                    "BindOptions": {
                        "Propagation": "slave",
                        "CreateMountpoint": true
                    }
                },
                {
                    "Type": "bind",
                    "Source": "/lzcsys/data/document/",
                    "Target": "/lzcapp/document",
                    "BindOptions": {
                        "Propagation": "slave",
                        "CreateMountpoint": true
                    }
                },
                {
                    "Type": "bind",
                    "Source": "/lzcsys/sspks/lzc-runtime/lzcinit",
                    "Target": "/lzcinit/cloud.lazycat.developer.tools",
                    "BindOptions": {}
                },
                {
                    "Type": "bind",
                    "Source": "/lzcsys/data/system/pkgm/apps/cloud.lazycat.developer.tools/pkg",
                    "Target": "/lzcapp/pkg",
                    "ReadOnly": true,
                    "BindOptions": {}
                }
            ],
            "MaskedPaths": [
                "/proc/asound",
                "/proc/acpi",
                "/proc/kcore",
                "/proc/keys",
                "/proc/latency_stats",
                "/proc/timer_list",
                "/proc/timer_stats",
                "/proc/sched_debug",
                "/proc/scsi",
                "/sys/firmware",
                "/sys/devices/virtual/powercap"
            ],
            "ReadonlyPaths": [
                "/proc/bus",
                "/proc/fs",
                "/proc/irq",
                "/proc/sys",
                "/proc/sysrq-trigger"
            ]
        },
        "GraphDriver": {
            "Data": {
                "LowerDir": "/lzcsys/data/system/docker/overlay2/b208934da2ce30a7351b2198a38855861fb26a72acfa64858be8f9c51f3fc7b4-init/diff:/lzcsys/data/system/docker/overlay2/c50ac9218ef3eef7a2722649a3d9431b6a9a98764dedcb2ee2ef3c57c9d06238/diff:/lzcsys/data/system/docker/overlay2/8e4c5d44432276d6c97e4480a4ae9b52a3a56f11bc8ac9aaf09ba26ab12517ce/diff:/lzcsys/data/system/docker/overlay2/e30c733780a69b1b1263d1dde1e3806ccd429d7e4817d79159ee8d3b80da3084/diff:/lzcsys/data/system/docker/overlay2/8326cbf9dcf0d560d5aebd55be861ff3142c006de8e249a6fff75631cce9acdf/diff:/lzcsys/data/system/docker/overlay2/2d7357f2a542d3fb4f0415bebf9382c7e1814d07d3a0e9cc8b19686da5c74800/diff:/lzcsys/data/system/docker/overlay2/a79e605da83e951ac4b07c4cbd01cb340f710408e2dad45872a7d0cff0e5662e/diff:/lzcsys/data/system/docker/overlay2/5cf6bc726b125fe3523eda91ade29f8cf722be0530ed1b99932bfed429a4db68/diff:/lzcsys/data/system/docker/overlay2/5610aa2b846cb8449b0ed7b889c7e61e79c5228115833f5cc62da228df78b05a/diff:/lzcsys/data/system/docker/overlay2/3e7ff61e5fa17c63bb5c34c9d1cd33872fb9a663b50ed907f9c1097ebe376e27/diff:/lzcsys/data/system/docker/overlay2/ef9cafeedac2496fb95a21ad96842b11437da731f90b9f56c07359d9d621a644/diff:/lzcsys/data/system/docker/overlay2/02ae10764b6c793d155ae790922be61974cce4489dcd07a3eb5af68480545a38/diff:/lzcsys/data/system/docker/overlay2/565a04c71f3c4c4a4bfc6db1ed88642975efa3577419e81156f556930e05824d/diff:/lzcsys/data/system/docker/overlay2/a7e9d90b8fa280800ebf72b3e037a77aebc40baf20231bb4e3bb90f740f15e49/diff:/lzcsys/data/system/docker/overlay2/d59b9bf026d6deecf77b98eac43bdb2cb62e49ed406cfe9e3f0420d086617645/diff:/lzcsys/data/system/docker/overlay2/06d7b11a7f8cc09a4fd60397a15c6d8bd102246b92d39285c2a285779e13eeef/diff:/lzcsys/data/system/docker/overlay2/58bb96097d24ad354fc1d11a208f65ece268b13465f14a957c7c3721e58a5318/diff",
                "MergedDir": "/lzcsys/data/system/docker/overlay2/b208934da2ce30a7351b2198a38855861fb26a72acfa64858be8f9c51f3fc7b4/merged",
                "UpperDir": "/lzcsys/data/system/docker/overlay2/b208934da2ce30a7351b2198a38855861fb26a72acfa64858be8f9c51f3fc7b4/diff",
                "WorkDir": "/lzcsys/data/system/docker/overlay2/b208934da2ce30a7351b2198a38855861fb26a72acfa64858be8f9c51f3fc7b4/work"
            },
            "Name": "overlay2"
        },
        "Mounts": [
            {
                "Type": "bind",
                "Source": "/run/lzc-sys",
                "Destination": "/lzcapp/run/sys",
                "Mode": "rw",
                "RW": true,
                "Propagation": "rprivate"
            },
            {
                "Type": "bind",
                "Source": "/lzcsys/data/system/pkgm/apps",
                "Destination": "/lzcapp/run/lzc-docker/compose",
                "Mode": "",
                "RW": true,
                "Propagation": "slave"
            },
            {
                "Type": "bind",
                "Source": "/lzcsys/data/document",
                "Destination": "/lzcapp/run/mnt/home",
                "Mode": "",
                "RW": true,
                "Propagation": "slave"
            },
            {
                "Type": "bind",
                "Source": "/lzcsys/data/system/pkgm/apps/cloud.lazycat.developer.tools/pkg",
                "Destination": "/lzcapp/pkg",
                "Mode": "",
                "RW": false,
                "Propagation": "rprivate"
            },
            {
                "Type": "volume",
                "Name": "28347de656244d4466eb65de14aa5e8e712c751021f6f054c7704f79757193a0",
                "Source": "/lzcsys/data/system/docker/volumes/28347de656244d4466eb65de14aa5e8e712c751021f6f054c7704f79757193a0/_data",
                "Destination": "/home/build/.local/share/containers",
                "Driver": "local",
                "Mode": "",
                "RW": true,
                "Propagation": ""
            },
            {
                "Type": "bind",
                "Source": "/lzcsys/run/lzc-docker",
                "Destination": "/lzcapp/run/lzc-docker",
                "Mode": "",
                "RW": true,
                "Propagation": "slave"
            },
            {
                "Type": "bind",
                "Source": "/lzcsys/data/appvar",
                "Destination": "/lzcapp/run/data/app/var",
                "Mode": "",
                "RW": true,
                "Propagation": "slave"
            },
            {
                "Type": "bind",
                "Source": "/etc/ssl/certs/ca-certificates.crt",
                "Destination": "/etc/ssl/certs/ca-certificates.crt",
                "Mode": "",
                "RW": false,
                "Propagation": "rprivate"
            },
            {
                "Type": "bind",
                "Source": "/lzcsys/data/document",
                "Destination": "/lzcapp/document",
                "Mode": "",
                "RW": true,
                "Propagation": "slave"
            },
            {
                "Type": "bind",
                "Source": "/lzcsys/sspks/lzc-runtime/lzcinit",
                "Destination": "/lzcinit/cloud.lazycat.developer.tools",
                "Mode": "",
                "RW": true,
                "Propagation": "rprivate"
            },
            {
                "Type": "bind",
                "Source": "/lzcsys/run/app/cloud.lazycat.developer.tools",
                "Destination": "/lzcapp/run",
                "Mode": "rw",
                "RW": true,
                "Propagation": "rprivate"
            },
            {
                "Type": "bind",
                "Source": "/usr/share/zoneinfo",
                "Destination": "/usr/share/zoneinfo",
                "Mode": "ro",
                "RW": false,
                "Propagation": "rprivate"
            },
            {
                "Type": "bind",
                "Source": "/lzcsys/data/system/pkgm/run/cloud.lazycat.developer.tools/pkg/manifest.yml",
                "Destination": "/lzcapp/run/manifest.yml",
                "Mode": "rw",
                "RW": true,
                "Propagation": "rprivate"
            },
            {
                "Type": "volume",
                "Name": "8de1cb36c172ecdea9c37d3096b572f22f0ea25cdd359e49b78ebe78bca291b4",
                "Source": "/lzcsys/data/system/docker/volumes/8de1cb36c172ecdea9c37d3096b572f22f0ea25cdd359e49b78ebe78bca291b4/_data",
                "Destination": "/var/lib/containers",
                "Driver": "local",
                "Mode": "",
                "RW": true,
                "Propagation": ""
            },
            {
                "Type": "bind",
                "Source": "/etc/localtime",
                "Destination": "/etc/localtime",
                "Mode": "rw",
                "RW": true,
                "Propagation": "rprivate"
            },
            {
                "Type": "bind",
                "Source": "/lzcsys/data/appvar/cloud.lazycat.developer.tools",
                "Destination": "/lzcapp/var",
                "Mode": "rw",
                "RW": true,
                "Propagation": "rprivate"
            },
            {
                "Type": "bind",
                "Source": "/lzcsys/data/appcache/cloud.lazycat.developer.tools",
                "Destination": "/lzcapp/cache",
                "Mode": "",
                "RW": true,
                "Propagation": "shared"
            },
            {
                "Type": "bind",
                "Source": "/lzcsys/data/appcache",
                "Destination": "/lzcapp/run/data/app/cache",
                "Mode": "",
                "RW": true,
                "Propagation": "slave"
            }
        ],
        "Config": {
            "Hostname": "9f8877ce6f9c",
            "Domainname": "",
            "User": "",
            "AttachStdin": false,
            "AttachStdout": true,
            "AttachStderr": true,
            "ExposedPorts": {
                "22222/tcp": {}
            },
            "Tty": false,
            "OpenStdin": false,
            "StdinOnce": false,
            "Env": [
                "LZCAPP_API_GATEWAY_ADDRESS=app.cloud.lazycat.developer.tools.lzcapp:81",
                "LAZYCAT_APP_DEPLOY_UID=",
                "LAZYCAT_APP_DOMAIN=dev.axy.heiyu.space",
                "LAZYCAT_APP_ID=cloud.lazycat.developer.tools",
                "LAZYCAT_APP_SERVICE_NAME=app",
                "LAZYCAT_BOX_DOMAIN=axy.heiyu.space",
                "LAZYCAT_BOX_NAME=axy",
                "LAZYCAT_USER_ID=",
                "container=oci",
                "PATH=/usr/local/sbin:/usr/local/bin:/usr/sbin:/usr/bin:/sbin:/bin",
                "BUILDAH_ISOLATION=chroot",
                "BUILD_REGISTRY_SOURCES={\"insecureRegistries\":[\"registry.lazycat.cloud\"]}"
            ],
            "Cmd": [
                "/lzcinit/cloud.lazycat.developer.tools",
                "-listen",
                ":80",
                "-grpc_listen",
                ":81"
            ],
            "Healthcheck": {
                "Test": [
                    "CMD",
                    "/lzcinit/cloud.lazycat.developer.tools",
                    "-healthcheck"
                ],
                "StartPeriod": 300000000000,
                "StartInterval": 1000000000
            },
            "Image": "registry.lazycat.cloud/lzc/debug-bridge:v0.0.28",
            "Volumes": {
                "/home/build/.local/share/containers": {},
                "/var/lib/containers": {}
            },
            "WorkingDir": "",
            "Entrypoint": null,
            "OnBuild": null,
            "Labels": {
                "built.by.commit": "f27333ae1ff3efbc9e5a507bb44c90e3bacc937e",
                "built.by.digest": "sha256:113ae526992d1e4d777ecfb152085119d47d9ee32c2b6ffe2e25e16dbd3e953d",
                "built.by.exec": "containers_build_push.sh",
                "built.by.logs": "https://cirrus-ci.com/task/5529978471710720",
                "built.by.repo": "https://github.com/containers/image_build.git",
                "com.docker.compose.config-hash": "73ee2f16022e834350b7d0a592b97a8907f78607e81082c6a5d3366b2246a6b4",
                "com.docker.compose.container-number": "1",
                "com.docker.compose.depends_on": "",
                "com.docker.compose.image": "sha256:f170d538ebfa48f444680592f2df80356138b5d58be18dd42a8c63ea68c5593f",
                "com.docker.compose.oneoff": "False",
                "com.docker.compose.project": "cloudlazycatdevelopertools",
                "com.docker.compose.project.config_files": "/lzcsys/data/system/pkgm/run/cloud.lazycat.developer.tools/docker-compose.yml",
                "com.docker.compose.project.working_dir": "/lzcsys/data/system/pkgm/run/cloud.lazycat.developer.tools",
                "com.docker.compose.service": "app",
                "com.docker.compose.version": "2.32.4",
                "io.buildah.version": "1.35.4",
                "io.containers.capabilities": "CHOWN,DAC_OVERRIDE,FOWNER,FSETID,KILL,NET_BIND_SERVICE,SETFCAP,SETGID,SETPCAP,SETUID,CHOWN,DAC_OVERRIDE,FOWNER,FSETID,KILL,NET_BIND_SERVICE,SETFCAP,SETGID,SETPCAP,SETUID,SYS_CHROOT",
                "license": "MIT",
                "lzcapp.app-id": "cloud.lazycat.developer.tools",
                "lzcapp.user-id": "",
                "name": "fedora",
                "org.opencontainers.image.authors": "podman@lists.podman.io",
                "org.opencontainers.image.created": "2024-08-30T15:23:03+00:00",
                "org.opencontainers.image.documentation": "https://github.com/containers/image_build/blob/f27333ae1ff3efbc9e5a507bb44c90e3bacc937e/buildah/README.md",
                "org.opencontainers.image.license": "MIT",
                "org.opencontainers.image.name": "fedora",
                "org.opencontainers.image.revision": "f27333ae1ff3efbc9e5a507bb44c90e3bacc937e",
                "org.opencontainers.image.source": "https://github.com/containers/image_build/blob/f27333ae1ff3efbc9e5a507bb44c90e3bacc937e/buildah/",
                "org.opencontainers.image.url": "https://quay.io/buildah/stable",
                "org.opencontainers.image.vendor": "Fedora Project",
                "org.opencontainers.image.version": "1.37.0",
                "vendor": "Fedora Project",
                "version": "40"
            }
        },
        "NetworkSettings": {
            "Bridge": "",
            "SandboxID": "0ac5b47e0e4ecc5dd6c8eebf83110baac27f4e6e8c229ba707cd885796d47f35",
            "SandboxKey": "/lzcsys/run/lzc-docker/docker/netns/0ac5b47e0e4e",
            "Ports": {
                "22222/tcp": null
            },
            "HairpinMode": false,
            "LinkLocalIPv6Address": "",
            "LinkLocalIPv6PrefixLen": 0,
            "SecondaryIPAddresses": null,
            "SecondaryIPv6Addresses": null,
            "EndpointID": "",
            "Gateway": "",
            "GlobalIPv6Address": "",
            "GlobalIPv6PrefixLen": 0,
            "IPAddress": "",
            "IPPrefixLen": 0,
            "IPv6Gateway": "",
            "MacAddress": "",
            "Networks": {
                "cloudlazycatdevelopertools_default": {
                    "IPAMConfig": null,
                    "Links": null,
                    "Aliases": [
                        "cloudlazycatdevelopertools-app-1",
                        "app"
                    ],
                    "MacAddress": "02:42:ac:1c:02:c4",
                    "DriverOpts": null,
                    "NetworkID": "fbbc102982361e7d2dd3c5c423bbc345634b1718ace75c07aa2b5f1a78200535",
                    "EndpointID": "58ac416b5307b2573ff88b692e0aaaa26f8f40ef621ee021de9c4317a6e7f631",
                    "Gateway": "172.28.2.193",
                    "IPAddress": "172.28.2.196",
                    "IPPrefixLen": 26,
                    "IPv6Gateway": "fd03:1136:3800::2c1",
                    "GlobalIPv6Address": "fd03:1136:3800::2c4",
                    "GlobalIPv6PrefixLen": 122,
                    "DNSNames": [
                        "cloudlazycatdevelopertools-app-1",
                        "app",
                        "9f8877ce6f9c"
                    ]
                }
            }
        }
    }
]
