[
    {
        "Id": "b0f6e1822ab89cc46ee509b58b34da6d8c28b1d8a329dc4bea13cd31f869db68",
        "Created": "2025-11-16T07:55:20.869421592Z",
        "Path": "/lzcinit/cloud.lazycat.app.photo",
        "Args": [
            "-listen",
            ":80",
            "-grpc_listen",
            ":81"
        ],
        "State": {
            "Status": "running",
            "Running": true,
            "Paused": false,
            "Restarting": false,
            "OOMKilled": false,
            "Dead": false,
            "Pid": 1347660,
            "ExitCode": 0,
            "Error": "",
            "StartedAt": "2025-11-16T07:55:38.55032809Z",
            "FinishedAt": "0001-01-01T00:00:00Z",
            "Health": {
                "Status": "healthy",
                "FailingStreak": 0,
                "Log": [
                    {
                        "Start": "2025-11-16T20:43:39.280069513+08:00",
                        "End": "2025-11-16T20:43:39.332420816+08:00",
                        "ExitCode": 0,
                        "Output": ""
                    },
                    {
                        "Start": "2025-11-16T20:44:09.333378319+08:00",
                        "End": "2025-11-16T20:44:09.377215198+08:00",
                        "ExitCode": 0,
                        "Output": ""
                    },
                    {
                        "Start": "2025-11-16T20:44:39.378292301+08:00",
                        "End": "2025-11-16T20:44:39.447297265+08:00",
                        "ExitCode": 0,
                        "Output": ""
                    },
                    {
                        "Start": "2025-11-16T20:45:09.448200286+08:00",
                        "End": "2025-11-16T20:45:09.483092167+08:00",
                        "ExitCode": 0,
                        "Output": ""
                    },
                    {
                        "Start": "2025-11-16T20:45:39.483855667+08:00",
                        "End": "2025-11-16T20:45:39.537991388+08:00",
                        "ExitCode": 0,
                        "Output": ""
                    }
                ]
            }
        },
        "Image": "sha256:31162975262407047ee7c8d795b143188dc582d479335d411615ae7360143303",
        "ResolvConfPath": "/lzcsys/data/system/docker/containers/b0f6e1822ab89cc46ee509b58b34da6d8c28b1d8a329dc4bea13cd31f869db68/resolv.conf",
        "HostnamePath": "/lzcsys/data/system/docker/containers/b0f6e1822ab89cc46ee509b58b34da6d8c28b1d8a329dc4bea13cd31f869db68/hostname",
        "HostsPath": "/lzcsys/data/system/docker/containers/b0f6e1822ab89cc46ee509b58b34da6d8c28b1d8a329dc4bea13cd31f869db68/hosts",
        "LogPath": "",
        "Name": "/cloudlazycatappphoto-app-1",
        "RestartCount": 0,
        "Driver": "overlay2",
        "Platform": "linux",
        "MountLabel": "",
        "ProcessLabel": "",
        "AppArmorProfile": "",
        "ExecIDs": null,
        "HostConfig": {
            "Binds": [
                "/lzcsys/data/system/pkgm/run/cloud.lazycat.app.photo/pkg/manifest.yml:/lzcapp/run/manifest.yml:rw",
                "/usr/share/zoneinfo:/usr/share/zoneinfo:ro",
                "/run/lzc-sys:/lzcapp/run/sys:rw",
                "/etc/localtime:/etc/localtime:rw",
                "/lzcsys/data/appvar/cloud.lazycat.app.photo:/lzcapp/var:rw",
                "/lzcsys/run/app/cloud.lazycat.app.photo:/lzcapp/run:rw"
            ],
            "ContainerIDFile": "",
            "LogConfig": {
                "Type": "lzc-logging-driver",
                "Config": {
                    "max-backups": "5",
                    "max-size": "20m"
                }
            },
            "NetworkMode": "cloudlazycatappphoto_default",
            "PortBindings": {},
            "RestartPolicy": {
                "Name": "no",
                "MaximumRetryCount": 0
            },
            "AutoRemove": false,
            "VolumeDriver": "",
            "VolumesFrom": null,
            "ConsoleSize": [
                0,
                0
            ],
            "CapAdd": null,
            "CapDrop": null,
            "CgroupnsMode": "private",
            "Dns": [
                "172.18.0.1"
            ],
            "DnsOptions": null,
            "DnsSearch": null,
            "ExtraHosts": [],
            "GroupAdd": null,
            "IpcMode": "private",
            "Cgroup": "",
            "Links": null,
            "OomScoreAdj": 500,
            "PidMode": "",
            "Privileged": false,
            "PublishAllPorts": false,
            "ReadonlyRootfs": false,
            "SecurityOpt": null,
            "UTSMode": "",
            "UsernsMode": "",
            "ShmSize": 67108864,
            "Runtime": "runc",
            "Isolation": "",
            "CpuShares": 0,
            "Memory": 0,
            "NanoCpus": 0,
            "CgroupParent": "lzcapp-cloud.lazycat.app.photo.slice",
            "BlkioWeight": 0,
            "BlkioWeightDevice": null,
            "BlkioDeviceReadBps": null,
            "BlkioDeviceWriteBps": null,
            "BlkioDeviceReadIOps": null,
            "BlkioDeviceWriteIOps": null,
            "CpuPeriod": 0,
            "CpuQuota": 0,
            "CpuRealtimePeriod": 0,
            "CpuRealtimeRuntime": 0,
            "CpusetCpus": "",
            "CpusetMems": "",
            "Devices": [
                {
                    "PathOnHost": "/dev/fuse",
                    "PathInContainer": "/dev/fuse",
                    "CgroupPermissions": "rwm"
                },
                {
                    "PathOnHost": "/dev/dri",
                    "PathInContainer": "/dev/dri",
                    "CgroupPermissions": "rwm"
                }
            ],
            "DeviceCgroupRules": null,
            "DeviceRequests": null,
            "MemoryReservation": 0,
            "MemorySwap": 0,
            "MemorySwappiness": null,
            "OomKillDisable": null,
            "PidsLimit": null,
            "Ulimits": null,
            "CpuCount": 0,
            "CpuPercent": 0,
            "IOMaximumIOps": 0,
            "IOMaximumBandwidth": 0,
            "Mounts": [
                {
                    "Type": "bind",
                    "Source": "/lzcsys/sspks/lzc-runtime/lzcinit",
                    "Target": "/lzcinit/cloud.lazycat.app.photo",
                    "BindOptions": {}
                },
                {
                    "Type": "bind",
                    "Source": "/lzcsys/data/appcache/cloud.lazycat.app.photo",
                    "Target": "/lzcapp/cache",
                    "BindOptions": {
                        "Propagation": "shared"
                    }
                },
                {
                    "Type": "bind",
                    "Source": "/etc/ssl/certs/ca-certificates.crt",
                    "Target": "/etc/ssl/certs/ca-certificates.crt",
                    "ReadOnly": true,
                    "BindOptions": {}
                },
                {
                    "Type": "bind",
                    "Source": "/lzcsys/data/document/",
                    "Target": "/lzcapp/run/mnt/home",
                    "BindOptions": {
                        "Propagation": "slave",
                        "CreateMountpoint": true
                    }
                },
                {
                    "Type": "bind",
                    "Source": "/lzcsys/data/document/",
                    "Target": "/lzcapp/document",
                    "BindOptions": {
                        "Propagation": "slave",
                        "CreateMountpoint": true
                    }
                },
                {
                    "Type": "bind",
                    "Source": "/lzcsys/data/system/pkgm/apps/cloud.lazycat.app.photo/pkg",
                    "Target": "/lzcapp/pkg",
                    "ReadOnly": true,
                    "BindOptions": {}
                }
            ],
            "MaskedPaths": [
                "/proc/asound",
                "/proc/acpi",
                "/proc/kcore",
                "/proc/keys",
                "/proc/latency_stats",
                "/proc/timer_list",
                "/proc/timer_stats",
                "/proc/sched_debug",
                "/proc/scsi",
                "/sys/firmware",
                "/sys/devices/virtual/powercap"
            ],
            "ReadonlyPaths": [
                "/proc/bus",
                "/proc/fs",
                "/proc/irq",
                "/proc/sys",
                "/proc/sysrq-trigger"
            ]
        },
        "GraphDriver": {
            "Data": {
                "LowerDir": "/lzcsys/data/system/docker/overlay2/4562ba4bcbc67c2c69f79b6d966a2d38a38b62feb9189dd0d7df89f216da9c5b-init/diff:/lzcsys/data/system/docker/overlay2/48b905103a3bd3304874b88a1c930165323c18352a1b80ec5c762a0d9e829bc6/diff:/lzcsys/data/system/docker/overlay2/4dc9e32ebefde6201bb707671afe94b89c74fb2f1828c7455cb599f4d7afbeab/diff",
                "MergedDir": "/lzcsys/data/system/docker/overlay2/4562ba4bcbc67c2c69f79b6d966a2d38a38b62feb9189dd0d7df89f216da9c5b/merged",
                "UpperDir": "/lzcsys/data/system/docker/overlay2/4562ba4bcbc67c2c69f79b6d966a2d38a38b62feb9189dd0d7df89f216da9c5b/diff",
                "WorkDir": "/lzcsys/data/system/docker/overlay2/4562ba4bcbc67c2c69f79b6d966a2d38a38b62feb9189dd0d7df89f216da9c5b/work"
            },
            "Name": "overlay2"
        },
        "Mounts": [
            {
                "Type": "bind",
                "Source": "/lzcsys/sspks/lzc-runtime/lzcinit",
                "Destination": "/lzcinit/cloud.lazycat.app.photo",
                "Mode": "",
                "RW": true,
                "Propagation": "rprivate"
            },
            {
                "Type": "bind",
                "Source": "/etc/ssl/certs/ca-certificates.crt",
                "Destination": "/etc/ssl/certs/ca-certificates.crt",
                "Mode": "",
                "RW": false,
                "Propagation": "rprivate"
            },
            {
                "Type": "bind",
                "Source": "/lzcsys/data/document",
                "Destination": "/lzcapp/document",
                "Mode": "",
                "RW": true,
                "Propagation": "slave"
            },
            {
                "Type": "bind",
                "Source": "/lzcsys/data/system/pkgm/apps/cloud.lazycat.app.photo/pkg",
                "Destination": "/lzcapp/pkg",
                "Mode": "",
                "RW": false,
                "Propagation": "rprivate"
            },
            {
                "Type": "bind",
                "Source": "/lzcsys/data/system/pkgm/run/cloud.lazycat.app.photo/pkg/manifest.yml",
                "Destination": "/lzcapp/run/manifest.yml",
                "Mode": "rw",
                "RW": true,
                "Propagation": "rprivate"
            },
            {
                "Type": "bind",
                "Source": "/run/lzc-sys",
                "Destination": "/lzcapp/run/sys",
                "Mode": "rw",
                "RW": true,
                "Propagation": "rprivate"
            },
            {
                "Type": "bind",
                "Source": "/etc/localtime",
                "Destination": "/etc/localtime",
                "Mode": "rw",
                "RW": true,
                "Propagation": "rprivate"
            },
            {
                "Type": "bind",
                "Source": "/lzcsys/data/appcache/cloud.lazycat.app.photo",
                "Destination": "/lzcapp/cache",
                "Mode": "",
                "RW": true,
                "Propagation": "shared"
            },
            {
                "Type": "bind",
                "Source": "/lzcsys/data/document",
                "Destination": "/lzcapp/run/mnt/home",
                "Mode": "",
                "RW": true,
                "Propagation": "slave"
            },
            {
                "Type": "bind",
                "Source": "/usr/share/zoneinfo",
                "Destination": "/usr/share/zoneinfo",
                "Mode": "ro",
                "RW": false,
                "Propagation": "rprivate"
            },
            {
                "Type": "bind",
                "Source": "/lzcsys/data/appvar/cloud.lazycat.app.photo",
                "Destination": "/lzcapp/var",
                "Mode": "rw",
                "RW": true,
                "Propagation": "rprivate"
            },
            {
                "Type": "bind",
                "Source": "/lzcsys/run/app/cloud.lazycat.app.photo",
                "Destination": "/lzcapp/run",
                "Mode": "rw",
                "RW": true,
                "Propagation": "rprivate"
            }
        ],
        "Config": {
            "Hostname": "b0f6e1822ab8",
            "Domainname": "",
            "User": "",
            "AttachStdin": false,
            "AttachStdout": true,
            "AttachStderr": true,
            "Tty": false,
            "OpenStdin": false,
            "StdinOnce": false,
            "Env": [
                "LAZYCAT_APP_DEPLOY_UID=",
                "LAZYCAT_APP_DOMAIN=photo.axy.heiyu.space",
                "LAZYCAT_BOX_DOMAIN=axy.heiyu.space",
                "LZCAPP_API_GATEWAY_ADDRESS=app.cloud.lazycat.app.photo.lzcapp:81",
                "LAZYCAT_USER_ID=",
                "LAZYCAT_BOX_NAME=axy",
                "LAZYCAT_APP_SERVICE_NAME=app",
                "LAZYCAT_APP_ID=cloud.lazycat.app.photo",
                "TZ=UTC",
                "PATH=/usr/local/sbin:/usr/local/bin:/usr/sbin:/usr/bin:/sbin:/bin"
            ],
            "Cmd": [
                "/lzcinit/cloud.lazycat.app.photo",
                "-listen",
                ":80",
                "-grpc_listen",
                ":81"
            ],
            "Healthcheck": {
                "Test": [
                    "CMD",
                    "/lzcinit/cloud.lazycat.app.photo",
                    "-healthcheck"
                ],
                "StartPeriod": 43200000000000,
                "StartInterval": 1000000000
            },
            "Image": "registry.lazycat.cloud/lzc/lzc-photo:3295c1ec",
            "Volumes": null,
            "WorkingDir": "/",
            "Entrypoint": null,
            "OnBuild": null,
            "Labels": {
                "com.docker.compose.config-hash": "10d356a09870cbebc6bcc46981cc2de78574a1201c1707c6cb12d33905e6fe85",
                "com.docker.compose.container-number": "1",
                "com.docker.compose.depends_on": "weaviate:service_healthy:false,postgres:service_healthy:false",
                "com.docker.compose.image": "sha256:31162975262407047ee7c8d795b143188dc582d479335d411615ae7360143303",
                "com.docker.compose.oneoff": "False",
                "com.docker.compose.project": "cloudlazycatappphoto",
                "com.docker.compose.project.config_files": "/lzcsys/data/system/pkgm/run/cloud.lazycat.app.photo/docker-compose.yml",
                "com.docker.compose.project.working_dir": "/lzcsys/data/system/pkgm/run/cloud.lazycat.app.photo",
                "com.docker.compose.service": "app",
                "com.docker.compose.version": "2.32.4",
                "lzcapp.app-id": "cloud.lazycat.app.photo",
                "lzcapp.user-id": ""
            }
        },
        "NetworkSettings": {
            "Bridge": "",
            "SandboxID": "7c9120e22a2bc97865dc8fc4106db406d8ffa5de44f5c8f95bdedbb455152caa",
            "SandboxKey": "/lzcsys/run/lzc-docker/docker/netns/7c9120e22a2b",
            "Ports": {},
            "HairpinMode": false,
            "LinkLocalIPv6Address": "",
            "LinkLocalIPv6PrefixLen": 0,
            "SecondaryIPAddresses": null,
            "SecondaryIPv6Addresses": null,
            "EndpointID": "",
            "Gateway": "",
            "GlobalIPv6Address": "",
            "GlobalIPv6PrefixLen": 0,
            "IPAddress": "",
            "IPPrefixLen": 0,
            "IPv6Gateway": "",
            "MacAddress": "",
            "Networks": {
                "cloudlazycatappphoto_default": {
                    "IPAMConfig": null,
                    "Links": null,
                    "Aliases": [
                        "cloudlazycatappphoto-app-1",
                        "app"
                    ],
                    "MacAddress": "02:42:ac:1c:04:85",
                    "DriverOpts": null,
                    "NetworkID": "8e14d19ab5a7da1650bb6dc7c50f64e53e79607fb01f967678768a4081ffc410",
                    "EndpointID": "8bb331fbe634bbc87223cc5725aa8f4daf033fdc0c62d5fcc410dbf420791c6c",
                    "Gateway": "172.28.4.129",
                    "IPAddress": "172.28.4.133",
                    "IPPrefixLen": 26,
                    "IPv6Gateway": "fd03:1136:3800::481",
                    "GlobalIPv6Address": "fd03:1136:3800::485",
                    "GlobalIPv6PrefixLen": 122,
                    "DNSNames": [
                        "cloudlazycatappphoto-app-1",
                        "app",
                        "b0f6e1822ab8"
                    ]
                }
            }
        }
    }
]
