[
    {
        "Id": "1e5130fe8aa2c7724e939cc446667012e6dafff374728b31c629d23b216757e7",
        "Created": "2025-11-16T07:55:19.282558396Z",
        "Path": "docker-entrypoint.sh",
        "Args": [
            "postgres"
        ],
        "State": {
            "Status": "running",
            "Running": true,
            "Paused": false,
            "Restarting": false,
            "OOMKilled": false,
            "Dead": false,
            "Pid": 1344539,
            "ExitCode": 0,
            "Error": "",
            "StartedAt": "2025-11-16T07:55:23.881520111Z",
            "FinishedAt": "0001-01-01T00:00:00Z",
            "Health": {
                "Status": "healthy",
                "FailingStreak": 0,
                "Log": [
                    {
                        "Start": "2025-11-16T20:43:34.756586882+08:00",
                        "End": "2025-11-16T20:43:34.860150085+08:00",
                        "ExitCode": 0,
                        "Output": "/var/run/postgresql:5432 - accepting connections\n"
                    },
                    {
                        "Start": "2025-11-16T20:44:04.862201968+08:00",
                        "End": "2025-11-16T20:44:04.928219758+08:00",
                        "ExitCode": 0,
                        "Output": "/var/run/postgresql:5432 - accepting connections\n"
                    },
                    {
                        "Start": "2025-11-16T20:44:34.929973388+08:00",
                        "End": "2025-11-16T20:44:35.021671732+08:00",
                        "ExitCode": 0,
                        "Output": "/var/run/postgresql:5432 - accepting connections\n"
                    },
                    {
                        "Start": "2025-11-16T20:45:05.022148694+08:00",
                        "End": "2025-11-16T20:45:05.095284135+08:00",
                        "ExitCode": 0,
                        "Output": "/var/run/postgresql:5432 - accepting connections\n"
                    },
                    {
                        "Start": "2025-11-16T20:45:35.095951907+08:00",
                        "End": "2025-11-16T20:45:35.154082131+08:00",
                        "ExitCode": 0,
                        "Output": "/var/run/postgresql:5432 - accepting connections\n"
                    }
                ]
            }
        },
        "Image": "sha256:4e6b377122b82566253bfc09a100349df57e01ef2ac25c0943a89e9917a3aa23",
        "ResolvConfPath": "/lzcsys/data/system/docker/containers/1e5130fe8aa2c7724e939cc446667012e6dafff374728b31c629d23b216757e7/resolv.conf",
        "HostnamePath": "/lzcsys/data/system/docker/containers/1e5130fe8aa2c7724e939cc446667012e6dafff374728b31c629d23b216757e7/hostname",
        "HostsPath": "/lzcsys/data/system/docker/containers/1e5130fe8aa2c7724e939cc446667012e6dafff374728b31c629d23b216757e7/hosts",
        "LogPath": "",
        "Name": "/cloudlazycatappphoto-postgres-1",
        "RestartCount": 0,
        "Driver": "overlay2",
        "Platform": "linux",
        "MountLabel": "",
        "ProcessLabel": "",
        "AppArmorProfile": "",
        "ExecIDs": null,
        "HostConfig": {
            "Binds": [
                "/run/lzc-sys:/lzcapp/run/sys:rw",
                "/lzcsys/run/app/cloud.lazycat.app.photo:/lzcapp/run:rw",
                "/lzcsys/data/appvar/cloud.lazycat.app.photo/postgres-runtime:/var/run/postgresql:rw",
                "/lzcsys/data/system/pkgm/run/cloud.lazycat.app.photo/pkg/manifest.yml:/lzcapp/run/manifest.yml:rw",
                "/etc/localtime:/etc/localtime:rw",
                "/lzcsys/data/appvar/cloud.lazycat.app.photo/postgresql:/var/lib/postgresql/data:rw",
                "/lzcsys/data/appvar/cloud.lazycat.app.photo:/lzcapp/var:rw",
                "/usr/share/zoneinfo:/usr/share/zoneinfo:ro"
            ],
            "ContainerIDFile": "",
            "LogConfig": {
                "Type": "lzc-logging-driver",
                "Config": {
                    "max-backups": "5",
                    "max-size": "20m"
                }
            },
            "NetworkMode": "cloudlazycatappphoto_default",
            "PortBindings": {},
            "RestartPolicy": {
                "Name": "no",
                "MaximumRetryCount": 0
            },
            "AutoRemove": false,
            "VolumeDriver": "",
            "VolumesFrom": null,
            "ConsoleSize": [
                0,
                0
            ],
            "CapAdd": null,
            "CapDrop": null,
            "CgroupnsMode": "private",
            "Dns": [
                "172.18.0.1"
            ],
            "DnsOptions": null,
            "DnsSearch": null,
            "ExtraHosts": [],
            "GroupAdd": null,
            "IpcMode": "private",
            "Cgroup": "",
            "Links": null,
            "OomScoreAdj": 500,
            "PidMode": "",
            "Privileged": false,
            "PublishAllPorts": false,
            "ReadonlyRootfs": false,
            "SecurityOpt": null,
            "UTSMode": "",
            "UsernsMode": "",
            "ShmSize": 67108864,
            "Runtime": "runc",
            "Isolation": "",
            "CpuShares": 0,
            "Memory": 0,
            "NanoCpus": 0,
            "CgroupParent": "lzcapp-cloud.lazycat.app.photo.slice",
            "BlkioWeight": 0,
            "BlkioWeightDevice": null,
            "BlkioDeviceReadBps": null,
            "BlkioDeviceWriteBps": null,
            "BlkioDeviceReadIOps": null,
            "BlkioDeviceWriteIOps": null,
            "CpuPeriod": 0,
            "CpuQuota": 0,
            "CpuRealtimePeriod": 0,
            "CpuRealtimeRuntime": 0,
            "CpusetCpus": "",
            "CpusetMems": "",
            "Devices": [
                {
                    "PathOnHost": "/dev/fuse",
                    "PathInContainer": "/dev/fuse",
                    "CgroupPermissions": "rwm"
                },
                {
                    "PathOnHost": "/dev/dri",
                    "PathInContainer": "/dev/dri",
                    "CgroupPermissions": "rwm"
                }
            ],
            "DeviceCgroupRules": null,
            "DeviceRequests": null,
            "MemoryReservation": 0,
            "MemorySwap": 0,
            "MemorySwappiness": null,
            "OomKillDisable": null,
            "PidsLimit": null,
            "Ulimits": null,
            "CpuCount": 0,
            "CpuPercent": 0,
            "IOMaximumIOps": 0,
            "IOMaximumBandwidth": 0,
            "Mounts": [
                {
                    "Type": "bind",
                    "Source": "/etc/ssl/certs/ca-certificates.crt",
                    "Target": "/etc/ssl/certs/ca-certificates.crt",
                    "ReadOnly": true,
                    "BindOptions": {}
                },
                {
                    "Type": "bind",
                    "Source": "/lzcsys/data/document/",
                    "Target": "/lzcapp/document",
                    "BindOptions": {
                        "Propagation": "slave",
                        "CreateMountpoint": true
                    }
                },
                {
                    "Type": "bind",
                    "Source": "/lzcsys/data/appcache/cloud.lazycat.app.photo",
                    "Target": "/lzcapp/cache",
                    "BindOptions": {
                        "Propagation": "shared"
                    }
                },
                {
                    "Type": "bind",
                    "Source": "/lzcsys/data/document/",
                    "Target": "/lzcapp/run/mnt/home",
                    "BindOptions": {
                        "Propagation": "slave",
                        "CreateMountpoint": true
                    }
                },
                {
                    "Type": "bind",
                    "Source": "/lzcsys/data/system/pkgm/apps/cloud.lazycat.app.photo/pkg",
                    "Target": "/lzcapp/pkg",
                    "ReadOnly": true,
                    "BindOptions": {}
                },
                {
                    "Type": "bind",
                    "Source": "/lzcsys/sspks/lzc-runtime/lzcinit",
                    "Target": "/lzcinit/cloud.lazycat.app.photo",
                    "BindOptions": {}
                }
            ],
            "MaskedPaths": [
                "/proc/asound",
                "/proc/acpi",
                "/proc/kcore",
                "/proc/keys",
                "/proc/latency_stats",
                "/proc/timer_list",
                "/proc/timer_stats",
                "/proc/sched_debug",
                "/proc/scsi",
                "/sys/firmware",
                "/sys/devices/virtual/powercap"
            ],
            "ReadonlyPaths": [
                "/proc/bus",
                "/proc/fs",
                "/proc/irq",
                "/proc/sys",
                "/proc/sysrq-trigger"
            ],
            "Init": false
        },
        "GraphDriver": {
            "Data": {
                "LowerDir": "/lzcsys/data/system/docker/overlay2/dd87009aa62548036e82d4fc5c7e4a17d40d07be47019756e60274c25ce03af1-init/diff:/lzcsys/data/system/docker/overlay2/e1575bd6395b4b4c1e9c908cbe481f91439c158173bcda7d8b270dc57d119c4c/diff:/lzcsys/data/system/docker/overlay2/a894e1f64adbf6037965bff6c0745a74973da2fd595e307609f77b4e0cb1e96c/diff:/lzcsys/data/system/docker/overlay2/4b4523a3ec8318f8023005cfb10ab92c5f6a07ecaef709d54562130ea4f27b0b/diff:/lzcsys/data/system/docker/overlay2/f4d5642376524b3facfa0827dcf0a80b9b85666234c8b0a16b3263cfc8e46b5d/diff:/lzcsys/data/system/docker/overlay2/206f911e35ce3606e3448d38b13acbc5f80b9eaa4c009ed1f2b2801431d976f7/diff:/lzcsys/data/system/docker/overlay2/b2c69c64c39a59d1b94cf389c43941a5640672a7a53b6ac170a549c6e7af835f/diff:/lzcsys/data/system/docker/overlay2/63e9bcb052f7554a5b8d11892430ddffa48882c77ab0ad06c83ee02574243173/diff:/lzcsys/data/system/docker/overlay2/deed26763dc92268aac0e66167714425f581886c83a0d62f44be242aa6fc5a13/diff:/lzcsys/data/system/docker/overlay2/b3f99bd8d09c6f0229145687447ad3c9bc4e9d828498b8ee2cada3e6d22f808e/diff:/lzcsys/data/system/docker/overlay2/7cada8b3d62e83fcab902785440aa5f2384bf169782d5bd8e39658d522f482f2/diff",
                "MergedDir": "/lzcsys/data/system/docker/overlay2/dd87009aa62548036e82d4fc5c7e4a17d40d07be47019756e60274c25ce03af1/merged",
                "UpperDir": "/lzcsys/data/system/docker/overlay2/dd87009aa62548036e82d4fc5c7e4a17d40d07be47019756e60274c25ce03af1/diff",
                "WorkDir": "/lzcsys/data/system/docker/overlay2/dd87009aa62548036e82d4fc5c7e4a17d40d07be47019756e60274c25ce03af1/work"
            },
            "Name": "overlay2"
        },
        "Mounts": [
            {
                "Type": "bind",
                "Source": "/etc/localtime",
                "Destination": "/etc/localtime",
                "Mode": "rw",
                "RW": true,
                "Propagation": "rprivate"
            },
            {
                "Type": "bind",
                "Source": "/lzcsys/data/appvar/cloud.lazycat.app.photo/postgresql",
                "Destination": "/var/lib/postgresql/data",
                "Mode": "rw",
                "RW": true,
                "Propagation": "rprivate"
            },
            {
                "Type": "bind",
                "Source": "/run/lzc-sys",
                "Destination": "/lzcapp/run/sys",
                "Mode": "rw",
                "RW": true,
                "Propagation": "rprivate"
            },
            {
                "Type": "bind",
                "Source": "/lzcsys/run/app/cloud.lazycat.app.photo",
                "Destination": "/lzcapp/run",
                "Mode": "rw",
                "RW": true,
                "Propagation": "rprivate"
            },
            {
                "Type": "bind",
                "Source": "/usr/share/zoneinfo",
                "Destination": "/usr/share/zoneinfo",
                "Mode": "ro",
                "RW": false,
                "Propagation": "rprivate"
            },
            {
                "Type": "bind",
                "Source": "/lzcsys/data/appcache/cloud.lazycat.app.photo",
                "Destination": "/lzcapp/cache",
                "Mode": "",
                "RW": true,
                "Propagation": "shared"
            },
            {
                "Type": "bind",
                "Source": "/lzcsys/data/document",
                "Destination": "/lzcapp/run/mnt/home",
                "Mode": "",
                "RW": true,
                "Propagation": "slave"
            },
            {
                "Type": "bind",
                "Source": "/lzcsys/sspks/lzc-runtime/lzcinit",
                "Destination": "/lzcinit/cloud.lazycat.app.photo",
                "Mode": "",
                "RW": true,
                "Propagation": "rprivate"
            },
            {
                "Type": "bind",
                "Source": "/lzcsys/data/appvar/cloud.lazycat.app.photo/postgres-runtime",
                "Destination": "/var/run/postgresql",
                "Mode": "rw",
                "RW": true,
                "Propagation": "rprivate"
            },
            {
                "Type": "bind",
                "Source": "/lzcsys/data/appvar/cloud.lazycat.app.photo",
                "Destination": "/lzcapp/var",
                "Mode": "rw",
                "RW": true,
                "Propagation": "rprivate"
            },
            {
                "Type": "bind",
                "Source": "/lzcsys/data/system/pkgm/apps/cloud.lazycat.app.photo/pkg",
                "Destination": "/lzcapp/pkg",
                "Mode": "",
                "RW": false,
                "Propagation": "rprivate"
            },
            {
                "Type": "bind",
                "Source": "/lzcsys/data/document",
                "Destination": "/lzcapp/document",
                "Mode": "",
                "RW": true,
                "Propagation": "slave"
            },
            {
                "Type": "bind",
                "Source": "/lzcsys/data/system/pkgm/run/cloud.lazycat.app.photo/pkg/manifest.yml",
                "Destination": "/lzcapp/run/manifest.yml",
                "Mode": "rw",
                "RW": true,
                "Propagation": "rprivate"
            },
            {
                "Type": "bind",
                "Source": "/etc/ssl/certs/ca-certificates.crt",
                "Destination": "/etc/ssl/certs/ca-certificates.crt",
                "Mode": "",
                "RW": false,
                "Propagation": "rprivate"
            }
        ],
        "Config": {
            "Hostname": "1e5130fe8aa2",
            "Domainname": "",
            "User": "",
            "AttachStdin": false,
            "AttachStdout": true,
            "AttachStderr": true,
            "ExposedPorts": {
                "5432/tcp": {}
            },
            "Tty": false,
            "OpenStdin": false,
            "StdinOnce": false,
            "Env": [
                "LZCAPP_API_GATEWAY_ADDRESS=app.cloud.lazycat.app.photo.lzcapp:81",
                "POSTGRES_PASSWORD=lzc",
                "LAZYCAT_USER_ID=",
                "LAZYCAT_APP_DEPLOY_UID=",
                "POSTGRES_DB=lzc",
                "POSTGRES_ROOT_PASSWORD=lzc",
                "LAZYCAT_BOX_NAME=axy",
                "LAZYCAT_APP_SERVICE_NAME=postgres",
                "LAZYCAT_BOX_DOMAIN=axy.heiyu.space",
                "POSTGRES_USER=lzc",
                "LAZYCAT_APP_ID=cloud.lazycat.app.photo",
                "LAZYCAT_APP_DOMAIN=photo.axy.heiyu.space",
                "PATH=/usr/local/sbin:/usr/local/bin:/usr/sbin:/usr/bin:/sbin:/bin",
                "GOSU_VERSION=1.17",
                "LANG=en_US.utf8",
                "PG_MAJOR=17",
                "PG_VERSION=17.4",
                "PG_SHA256=c4605b73fea11963406699f949b966e5d173a7ee0ccaef8938dec0ca8a995fe7",
                "DOCKER_PG_LLVM_DEPS=llvm15-dev \t\tclang15",
                "PGDATA=/var/lib/postgresql/data"
            ],
            "Cmd": [
                "postgres"
            ],
            "Healthcheck": {
                "Test": [
                    "CMD",
                    "pg_isready",
                    "-U",
                    "lzc"
                ],
                "StartPeriod": 600000000000,
                "StartInterval": 1000000000
            },
            "Image": "registry.lazycat.cloud/lzc/postgres:17-alpine3.20",
            "Volumes": {
                "/var/lib/postgresql/data": {}
            },
            "WorkingDir": "/",
            "Entrypoint": [
                "docker-entrypoint.sh"
            ],
            "OnBuild": null,
            "Labels": {
                "com.docker.compose.config-hash": "40ef908c5a4741e7c1f5ca493375c30efef15c95c0919ad319fdf9715dedfd02",
                "com.docker.compose.container-number": "1",
                "com.docker.compose.depends_on": "",
                "com.docker.compose.image": "sha256:4e6b377122b82566253bfc09a100349df57e01ef2ac25c0943a89e9917a3aa23",
                "com.docker.compose.oneoff": "False",
                "com.docker.compose.project": "cloudlazycatappphoto",
                "com.docker.compose.project.config_files": "/lzcsys/data/system/pkgm/run/cloud.lazycat.app.photo/docker-compose.yml",
                "com.docker.compose.project.working_dir": "/lzcsys/data/system/pkgm/run/cloud.lazycat.app.photo",
                "com.docker.compose.service": "postgres",
                "com.docker.compose.version": "2.32.4",
                "lzcapp.app-id": "cloud.lazycat.app.photo",
                "lzcapp.user-id": ""
            },
            "StopSignal": "SIGINT"
        },
        "NetworkSettings": {
            "Bridge": "",
            "SandboxID": "486e40c6e32f6af6e6ff5dd1249e96bbf703da73eca27d3e60adf9512a5a569d",
            "SandboxKey": "/lzcsys/run/lzc-docker/docker/netns/486e40c6e32f",
            "Ports": {
                "5432/tcp": null
            },
            "HairpinMode": false,
            "LinkLocalIPv6Address": "",
            "LinkLocalIPv6PrefixLen": 0,
            "SecondaryIPAddresses": null,
            "SecondaryIPv6Addresses": null,
            "EndpointID": "",
            "Gateway": "",
            "GlobalIPv6Address": "",
            "GlobalIPv6PrefixLen": 0,
            "IPAddress": "",
            "IPPrefixLen": 0,
            "IPv6Gateway": "",
            "MacAddress": "",
            "Networks": {
                "cloudlazycatappphoto_default": {
                    "IPAMConfig": null,
                    "Links": null,
                    "Aliases": [
                        "cloudlazycatappphoto-postgres-1",
                        "postgres"
                    ],
                    "MacAddress": "02:42:ac:1c:04:82",
                    "DriverOpts": null,
                    "NetworkID": "8e14d19ab5a7da1650bb6dc7c50f64e53e79607fb01f967678768a4081ffc410",
                    "EndpointID": "bf82035e1f0c59e7fad73b6d15be2736f3281c3bff5e655e8270ba19738b7270",
                    "Gateway": "172.28.4.129",
                    "IPAddress": "172.28.4.130",
                    "IPPrefixLen": 26,
                    "IPv6Gateway": "fd03:1136:3800::481",
                    "GlobalIPv6Address": "fd03:1136:3800::482",
                    "GlobalIPv6PrefixLen": 122,
                    "DNSNames": [
                        "cloudlazycatappphoto-postgres-1",
                        "postgres",
                        "1e5130fe8aa2"
                    ]
                }
            }
        }
    }
]
