[
    {
        "Id": "6d6ebdc51570dbc70fe8f4af2cf2ed39e542337199fae3a46d9ca0ca65ed1e66",
        "Created": "2025-11-16T09:04:26.767669845Z",
        "Path": "/lzcinit/cloud.lazycat.app.forward",
        "Args": [
            "-listen",
            ":80",
            "-grpc_listen",
            ":81"
        ],
        "State": {
            "Status": "running",
            "Running": true,
            "Paused": false,
            "Restarting": false,
            "OOMKilled": false,
            "Dead": false,
            "Pid": 2193887,
            "ExitCode": 0,
            "Error": "",
            "StartedAt": "2025-11-16T09:04:31.374034621Z",
            "FinishedAt": "0001-01-01T00:00:00Z",
            "Health": {
                "Status": "healthy",
                "FailingStreak": 0,
                "Log": [
                    {
                        "Start": "2025-11-16T20:43:33.512545745+08:00",
                        "End": "2025-11-16T20:43:33.561413546+08:00",
                        "ExitCode": 0,
                        "Output": ""
                    },
                    {
                        "Start": "2025-11-16T20:44:03.562884602+08:00",
                        "End": "2025-11-16T20:44:03.626921739+08:00",
                        "ExitCode": 0,
                        "Output": ""
                    },
                    {
                        "Start": "2025-11-16T20:44:33.627658535+08:00",
                        "End": "2025-11-16T20:44:33.753950568+08:00",
                        "ExitCode": 0,
                        "Output": ""
                    },
                    {
                        "Start": "2025-11-16T20:45:03.754572124+08:00",
                        "End": "2025-11-16T20:45:03.871582295+08:00",
                        "ExitCode": 0,
                        "Output": ""
                    },
                    {
                        "Start": "2025-11-16T20:45:33.872693518+08:00",
                        "End": "2025-11-16T20:45:33.959455249+08:00",
                        "ExitCode": 0,
                        "Output": ""
                    }
                ]
            }
        },
        "Image": "sha256:ba7a533c869a26d89e83bdc5ddb978df5a3502ac91452422a649d0d3cf52190b",
        "ResolvConfPath": "/lzcsys/data/system/docker/containers/6d6ebdc51570dbc70fe8f4af2cf2ed39e542337199fae3a46d9ca0ca65ed1e66/resolv.conf",
        "HostnamePath": "/lzcsys/data/system/docker/containers/6d6ebdc51570dbc70fe8f4af2cf2ed39e542337199fae3a46d9ca0ca65ed1e66/hostname",
        "HostsPath": "/lzcsys/data/system/docker/containers/6d6ebdc51570dbc70fe8f4af2cf2ed39e542337199fae3a46d9ca0ca65ed1e66/hosts",
        "LogPath": "",
        "Name": "/cloudlazycatappforward-app-1",
        "RestartCount": 0,
        "Driver": "overlay2",
        "Platform": "linux",
        "MountLabel": "",
        "ProcessLabel": "",
        "AppArmorProfile": "",
        "ExecIDs": null,
        "HostConfig": {
            "Binds": [
                "/lzcsys/run/app/cloud.lazycat.app.forward:/lzcapp/run:rw",
                "/run/lzc-sys:/lzcapp/run/sys:rw",
                "/etc/localtime:/etc/localtime:rw",
                "/usr/share/zoneinfo:/usr/share/zoneinfo:ro",
                "/lzcsys/data/system/pkgm/run/cloud.lazycat.app.forward/pkg/manifest.yml:/lzcapp/run/manifest.yml:rw",
                "/lzcsys/data/appvar/cloud.lazycat.app.forward:/lzcapp/var:rw"
            ],
            "ContainerIDFile": "",
            "LogConfig": {
                "Type": "lzc-logging-driver",
                "Config": {
                    "max-backups": "5",
                    "max-size": "20m"
                }
            },
            "NetworkMode": "cloudlazycatappforward_default",
            "PortBindings": {},
            "RestartPolicy": {
                "Name": "no",
                "MaximumRetryCount": 0
            },
            "AutoRemove": false,
            "VolumeDriver": "",
            "VolumesFrom": null,
            "ConsoleSize": [
                0,
                0
            ],
            "CapAdd": null,
            "CapDrop": null,
            "CgroupnsMode": "private",
            "Dns": [
                "172.18.0.1"
            ],
            "DnsOptions": null,
            "DnsSearch": null,
            "ExtraHosts": [],
            "GroupAdd": null,
            "IpcMode": "private",
            "Cgroup": "",
            "Links": null,
            "OomScoreAdj": 500,
            "PidMode": "",
            "Privileged": false,
            "PublishAllPorts": false,
            "ReadonlyRootfs": false,
            "SecurityOpt": null,
            "UTSMode": "",
            "UsernsMode": "",
            "ShmSize": 67108864,
            "Runtime": "runc",
            "Isolation": "",
            "CpuShares": 0,
            "Memory": 0,
            "NanoCpus": 0,
            "CgroupParent": "lzcapp-cloud.lazycat.app.forward.slice",
            "BlkioWeight": 0,
            "BlkioWeightDevice": null,
            "BlkioDeviceReadBps": null,
            "BlkioDeviceWriteBps": null,
            "BlkioDeviceReadIOps": null,
            "BlkioDeviceWriteIOps": null,
            "CpuPeriod": 0,
            "CpuQuota": 0,
            "CpuRealtimePeriod": 0,
            "CpuRealtimeRuntime": 0,
            "CpusetCpus": "",
            "CpusetMems": "",
            "Devices": [
                {
                    "PathOnHost": "/dev/fuse",
                    "PathInContainer": "/dev/fuse",
                    "CgroupPermissions": "rwm"
                }
            ],
            "DeviceCgroupRules": null,
            "DeviceRequests": null,
            "MemoryReservation": 0,
            "MemorySwap": 0,
            "MemorySwappiness": null,
            "OomKillDisable": null,
            "PidsLimit": null,
            "Ulimits": null,
            "CpuCount": 0,
            "CpuPercent": 0,
            "IOMaximumIOps": 0,
            "IOMaximumBandwidth": 0,
            "Mounts": [
                {
                    "Type": "bind",
                    "Source": "/lzcsys/data/appcache/cloud.lazycat.app.forward",
                    "Target": "/lzcapp/cache",
                    "BindOptions": {
                        "Propagation": "shared"
                    }
                },
                {
                    "Type": "bind",
                    "Source": "/lzcsys/data/document/",
                    "Target": "/lzcapp/run/mnt/home",
                    "BindOptions": {
                        "Propagation": "slave",
                        "CreateMountpoint": true
                    }
                },
                {
                    "Type": "bind",
                    "Source": "/lzcsys/data/appcache/",
                    "Target": "/lzcapp/run/data/app/cache",
                    "BindOptions": {
                        "Propagation": "slave",
                        "CreateMountpoint": true
                    }
                },
                {
                    "Type": "bind",
                    "Source": "/lzcsys/data/system/pkgm/apps/cloud.lazycat.app.forward/pkg",
                    "Target": "/lzcapp/pkg",
                    "ReadOnly": true,
                    "BindOptions": {}
                },
                {
                    "Type": "bind",
                    "Source": "/lzcsys/data/appvar/",
                    "Target": "/lzcapp/run/data/app/var",
                    "BindOptions": {
                        "Propagation": "slave",
                        "CreateMountpoint": true
                    }
                },
                {
                    "Type": "bind",
                    "Source": "/lzcsys/sspks/lzc-runtime/lzcinit",
                    "Target": "/lzcinit/cloud.lazycat.app.forward",
                    "BindOptions": {}
                },
                {
                    "Type": "bind",
                    "Source": "/etc/ssl/certs/ca-certificates.crt",
                    "Target": "/etc/ssl/certs/ca-certificates.crt",
                    "ReadOnly": true,
                    "BindOptions": {}
                },
                {
                    "Type": "bind",
                    "Source": "/lzcsys/run/lzc-docker",
                    "Target": "/lzcapp/run/lzc-docker",
                    "BindOptions": {
                        "Propagation": "slave",
                        "CreateMountpoint": true
                    }
                },
                {
                    "Type": "bind",
                    "Source": "/lzcsys/data/system/pkgm/apps/",
                    "Target": "/lzcapp/run/lzc-docker/compose",
                    "BindOptions": {
                        "Propagation": "slave",
                        "CreateMountpoint": true
                    }
                },
                {
                    "Type": "bind",
                    "Source": "/lzcsys/data/document/",
                    "Target": "/lzcapp/document",
                    "BindOptions": {
                        "Propagation": "slave",
                        "CreateMountpoint": true
                    }
                }
            ],
            "MaskedPaths": [
                "/proc/asound",
                "/proc/acpi",
                "/proc/kcore",
                "/proc/keys",
                "/proc/latency_stats",
                "/proc/timer_list",
                "/proc/timer_stats",
                "/proc/sched_debug",
                "/proc/scsi",
                "/sys/firmware",
                "/sys/devices/virtual/powercap"
            ],
            "ReadonlyPaths": [
                "/proc/bus",
                "/proc/fs",
                "/proc/irq",
                "/proc/sys",
                "/proc/sysrq-trigger"
            ]
        },
        "GraphDriver": {
            "Data": {
                "LowerDir": "/lzcsys/data/system/docker/overlay2/0abaa12c07e2efd220c8c90424cc09e1308422939871c0c672f9869c2c08c7e6-init/diff:/lzcsys/data/system/docker/overlay2/d316be3a5cdcca1f668738a2ac8b2542f0bd34de02e7c89cf9de224612dbb260/diff:/lzcsys/data/system/docker/overlay2/0ce49772722a9829cc56a156e1e55332fd611bc125be3cd6f733669f1cea594d/diff:/lzcsys/data/system/docker/overlay2/27bcb349dbbf2cd1767ad18e53f4ada4ad4c84832f51828f6e4d6da6237d940a/diff",
                "MergedDir": "/lzcsys/data/system/docker/overlay2/0abaa12c07e2efd220c8c90424cc09e1308422939871c0c672f9869c2c08c7e6/merged",
                "UpperDir": "/lzcsys/data/system/docker/overlay2/0abaa12c07e2efd220c8c90424cc09e1308422939871c0c672f9869c2c08c7e6/diff",
                "WorkDir": "/lzcsys/data/system/docker/overlay2/0abaa12c07e2efd220c8c90424cc09e1308422939871c0c672f9869c2c08c7e6/work"
            },
            "Name": "overlay2"
        },
        "Mounts": [
            {
                "Type": "bind",
                "Source": "/lzcsys/data/appcache/cloud.lazycat.app.forward",
                "Destination": "/lzcapp/cache",
                "Mode": "",
                "RW": true,
                "Propagation": "shared"
            },
            {
                "Type": "bind",
                "Source": "/etc/ssl/certs/ca-certificates.crt",
                "Destination": "/etc/ssl/certs/ca-certificates.crt",
                "Mode": "",
                "RW": false,
                "Propagation": "rprivate"
            },
            {
                "Type": "bind",
                "Source": "/lzcsys/data/system/pkgm/apps",
                "Destination": "/lzcapp/run/lzc-docker/compose",
                "Mode": "",
                "RW": true,
                "Propagation": "slave"
            },
            {
                "Type": "bind",
                "Source": "/lzcsys/data/appvar",
                "Destination": "/lzcapp/run/data/app/var",
                "Mode": "",
                "RW": true,
                "Propagation": "slave"
            },
            {
                "Type": "bind",
                "Source": "/lzcsys/run/lzc-docker",
                "Destination": "/lzcapp/run/lzc-docker",
                "Mode": "",
                "RW": true,
                "Propagation": "slave"
            },
            {
                "Type": "bind",
                "Source": "/lzcsys/data/document",
                "Destination": "/lzcapp/document",
                "Mode": "",
                "RW": true,
                "Propagation": "slave"
            },
            {
                "Type": "bind",
                "Source": "/lzcsys/run/app/cloud.lazycat.app.forward",
                "Destination": "/lzcapp/run",
                "Mode": "rw",
                "RW": true,
                "Propagation": "rprivate"
            },
            {
                "Type": "bind",
                "Source": "/run/lzc-sys",
                "Destination": "/lzcapp/run/sys",
                "Mode": "rw",
                "RW": true,
                "Propagation": "rprivate"
            },
            {
                "Type": "bind",
                "Source": "/etc/localtime",
                "Destination": "/etc/localtime",
                "Mode": "rw",
                "RW": true,
                "Propagation": "rprivate"
            },
            {
                "Type": "bind",
                "Source": "/usr/share/zoneinfo",
                "Destination": "/usr/share/zoneinfo",
                "Mode": "ro",
                "RW": false,
                "Propagation": "rprivate"
            },
            {
                "Type": "bind",
                "Source": "/lzcsys/data/appcache",
                "Destination": "/lzcapp/run/data/app/cache",
                "Mode": "",
                "RW": true,
                "Propagation": "slave"
            },
            {
                "Type": "bind",
                "Source": "/lzcsys/data/system/pkgm/apps/cloud.lazycat.app.forward/pkg",
                "Destination": "/lzcapp/pkg",
                "Mode": "",
                "RW": false,
                "Propagation": "rprivate"
            },
            {
                "Type": "bind",
                "Source": "/lzcsys/sspks/lzc-runtime/lzcinit",
                "Destination": "/lzcinit/cloud.lazycat.app.forward",
                "Mode": "",
                "RW": true,
                "Propagation": "rprivate"
            },
            {
                "Type": "bind",
                "Source": "/lzcsys/data/system/pkgm/run/cloud.lazycat.app.forward/pkg/manifest.yml",
                "Destination": "/lzcapp/run/manifest.yml",
                "Mode": "rw",
                "RW": true,
                "Propagation": "rprivate"
            },
            {
                "Type": "bind",
                "Source": "/lzcsys/data/appvar/cloud.lazycat.app.forward",
                "Destination": "/lzcapp/var",
                "Mode": "rw",
                "RW": true,
                "Propagation": "rprivate"
            },
            {
                "Type": "bind",
                "Source": "/lzcsys/data/document",
                "Destination": "/lzcapp/run/mnt/home",
                "Mode": "",
                "RW": true,
                "Propagation": "slave"
            }
        ],
        "Config": {
            "Hostname": "6d6ebdc51570",
            "Domainname": "",
            "User": "",
            "AttachStdin": false,
            "AttachStdout": true,
            "AttachStderr": true,
            "Tty": false,
            "OpenStdin": false,
            "StdinOnce": false,
            "Env": [
                "LAZYCAT_BOX_NAME=axy",
                "LAZYCAT_USER_ID=",
                "LZCAPP_API_GATEWAY_ADDRESS=app.cloud.lazycat.app.forward.lzcapp:81",
                "LAZYCAT_APP_DEPLOY_UID=",
                "LAZYCAT_APP_DOMAIN=forward.axy.heiyu.space",
                "LAZYCAT_APP_ID=cloud.lazycat.app.forward",
                "LAZYCAT_APP_SERVICE_NAME=app",
                "LAZYCAT_BOX_DOMAIN=axy.heiyu.space",
                "PATH=/usr/local/sbin:/usr/local/bin:/usr/sbin:/usr/bin:/sbin:/bin"
            ],
            "Cmd": [
                "/lzcinit/cloud.lazycat.app.forward",
                "-listen",
                ":80",
                "-grpc_listen",
                ":81"
            ],
            "Healthcheck": {
                "Test": [
                    "CMD",
                    "/lzcinit/cloud.lazycat.app.forward",
                    "-healthcheck"
                ],
                "StartPeriod": 300000000000,
                "StartInterval": 1000000000
            },
            "Image": "registry.lazycat.cloud/lzc/lzcapp:3.20.3",
            "Volumes": null,
            "WorkingDir": "/",
            "Entrypoint": null,
            "OnBuild": null,
            "Labels": {
                "com.docker.compose.config-hash": "2ae0725d27fe065e58144fe0c0bd8f44b6e10d3451a43d488ff1c8ccadb184e4",
                "com.docker.compose.container-number": "1",
                "com.docker.compose.depends_on": "",
                "com.docker.compose.image": "sha256:ba7a533c869a26d89e83bdc5ddb978df5a3502ac91452422a649d0d3cf52190b",
                "com.docker.compose.oneoff": "False",
                "com.docker.compose.project": "cloudlazycatappforward",
                "com.docker.compose.project.config_files": "/lzcsys/data/system/pkgm/run/cloud.lazycat.app.forward/docker-compose.yml,/lzcsys/data/system/pkgm/run/cloud.lazycat.app.forward/compose.override.yml",
                "com.docker.compose.project.working_dir": "/lzcsys/data/system/pkgm/run/cloud.lazycat.app.forward",
                "com.docker.compose.service": "app",
                "com.docker.compose.version": "2.32.4",
                "lzcapp.app-id": "cloud.lazycat.app.forward",
                "lzcapp.user-id": ""
            }
        },
        "NetworkSettings": {
            "Bridge": "",
            "SandboxID": "49c42b4bd291ea6f3445bf9a2061f96e01ebb3d9ad280598207b1babf59c74b8",
            "SandboxKey": "/lzcsys/run/lzc-docker/docker/netns/49c42b4bd291",
            "Ports": {},
            "HairpinMode": false,
            "LinkLocalIPv6Address": "",
            "LinkLocalIPv6PrefixLen": 0,
            "SecondaryIPAddresses": null,
            "SecondaryIPv6Addresses": null,
            "EndpointID": "",
            "Gateway": "",
            "GlobalIPv6Address": "",
            "GlobalIPv6PrefixLen": 0,
            "IPAddress": "",
            "IPPrefixLen": 0,
            "IPv6Gateway": "",
            "MacAddress": "",
            "Networks": {
                "cloudlazycatappforward_default": {
                    "IPAMConfig": null,
                    "Links": null,
                    "Aliases": [
                        "cloudlazycatappforward-app-1",
                        "app"
                    ],
                    "MacAddress": "02:42:ac:1c:04:c2",
                    "DriverOpts": null,
                    "NetworkID": "e1b0ccce376d434203bf97278791c14c1e2b5eda253c5c5ea2b58ee0b077fe9c",
                    "EndpointID": "1ee2323f49e5363ce0d80c19206ba2531754b90337c38a3ea36dd8a936840084",
                    "Gateway": "172.28.4.193",
                    "IPAddress": "172.28.4.194",
                    "IPPrefixLen": 26,
                    "IPv6Gateway": "fd03:1136:3800::4c1",
                    "GlobalIPv6Address": "fd03:1136:3800::4c2",
                    "GlobalIPv6PrefixLen": 122,
                    "DNSNames": [
                        "cloudlazycatappforward-app-1",
                        "app",
                        "6d6ebdc51570"
                    ]
                }
            }
        }
    }
]
