[
    {
        "Id": "61a23ae8593a581cfd0244fe41b573e2f4ad61d99bd99638c1bab4860e739463",
        "Created": "2025-11-16T04:59:00.347784867Z",
        "Path": "python3",
        "Args": [
            "server.py"
        ],
        "State": {
            "Status": "running",
            "Running": true,
            "Paused": false,
            "Restarting": false,
            "OOMKilled": false,
            "Dead": false,
            "Pid": 3415354,
            "ExitCode": 0,
            "Error": "",
            "StartedAt": "2025-11-16T04:59:09.946494484Z",
            "FinishedAt": "0001-01-01T00:00:00Z",
            "Health": {
                "Status": "healthy",
                "FailingStreak": 0,
                "Log": [
                    {
                        "Start": "2025-11-16T20:43:31.361546533+08:00",
                        "End": "2025-11-16T20:43:31.440039296+08:00",
                        "ExitCode": 0,
                        "Output": "  % Total    % Received % Xferd  Average Speed   Time    Time     Time  Current\n                                 Dload  Upload   Total   Spent    Left  Speed\n\r  0     0    0     0    0     0      0      0 --:--:-- --:--:-- --:--:--     0\r100    15  100    15    0     0   7440      0 --:--:-- --:--:-- --:--:-- 15000\n{\"status\":\"ok\"}"
                    },
                    {
                        "Start": "2025-11-16T20:44:01.440963621+08:00",
                        "End": "2025-11-16T20:44:01.51969959+08:00",
                        "ExitCode": 0,
                        "Output": "  % Total    % Received % Xferd  Average Speed   Time    Time     Time  Current\n                                 Dload  Upload   Total   Spent    Left  Speed\n\r  0     0    0     0    0     0      0      0 --:--:-- --:--:-- --:--:--     0\r100    15  100    15    0     0   6950      0 --:--:-- --:--:-- --:--:--  7500\n{\"status\":\"ok\"}"
                    },
                    {
                        "Start": "2025-11-16T20:44:31.521588476+08:00",
                        "End": "2025-11-16T20:44:31.607394608+08:00",
                        "ExitCode": 0,
                        "Output": "  % Total    % Received % Xferd  Average Speed   Time    Time     Time  Current\n                                 Dload  Upload   Total   Spent    Left  Speed\n\r  0     0    0     0    0     0      0      0 --:--:-- --:--:-- --:--:--     0\r100    15  100    15    0     0   7556      0 --:--:-- --:--:-- --:--:-- 15000\n{\"status\":\"ok\"}"
                    },
                    {
                        "Start": "2025-11-16T20:45:01.607968364+08:00",
                        "End": "2025-11-16T20:45:01.64931619+08:00",
                        "ExitCode": 0,
                        "Output": "  % Total    % Received % Xferd  Average Speed   Time    Time     Time  Current\n                                 Dload  Upload   Total   Spent    Left  Speed\n\r  0     0    0     0    0     0      0      0 --:--:-- --:--:-- --:--:--     0\r100    15  100    15    0     0  11021      0 --:--:-- --:--:-- --:--:-- 15000\n{\"status\":\"ok\"}"
                    },
                    {
                        "Start": "2025-11-16T20:45:31.650051867+08:00",
                        "End": "2025-11-16T20:45:31.708702229+08:00",
                        "ExitCode": 0,
                        "Output": "  % Total    % Received % Xferd  Average Speed   Time    Time     Time  Current\n                                 Dload  Upload   Total   Spent    Left  Speed\n\r  0     0    0     0    0     0      0      0 --:--:-- --:--:-- --:--:--     0\r100    15  100    15    0     0   8156      0 --:--:-- --:--:-- --:--:-- 15000\n{\"status\":\"ok\"}"
                    }
                ]
            }
        },
        "Image": "sha256:6f09bedd77e4cf756878a87b1edaa97906faa6157cbb23acdd8563a8127ab14d",
        "ResolvConfPath": "/lzcsys/data/system/docker/containers/61a23ae8593a581cfd0244fe41b573e2f4ad61d99bd99638c1bab4860e739463/resolv.conf",
        "HostnamePath": "/lzcsys/data/system/docker/containers/61a23ae8593a581cfd0244fe41b573e2f4ad61d99bd99638c1bab4860e739463/hostname",
        "HostsPath": "/lzcsys/data/system/docker/containers/61a23ae8593a581cfd0244fe41b573e2f4ad61d99bd99638c1bab4860e739463/hosts",
        "LogPath": "",
        "Name": "/cloudlazycataipodrag-backend_rag-1",
        "RestartCount": 0,
        "Driver": "overlay2",
        "Platform": "linux",
        "MountLabel": "",
        "ProcessLabel": "",
        "AppArmorProfile": "",
        "ExecIDs": null,
        "HostConfig": {
            "Binds": [
                "/lzcsys/data/appvar/cloud.lazycat.aipod.rag:/lzcapp/var:rw",
                "/lzcsys/data/system/pkgm/run/cloud.lazycat.aipod.rag/pkg/manifest.yml:/lzcapp/run/manifest.yml:rw",
                "/lzcsys/run/app/cloud.lazycat.aipod.rag:/lzcapp/run:rw",
                "/run/lzc-sys:/lzcapp/run/sys:rw",
                "/usr/share/zoneinfo:/usr/share/zoneinfo:ro",
                "/etc/localtime:/etc/localtime:rw"
            ],
            "ContainerIDFile": "",
            "LogConfig": {
                "Type": "lzc-logging-driver",
                "Config": {
                    "max-backups": "5",
                    "max-size": "20m"
                }
            },
            "NetworkMode": "cloudlazycataipodrag_default",
            "PortBindings": {},
            "RestartPolicy": {
                "Name": "no",
                "MaximumRetryCount": 0
            },
            "AutoRemove": false,
            "VolumeDriver": "",
            "VolumesFrom": null,
            "ConsoleSize": [
                0,
                0
            ],
            "CapAdd": [
                "SYS_ADMIN"
            ],
            "CapDrop": null,
            "CgroupnsMode": "private",
            "Dns": [
                "172.18.0.1"
            ],
            "DnsOptions": null,
            "DnsSearch": null,
            "ExtraHosts": [],
            "GroupAdd": null,
            "IpcMode": "private",
            "Cgroup": "",
            "Links": null,
            "OomScoreAdj": 500,
            "PidMode": "",
            "Privileged": false,
            "PublishAllPorts": false,
            "ReadonlyRootfs": false,
            "SecurityOpt": null,
            "UTSMode": "",
            "UsernsMode": "",
            "ShmSize": 67108864,
            "Runtime": "runc",
            "Isolation": "",
            "CpuShares": 0,
            "Memory": 5368709120,
            "NanoCpus": 0,
            "CgroupParent": "lzcapp-cloud.lazycat.aipod.rag.slice",
            "BlkioWeight": 0,
            "BlkioWeightDevice": null,
            "BlkioDeviceReadBps": null,
            "BlkioDeviceWriteBps": null,
            "BlkioDeviceReadIOps": null,
            "BlkioDeviceWriteIOps": null,
            "CpuPeriod": 0,
            "CpuQuota": 0,
            "CpuRealtimePeriod": 0,
            "CpuRealtimeRuntime": 0,
            "CpusetCpus": "",
            "CpusetMems": "",
            "Devices": [
                {
                    "PathOnHost": "/dev/fuse",
                    "PathInContainer": "/dev/fuse",
                    "CgroupPermissions": "rwm"
                },
                {
                    "PathOnHost": "/dev/dri",
                    "PathInContainer": "/dev/dri",
                    "CgroupPermissions": "rwm"
                }
            ],
            "DeviceCgroupRules": null,
            "DeviceRequests": null,
            "MemoryReservation": 0,
            "MemorySwap": 10737418240,
            "MemorySwappiness": null,
            "OomKillDisable": null,
            "PidsLimit": null,
            "Ulimits": null,
            "CpuCount": 0,
            "CpuPercent": 0,
            "IOMaximumIOps": 0,
            "IOMaximumBandwidth": 0,
            "Mounts": [
                {
                    "Type": "bind",
                    "Source": "/etc/ssl/certs/ca-certificates.crt",
                    "Target": "/etc/ssl/certs/ca-certificates.crt",
                    "ReadOnly": true,
                    "BindOptions": {}
                },
                {
                    "Type": "bind",
                    "Source": "/lzcsys/run/media",
                    "Target": "/lzcapp/run/mnt/media",
                    "BindOptions": {
                        "Propagation": "shared",
                        "CreateMountpoint": true
                    }
                },
                {
                    "Type": "bind",
                    "Source": "/lzcsys/data/appcache/cloud.lazycat.aipod.rag",
                    "Target": "/lzcapp/cache",
                    "BindOptions": {
                        "Propagation": "shared"
                    }
                },
                {
                    "Type": "bind",
                    "Source": "/lzcsys/data/document/",
                    "Target": "/lzcapp/run/mnt/home",
                    "BindOptions": {
                        "Propagation": "slave",
                        "CreateMountpoint": true
                    }
                },
                {
                    "Type": "bind",
                    "Source": "/lzcsys/data/document/",
                    "Target": "/lzcapp/document",
                    "BindOptions": {
                        "Propagation": "slave",
                        "CreateMountpoint": true
                    }
                },
                {
                    "Type": "bind",
                    "Source": "/lzcsys/sspks/lzc-runtime/lzcinit",
                    "Target": "/lzcinit/cloud.lazycat.aipod.rag",
                    "BindOptions": {}
                },
                {
                    "Type": "bind",
                    "Source": "/lzcsys/data/system/pkgm/apps/cloud.lazycat.aipod.rag/pkg",
                    "Target": "/lzcapp/pkg",
                    "ReadOnly": true,
                    "BindOptions": {}
                },
                {
                    "Type": "bind",
                    "Source": "/lzcsys/run/media",
                    "Target": "/lzcapp/media",
                    "BindOptions": {
                        "Propagation": "shared",
                        "CreateMountpoint": true
                    }
                }
            ],
            "MaskedPaths": [
                "/proc/asound",
                "/proc/acpi",
                "/proc/kcore",
                "/proc/keys",
                "/proc/latency_stats",
                "/proc/timer_list",
                "/proc/timer_stats",
                "/proc/sched_debug",
                "/proc/scsi",
                "/sys/firmware",
                "/sys/devices/virtual/powercap"
            ],
            "ReadonlyPaths": [
                "/proc/bus",
                "/proc/fs",
                "/proc/irq",
                "/proc/sys",
                "/proc/sysrq-trigger"
            ],
            "Init": true
        },
        "GraphDriver": {
            "Data": {
                "LowerDir": "/lzcsys/data/system/docker/overlay2/7dd969e71a81e7011de5ad65becbf6f5dfe495421b0f337ba402d2871e70120d-init/diff:/lzcsys/data/system/docker/overlay2/5caf733f9be04377817504d64b275a9eecad6b143a4c3c11bac1e3bc892145fc/diff:/lzcsys/data/system/docker/overlay2/82639901db041eaed42c56ad9c844459aedff3b7b0bb815fa8ed83384c71b3eb/diff:/lzcsys/data/system/docker/overlay2/60409505d77455e09e4b19630dcbaf918acbf1112b64ac14091738c9add76e5d/diff:/lzcsys/data/system/docker/overlay2/79974b7f9224b4a8af53d88784b146ce69c065ad521d12b2d704bb0153fa1928/diff:/lzcsys/data/system/docker/overlay2/304f619ae66a34558bca96edd2d65a38112b890d31085226f62dc27d6434bebe/diff:/lzcsys/data/system/docker/overlay2/af172c37f7a05e2ab699d153d747953fd36ad37561b2e9636a725d91825bbc4b/diff:/lzcsys/data/system/docker/overlay2/39c5b0cd0f6bdee6dfd726ad0fe26383e3145845e1006aa96fd62f102fc77775/diff:/lzcsys/data/system/docker/overlay2/faf142e17078e1a50745ef660aa62a31f328fe9b125ef02fcf3a7e32e660e3cc/diff:/lzcsys/data/system/docker/overlay2/bdae4a633093609aafffc92ee569eef44044bb47b8798ebf88479792cb7c91f5/diff:/lzcsys/data/system/docker/overlay2/181303fee112832b1bd3dae5c52422a8cf808bfc0c4705bc8c4a027344f6f625/diff:/lzcsys/data/system/docker/overlay2/faa9caf97d41c747d8437853001b5929eabb049e56c382b82208a60a423a177c/diff:/lzcsys/data/system/docker/overlay2/9419244aa1e878ee55fb32110c9e6fe0fe70934b78555c34d5274a75e10ea31f/diff:/lzcsys/data/system/docker/overlay2/46e5edbc78f48f8b7b52c194d94b448ddd84682f721b9ae985af9cbfc6e4151b/diff:/lzcsys/data/system/docker/overlay2/a60f6652a1977e261e37fefaa938dc21da985d589d702a3faa71b792ca100d59/diff:/lzcsys/data/system/docker/overlay2/c35cf2f37e6e27d21f2984695f58e72d1cc8d1f4a62309a49795914291449b36/diff:/lzcsys/data/system/docker/overlay2/37ed8a197e831c915fd15f99a3bbcc36e7d42c2fdf890691ef1f6de9545e2667/diff",
                "MergedDir": "/lzcsys/data/system/docker/overlay2/7dd969e71a81e7011de5ad65becbf6f5dfe495421b0f337ba402d2871e70120d/merged",
                "UpperDir": "/lzcsys/data/system/docker/overlay2/7dd969e71a81e7011de5ad65becbf6f5dfe495421b0f337ba402d2871e70120d/diff",
                "WorkDir": "/lzcsys/data/system/docker/overlay2/7dd969e71a81e7011de5ad65becbf6f5dfe495421b0f337ba402d2871e70120d/work"
            },
            "Name": "overlay2"
        },
        "Mounts": [
            {
                "Type": "bind",
                "Source": "/lzcsys/run/app/cloud.lazycat.aipod.rag",
                "Destination": "/lzcapp/run",
                "Mode": "rw",
                "RW": true,
                "Propagation": "rprivate"
            },
            {
                "Type": "bind",
                "Source": "/run/lzc-sys",
                "Destination": "/lzcapp/run/sys",
                "Mode": "rw",
                "RW": true,
                "Propagation": "rprivate"
            },
            {
                "Type": "bind",
                "Source": "/lzcsys/data/document",
                "Destination": "/lzcapp/document",
                "Mode": "",
                "RW": true,
                "Propagation": "slave"
            },
            {
                "Type": "bind",
                "Source": "/lzcsys/data/appvar/cloud.lazycat.aipod.rag",
                "Destination": "/lzcapp/var",
                "Mode": "rw",
                "RW": true,
                "Propagation": "rprivate"
            },
            {
                "Type": "bind",
                "Source": "/etc/localtime",
                "Destination": "/etc/localtime",
                "Mode": "rw",
                "RW": true,
                "Propagation": "rprivate"
            },
            {
                "Type": "bind",
                "Source": "/lzcsys/data/document",
                "Destination": "/lzcapp/run/mnt/home",
                "Mode": "",
                "RW": true,
                "Propagation": "slave"
            },
            {
                "Type": "bind",
                "Source": "/lzcsys/data/system/pkgm/apps/cloud.lazycat.aipod.rag/pkg",
                "Destination": "/lzcapp/pkg",
                "Mode": "",
                "RW": false,
                "Propagation": "rprivate"
            },
            {
                "Type": "bind",
                "Source": "/lzcsys/data/system/pkgm/run/cloud.lazycat.aipod.rag/pkg/manifest.yml",
                "Destination": "/lzcapp/run/manifest.yml",
                "Mode": "rw",
                "RW": true,
                "Propagation": "rprivate"
            },
            {
                "Type": "bind",
                "Source": "/usr/share/zoneinfo",
                "Destination": "/usr/share/zoneinfo",
                "Mode": "ro",
                "RW": false,
                "Propagation": "rprivate"
            },
            {
                "Type": "bind",
                "Source": "/lzcsys/run/media",
                "Destination": "/lzcapp/media",
                "Mode": "",
                "RW": true,
                "Propagation": "shared"
            },
            {
                "Type": "bind",
                "Source": "/etc/ssl/certs/ca-certificates.crt",
                "Destination": "/etc/ssl/certs/ca-certificates.crt",
                "Mode": "",
                "RW": false,
                "Propagation": "rprivate"
            },
            {
                "Type": "bind",
                "Source": "/lzcsys/run/media",
                "Destination": "/lzcapp/run/mnt/media",
                "Mode": "",
                "RW": true,
                "Propagation": "shared"
            },
            {
                "Type": "bind",
                "Source": "/lzcsys/data/appcache/cloud.lazycat.aipod.rag",
                "Destination": "/lzcapp/cache",
                "Mode": "",
                "RW": true,
                "Propagation": "shared"
            },
            {
                "Type": "bind",
                "Source": "/lzcsys/sspks/lzc-runtime/lzcinit",
                "Destination": "/lzcinit/cloud.lazycat.aipod.rag",
                "Mode": "",
                "RW": true,
                "Propagation": "rprivate"
            }
        ],
        "Config": {
            "Hostname": "61a23ae8593a",
            "Domainname": "",
            "User": "",
            "AttachStdin": false,
            "AttachStdout": true,
            "AttachStderr": true,
            "ExposedPorts": {
                "3001/tcp": {}
            },
            "Tty": false,
            "OpenStdin": false,
            "StdinOnce": false,
            "Env": [
                "LAZYCAT_USER_ID=",
                "LAZYCAT_APP_ID=cloud.lazycat.aipod.rag",
                "AUTO_DOWNLOAD_NLTK=false",
                "LZCAPP_API_GATEWAY_ADDRESS=app.cloud.lazycat.aipod.rag.lzcapp:81",
                "LAZYCAT_BOX_NAME=axy",
                "DO_NOT_TRACK=true",
                "EMBEDDING_MODEL=bge-m3",
                "EMBEDDING_BASE_URL=https://bgem3vllm-ai.axy.heiyu.space/v1",
                "LAZYCAT_APP_DEPLOY_UID=",
                "OCR_BASE_URL=https://ocr-ai.axy.heiyu.space",
                "LAZYCAT_APP_DOMAIN=rag.axy.heiyu.space",
                "LAZYCAT_APP_SERVICE_NAME=backend_rag",
                "LAZYCAT_BOX_DOMAIN=axy.heiyu.space",
                "SCARF_NO_ANALYTICS=true",
                "PATH=/usr/local/bin:/usr/local/sbin:/usr/local/bin:/usr/sbin:/usr/bin:/sbin:/bin",
                "LANG=C.UTF-8",
                "GPG_KEY=7169605F62C751356D054A26A821E680E5FA6305",
                "PYTHON_VERSION=3.12.11",
                "PYTHON_SHA256=c30bb24b7f1e9a19b11b55a546434f74e739bb4c271a3e3a80ff4380d49f7adb",
                "DEBIAN_FRONTEND=noninteractive",
                "PYTHONUNBUFFERED=1"
            ],
            "Cmd": [
                "python3",
                "server.py"
            ],
            "Healthcheck": {
                "Test": [
                    "CMD",
                    "curl",
                    "-f",
                    "http://localhost:3001/health"
                ],
                "StartPeriod": 60000000000,
                "StartInterval": 1000000000
            },
            "Image": "registry.lazycat.cloud/x/rag:bb78b8b",
            "Volumes": null,
            "WorkingDir": "/app",
            "Entrypoint": null,
            "OnBuild": null,
            "Labels": {
                "com.docker.compose.config-hash": "44353a21ef1f775b808ec05252bce49e4a613e7647158f464a300fbb87c35110",
                "com.docker.compose.container-number": "1",
                "com.docker.compose.depends_on": "",
                "com.docker.compose.image": "sha256:6f09bedd77e4cf756878a87b1edaa97906faa6157cbb23acdd8563a8127ab14d",
                "com.docker.compose.oneoff": "False",
                "com.docker.compose.project": "cloudlazycataipodrag",
                "com.docker.compose.project.config_files": "/lzcsys/data/system/pkgm/run/cloud.lazycat.aipod.rag/docker-compose.yml",
                "com.docker.compose.project.working_dir": "/lzcsys/data/system/pkgm/run/cloud.lazycat.aipod.rag",
                "com.docker.compose.service": "backend_rag",
                "com.docker.compose.version": "2.32.4",
                "lzcapp.app-id": "cloud.lazycat.aipod.rag",
                "lzcapp.user-id": ""
            }
        },
        "NetworkSettings": {
            "Bridge": "",
            "SandboxID": "ed3530503869674ce8a15dd8eb09c3ddc064f562e00bffc0c1fd48c456667392",
            "SandboxKey": "/lzcsys/run/lzc-docker/docker/netns/ed3530503869",
            "Ports": {
                "3001/tcp": null
            },
            "HairpinMode": false,
            "LinkLocalIPv6Address": "",
            "LinkLocalIPv6PrefixLen": 0,
            "SecondaryIPAddresses": null,
            "SecondaryIPv6Addresses": null,
            "EndpointID": "",
            "Gateway": "",
            "GlobalIPv6Address": "",
            "GlobalIPv6PrefixLen": 0,
            "IPAddress": "",
            "IPPrefixLen": 0,
            "IPv6Gateway": "",
            "MacAddress": "",
            "Networks": {
                "cloudlazycataipodrag_default": {
                    "IPAMConfig": null,
                    "Links": null,
                    "Aliases": [
                        "cloudlazycataipodrag-backend_rag-1",
                        "backend_rag"
                    ],
                    "MacAddress": "02:42:ac:1c:04:45",
                    "DriverOpts": null,
                    "NetworkID": "89e6ebcad0a5e2c0c75bc52ed8a8e85faf3c32ca872dad2cfe57c2ee34ed09f0",
                    "EndpointID": "e6db1e0c01d3348a2da7e85057c9936d3a844e7366902d6541ad5d09e5407c9a",
                    "Gateway": "172.28.4.65",
                    "IPAddress": "172.28.4.69",
                    "IPPrefixLen": 26,
                    "IPv6Gateway": "fd03:1136:3800::441",
                    "GlobalIPv6Address": "fd03:1136:3800::445",
                    "GlobalIPv6PrefixLen": 122,
                    "DNSNames": [
                        "cloudlazycataipodrag-backend_rag-1",
                        "backend_rag",
                        "61a23ae8593a"
                    ]
                }
            }
        }
    }
]
