[
    {
        "Id": "f6d05025b77b4f88de3527b6a43c01838bd284df36c2b52354c1e428c3bd8124",
        "Created": "2025-11-16T02:51:40.798509155Z",
        "Path": "bash",
        "Args": [
            "-c",
            "/usr/bin/start-all.sh"
        ],
        "State": {
            "Status": "running",
            "Running": true,
            "Paused": false,
            "Restarting": false,
            "OOMKilled": false,
            "Dead": false,
            "Pid": 1954800,
            "ExitCode": 0,
            "Error": "",
            "StartedAt": "2025-11-16T02:51:45.940681709Z",
            "FinishedAt": "0001-01-01T00:00:00Z"
        },
        "Image": "sha256:ccb383bae778d8c56b8259b0e98dbd06ffe5f155e55e655cd34801c66efdb2da",
        "ResolvConfPath": "/lzcsys/data/system/docker/containers/f6d05025b77b4f88de3527b6a43c01838bd284df36c2b52354c1e428c3bd8124/resolv.conf",
        "HostnamePath": "/lzcsys/data/system/docker/containers/f6d05025b77b4f88de3527b6a43c01838bd284df36c2b52354c1e428c3bd8124/hostname",
        "HostsPath": "/lzcsys/data/system/docker/containers/f6d05025b77b4f88de3527b6a43c01838bd284df36c2b52354c1e428c3bd8124/hosts",
        "LogPath": "",
        "Name": "/xyzmxuemaxkb-maxkb-1",
        "RestartCount": 0,
        "Driver": "overlay2",
        "Platform": "linux",
        "MountLabel": "",
        "ProcessLabel": "",
        "AppArmorProfile": "",
        "ExecIDs": null,
        "HostConfig": {
            "Binds": [
                "/lzcsys/data/system/pkgm/run/xyz.mxue.maxkb/pkg/manifest.yml:/lzcapp/run/manifest.yml:rw",
                "/lzcsys/data/appvar/xyz.mxue.maxkb/python-packages:/opt/maxkb/app/sandbox/python-packages:rw",
                "/lzcsys/data/appvar/xyz.mxue.maxkb/data:/var/lib/postgresql/data:rw",
                "/lzcsys/data/appvar/xyz.mxue.maxkb:/lzcapp/var:rw",
                "/etc/localtime:/etc/localtime:rw",
                "/usr/share/zoneinfo:/usr/share/zoneinfo:ro",
                "/lzcsys/run/app/xyz.mxue.maxkb:/lzcapp/run:rw",
                "/run/lzc-sys:/lzcapp/run/sys:rw"
            ],
            "ContainerIDFile": "",
            "LogConfig": {
                "Type": "lzc-logging-driver",
                "Config": {
                    "max-backups": "5",
                    "max-size": "20m"
                }
            },
            "NetworkMode": "xyzmxuemaxkb_default",
            "PortBindings": {},
            "RestartPolicy": {
                "Name": "no",
                "MaximumRetryCount": 0
            },
            "AutoRemove": false,
            "VolumeDriver": "",
            "VolumesFrom": null,
            "ConsoleSize": [
                0,
                0
            ],
            "CapAdd": null,
            "CapDrop": null,
            "CgroupnsMode": "private",
            "Dns": [
                "172.18.0.1"
            ],
            "DnsOptions": null,
            "DnsSearch": null,
            "ExtraHosts": [],
            "GroupAdd": null,
            "IpcMode": "private",
            "Cgroup": "",
            "Links": null,
            "OomScoreAdj": 500,
            "PidMode": "",
            "Privileged": false,
            "PublishAllPorts": false,
            "ReadonlyRootfs": false,
            "SecurityOpt": null,
            "UTSMode": "",
            "UsernsMode": "",
            "ShmSize": 67108864,
            "Runtime": "runc",
            "Isolation": "",
            "CpuShares": 0,
            "Memory": 0,
            "NanoCpus": 0,
            "CgroupParent": "lzcapp-xyz.mxue.maxkb.slice",
            "BlkioWeight": 0,
            "BlkioWeightDevice": null,
            "BlkioDeviceReadBps": null,
            "BlkioDeviceWriteBps": null,
            "BlkioDeviceReadIOps": null,
            "BlkioDeviceWriteIOps": null,
            "CpuPeriod": 0,
            "CpuQuota": 0,
            "CpuRealtimePeriod": 0,
            "CpuRealtimeRuntime": 0,
            "CpusetCpus": "",
            "CpusetMems": "",
            "Devices": [
                {
                    "PathOnHost": "/dev/fuse",
                    "PathInContainer": "/dev/fuse",
                    "CgroupPermissions": "rwm"
                }
            ],
            "DeviceCgroupRules": null,
            "DeviceRequests": null,
            "MemoryReservation": 0,
            "MemorySwap": 0,
            "MemorySwappiness": null,
            "OomKillDisable": null,
            "PidsLimit": null,
            "Ulimits": null,
            "CpuCount": 0,
            "CpuPercent": 0,
            "IOMaximumIOps": 0,
            "IOMaximumBandwidth": 0,
            "Mounts": [
                {
                    "Type": "bind",
                    "Source": "/lzcsys/data/document/",
                    "Target": "/lzcapp/document",
                    "BindOptions": {
                        "Propagation": "slave",
                        "CreateMountpoint": true
                    }
                },
                {
                    "Type": "bind",
                    "Source": "/lzcsys/data/document/",
                    "Target": "/lzcapp/run/mnt/home",
                    "BindOptions": {
                        "Propagation": "slave",
                        "CreateMountpoint": true
                    }
                },
                {
                    "Type": "bind",
                    "Source": "/lzcsys/sspks/lzc-runtime/lzcinit",
                    "Target": "/lzcinit/xyz.mxue.maxkb",
                    "BindOptions": {}
                },
                {
                    "Type": "bind",
                    "Source": "/lzcsys/data/system/pkgm/apps/xyz.mxue.maxkb/pkg",
                    "Target": "/lzcapp/pkg",
                    "ReadOnly": true,
                    "BindOptions": {}
                },
                {
                    "Type": "bind",
                    "Source": "/etc/ssl/certs/ca-certificates.crt",
                    "Target": "/etc/ssl/certs/ca-certificates.crt",
                    "ReadOnly": true,
                    "BindOptions": {}
                },
                {
                    "Type": "bind",
                    "Source": "/lzcsys/data/appcache/xyz.mxue.maxkb",
                    "Target": "/lzcapp/cache",
                    "BindOptions": {
                        "Propagation": "shared"
                    }
                }
            ],
            "MaskedPaths": [
                "/proc/asound",
                "/proc/acpi",
                "/proc/kcore",
                "/proc/keys",
                "/proc/latency_stats",
                "/proc/timer_list",
                "/proc/timer_stats",
                "/proc/sched_debug",
                "/proc/scsi",
                "/sys/firmware",
                "/sys/devices/virtual/powercap"
            ],
            "ReadonlyPaths": [
                "/proc/bus",
                "/proc/fs",
                "/proc/irq",
                "/proc/sys",
                "/proc/sysrq-trigger"
            ],
            "Init": false
        },
        "GraphDriver": {
            "Data": {
                "LowerDir": "/lzcsys/data/system/docker/overlay2/2502b22c1466e3fb2d1491ac436ef76c35ba9bd80f2b4d37321a21bfb3da6acc-init/diff:/lzcsys/data/system/docker/overlay2/b26b8177770363da49b5059f3227cd79c8bd860fbac255c3927c7256d6bf604b/diff:/lzcsys/data/system/docker/overlay2/c2949739d35b8fe54206adc4b1eecd2e7d7a4316531a68b381c48194ef8ac70e/diff:/lzcsys/data/system/docker/overlay2/7e06a76b80971586369a8c891e536721d08ea576e20353d66273d19cf9338053/diff:/lzcsys/data/system/docker/overlay2/f784af823d80939c2ae09c548d76ee9ef8537b1dd319aa6771cbef1150fafcd1/diff:/lzcsys/data/system/docker/overlay2/7f43c12e71076368940ac791a06f8081211535f5ee2ab6a1bc50e34a2c0edc6b/diff:/lzcsys/data/system/docker/overlay2/7fa8e293e4a04e93b8f6a892d7ad43214da36aa8c885e3a64ec006d8992db5e2/diff:/lzcsys/data/system/docker/overlay2/7457b70f9e42eb354a4ecabd6d05cc6a42a6e3ed158d77214753abd28639f83d/diff:/lzcsys/data/system/docker/overlay2/84463e9278c00571d1822028ec53cecc718660d1b3b507ad0c00e2b0a7a32091/diff:/lzcsys/data/system/docker/overlay2/47df34544d844b9bbe0094b59c235339380a19659431ea7030020c44c65a5ddb/diff:/lzcsys/data/system/docker/overlay2/1da5920faeb3c7bf252564de1507f634e58e88381696c65ae14a51ec34a63b51/diff:/lzcsys/data/system/docker/overlay2/f9e3937e37da239d0d49654f2399cb222a379ac5a1f430746e71c23c4f28134f/diff:/lzcsys/data/system/docker/overlay2/e14f446a35a0480ce17718ab9cb5fa7311b6bbd6067aa6c175b72d13dadd0c2c/diff:/lzcsys/data/system/docker/overlay2/d695d32f6f027645c388dfe1d5eb951838e9a516167166579383a4c7a5384c3b/diff:/lzcsys/data/system/docker/overlay2/09b0b61606549bd5559cd2c28dfea26d1556d36dc4bb48eaf41ed57274881068/diff:/lzcsys/data/system/docker/overlay2/d22a7bba2fc83dd10fd9813eeefa5333c12c49ac655bcf6338689eef0d25a512/diff:/lzcsys/data/system/docker/overlay2/87fb3fd090f0f02caaa6782abff01c6dcbae11adbe8261f8d58f48c9b33d2f26/diff:/lzcsys/data/system/docker/overlay2/a109a2fc8ef276ccb2d5eddefee8bc1133d9b50b104864e600032983ba3ffce5/diff:/lzcsys/data/system/docker/overlay2/84693660fe44dab227dcdcf294d9dbb4bddfa29c700a5fbe24142d0f5603d352/diff:/lzcsys/data/system/docker/overlay2/84c81414b3942d71fb98132632395db7be099ccc70aa1a5f437cc408d12819e0/diff:/lzcsys/data/system/docker/overlay2/26942713d219d446de100c75d8dcaff759b2d61b7e7eec513ec5774c8843aa7b/diff:/lzcsys/data/system/docker/overlay2/8096c40a5c5a592e92bc3c1fa5a97aa110849e253ba34c6919301d52f1b4da66/diff:/lzcsys/data/system/docker/overlay2/210136c2efd13fe8a8e78275c6e0cc56a00be7bfdbf26bb2387bca1fd0f5a267/diff:/lzcsys/data/system/docker/overlay2/0fdbd49615561369f5d542377a5024c8edb9e4d93d6fef4abb1fa4c80ba729d6/diff:/lzcsys/data/system/docker/overlay2/e6c1f779f8714e9b9a65f161aa245c7bd53a8cd620e1f5b370095712165bfec5/diff",
                "MergedDir": "/lzcsys/data/system/docker/overlay2/2502b22c1466e3fb2d1491ac436ef76c35ba9bd80f2b4d37321a21bfb3da6acc/merged",
                "UpperDir": "/lzcsys/data/system/docker/overlay2/2502b22c1466e3fb2d1491ac436ef76c35ba9bd80f2b4d37321a21bfb3da6acc/diff",
                "WorkDir": "/lzcsys/data/system/docker/overlay2/2502b22c1466e3fb2d1491ac436ef76c35ba9bd80f2b4d37321a21bfb3da6acc/work"
            },
            "Name": "overlay2"
        },
        "Mounts": [
            {
                "Type": "bind",
                "Source": "/lzcsys/sspks/lzc-runtime/lzcinit",
                "Destination": "/lzcinit/xyz.mxue.maxkb",
                "Mode": "",
                "RW": true,
                "Propagation": "rprivate"
            },
            {
                "Type": "bind",
                "Source": "/etc/ssl/certs/ca-certificates.crt",
                "Destination": "/etc/ssl/certs/ca-certificates.crt",
                "Mode": "",
                "RW": false,
                "Propagation": "rprivate"
            },
            {
                "Type": "bind",
                "Source": "/lzcsys/data/appcache/xyz.mxue.maxkb",
                "Destination": "/lzcapp/cache",
                "Mode": "",
                "RW": true,
                "Propagation": "shared"
            },
            {
                "Type": "bind",
                "Source": "/lzcsys/data/system/pkgm/run/xyz.mxue.maxkb/pkg/manifest.yml",
                "Destination": "/lzcapp/run/manifest.yml",
                "Mode": "rw",
                "RW": true,
                "Propagation": "rprivate"
            },
            {
                "Type": "bind",
                "Source": "/lzcsys/data/appvar/xyz.mxue.maxkb/data",
                "Destination": "/var/lib/postgresql/data",
                "Mode": "rw",
                "RW": true,
                "Propagation": "rprivate"
            },
            {
                "Type": "bind",
                "Source": "/lzcsys/data/document",
                "Destination": "/lzcapp/run/mnt/home",
                "Mode": "",
                "RW": true,
                "Propagation": "slave"
            },
            {
                "Type": "bind",
                "Source": "/lzcsys/data/system/pkgm/apps/xyz.mxue.maxkb/pkg",
                "Destination": "/lzcapp/pkg",
                "Mode": "",
                "RW": false,
                "Propagation": "rprivate"
            },
            {
                "Type": "bind",
                "Source": "/lzcsys/data/appvar/xyz.mxue.maxkb/python-packages",
                "Destination": "/opt/maxkb/app/sandbox/python-packages",
                "Mode": "rw",
                "RW": true,
                "Propagation": "rprivate"
            },
            {
                "Type": "bind",
                "Source": "/lzcsys/data/document",
                "Destination": "/lzcapp/document",
                "Mode": "",
                "RW": true,
                "Propagation": "slave"
            },
            {
                "Type": "bind",
                "Source": "/usr/share/zoneinfo",
                "Destination": "/usr/share/zoneinfo",
                "Mode": "ro",
                "RW": false,
                "Propagation": "rprivate"
            },
            {
                "Type": "bind",
                "Source": "/lzcsys/run/app/xyz.mxue.maxkb",
                "Destination": "/lzcapp/run",
                "Mode": "rw",
                "RW": true,
                "Propagation": "rprivate"
            },
            {
                "Type": "bind",
                "Source": "/run/lzc-sys",
                "Destination": "/lzcapp/run/sys",
                "Mode": "rw",
                "RW": true,
                "Propagation": "rprivate"
            },
            {
                "Type": "volume",
                "Name": "00faf56f8882afabbbe11b312cd06e6a90ac77e1a3ed97e536ed8988f3ebf504",
                "Source": "/lzcsys/data/system/docker/volumes/00faf56f8882afabbbe11b312cd06e6a90ac77e1a3ed97e536ed8988f3ebf504/_data",
                "Destination": "/opt/maxkb",
                "Driver": "local",
                "Mode": "",
                "RW": true,
                "Propagation": ""
            },
            {
                "Type": "bind",
                "Source": "/lzcsys/data/appvar/xyz.mxue.maxkb",
                "Destination": "/lzcapp/var",
                "Mode": "rw",
                "RW": true,
                "Propagation": "rprivate"
            },
            {
                "Type": "bind",
                "Source": "/etc/localtime",
                "Destination": "/etc/localtime",
                "Mode": "rw",
                "RW": true,
                "Propagation": "rprivate"
            }
        ],
        "Config": {
            "Hostname": "f6d05025b77b",
            "Domainname": "",
            "User": "",
            "AttachStdin": false,
            "AttachStdout": true,
            "AttachStderr": true,
            "ExposedPorts": {
                "5432/tcp": {},
                "6379/tcp": {},
                "8080/tcp": {}
            },
            "Tty": false,
            "OpenStdin": false,
            "StdinOnce": false,
            "Env": [
                "LAZYCAT_APP_DEPLOY_UID=",
                "LAZYCAT_APP_DOMAIN=maxkb.axy.heiyu.space",
                "LAZYCAT_APP_ID=xyz.mxue.maxkb",
                "LAZYCAT_APP_SERVICE_NAME=maxkb",
                "LAZYCAT_BOX_DOMAIN=axy.heiyu.space",
                "LAZYCAT_BOX_NAME=axy",
                "LAZYCAT_USER_ID=",
                "LZCAPP_API_GATEWAY_ADDRESS=app.xyz.mxue.maxkb.lzcapp:81",
                "PATH=/opt/py3/bin:/usr/local/sbin:/usr/local/bin:/usr/sbin:/usr/bin:/sbin:/bin:/usr/lib/postgresql/17/bin",
                "GOSU_VERSION=1.19",
                "LANG=en_US.UTF-8",
                "PG_MAJOR=17",
                "PG_VERSION=17.6-2.pgdg13+1",
                "PGDATA=/opt/maxkb/data/postgresql/pgdata",
                "POSTGRES_USER=root",
                "POSTGRES_PASSWORD=Password123@postgres",
                "POSTGRES_MAX_CONNECTIONS=1000",
                "REDIS_PASSWORD=Password123@redis",
                "PYTHONUNBUFFERED=1",
                "MAXKB_CONFIG_TYPE=ENV",
                "MAXKB_LOG_LEVEL=INFO",
                "MAXKB_SANDBOX=1",
                "MAXKB_SANDBOX_HOME=/opt/maxkb-app/sandbox",
                "MAXKB_SANDBOX_PYTHON_PACKAGE_PATHS=/opt/py3/lib/python3.11/site-packages,/opt/maxkb-app/sandbox/python-packages,/opt/maxkb/python-packages",
                "MAXKB_SANDBOX_PYTHON_BANNED_KEYWORDS=subprocess.,system(,exec(,execve(,pty.,eval(,compile(,shutil.,input(,__import__",
                "MAXKB_SANDBOX_PYTHON_BANNED_HOSTS=127.0.0.1,localhost,host.docker.internal,maxkb,pgsql,redis",
                "MAXKB_ADMIN_PATH=/admin",
                "MAXKB_VERSION=v2.3.1 (build at 2025-11-13T11:15, commit: 3838f68)",
                "MAXKB_DB_NAME=maxkb",
                "MAXKB_DB_HOST=127.0.0.1",
                "MAXKB_DB_PORT=5432",
                "MAXKB_DB_USER=root",
                "MAXKB_DB_PASSWORD=Password123@postgres",
                "MAXKB_DB_MAX_OVERFLOW=80",
                "MAXKB_REDIS_HOST=127.0.0.1",
                "MAXKB_REDIS_PORT=6379",
                "MAXKB_REDIS_DB=0",
                "MAXKB_REDIS_PASSWORD=Password123@redis",
                "MAXKB_EMBEDDING_MODEL_PATH=/opt/maxkb-app/model/embedding",
                "MAXKB_EMBEDDING_MODEL_NAME=/opt/maxkb-app/model/embedding/shibing624_text2vec-base-chinese",
                "MAXKB_LOCAL_MODEL_HOST=127.0.0.1",
                "MAXKB_LOCAL_MODEL_PORT=11636",
                "MAXKB_LOCAL_MODEL_PROTOCOL=http",
                "PIP_TARGET=/opt/maxkb/python-packages"
            ],
            "Cmd": [
                "/usr/bin/start-all.sh"
            ],
            "Image": "registry.lazycat.cloud/aixinyin/1panel/maxkb:bc6d7a430b9aa53e",
            "Volumes": {
                "/opt/maxkb": {},
                "/var/lib/postgresql/data": {}
            },
            "WorkingDir": "/opt/maxkb-app",
            "Entrypoint": [
                "bash",
                "-c"
            ],
            "OnBuild": null,
            "Labels": {
                "cloud.lazycat.image.maintainer": "aixinyin",
                "cloud.lazycat.image.origin_hash": "sha256:5416377dc05889e4b824a3451eabdffa2cc283f3358ab2a3ab48474a2aa83e86",
                "cloud.lazycat.image.origin_image": "1panel/maxkb",
                "com.docker.compose.config-hash": "3623b485d3b44d1a416e91bfb88506da8e3dffd7adfac39e7e677917aab14211",
                "com.docker.compose.container-number": "1",
                "com.docker.compose.depends_on": "",
                "com.docker.compose.image": "sha256:ccb383bae778d8c56b8259b0e98dbd06ffe5f155e55e655cd34801c66efdb2da",
                "com.docker.compose.oneoff": "False",
                "com.docker.compose.project": "xyzmxuemaxkb",
                "com.docker.compose.project.config_files": "/lzcsys/data/system/pkgm/run/xyz.mxue.maxkb/docker-compose.yml",
                "com.docker.compose.project.working_dir": "/lzcsys/data/system/pkgm/run/xyz.mxue.maxkb",
                "com.docker.compose.service": "maxkb",
                "com.docker.compose.version": "2.32.4",
                "lzcapp.app-id": "xyz.mxue.maxkb",
                "lzcapp.user-id": ""
            },
            "StopSignal": "SIGINT"
        },
        "NetworkSettings": {
            "Bridge": "",
            "SandboxID": "b0c15912e8ede271a59e5506a2d4b5dacef9d925e835d59fd09bd497ba7a0f8c",
            "SandboxKey": "/lzcsys/run/lzc-docker/docker/netns/b0c15912e8ed",
            "Ports": {
                "5432/tcp": null,
                "6379/tcp": null,
                "8080/tcp": null
            },
            "HairpinMode": false,
            "LinkLocalIPv6Address": "",
            "LinkLocalIPv6PrefixLen": 0,
            "SecondaryIPAddresses": null,
            "SecondaryIPv6Addresses": null,
            "EndpointID": "",
            "Gateway": "",
            "GlobalIPv6Address": "",
            "GlobalIPv6PrefixLen": 0,
            "IPAddress": "",
            "IPPrefixLen": 0,
            "IPv6Gateway": "",
            "MacAddress": "",
            "Networks": {
                "xyzmxuemaxkb_default": {
                    "IPAMConfig": null,
                    "Links": null,
                    "Aliases": [
                        "xyzmxuemaxkb-maxkb-1",
                        "maxkb"
                    ],
                    "MacAddress": "02:42:ac:1c:03:c3",
                    "DriverOpts": null,
                    "NetworkID": "f33e52322e798c4fc20fe981a7ec8e684c30d18eb66e3891fcd92efa9be36226",
                    "EndpointID": "41614b127aca659bdb9b6d46e9567025a13bd9912e50540caf2924fd602e9b7d",
                    "Gateway": "172.28.3.193",
                    "IPAddress": "172.28.3.195",
                    "IPPrefixLen": 26,
                    "IPv6Gateway": "fd03:1136:3800::3c1",
                    "GlobalIPv6Address": "fd03:1136:3800::3c3",
                    "GlobalIPv6PrefixLen": 122,
                    "DNSNames": [
                        "xyzmxuemaxkb-maxkb-1",
                        "maxkb",
                        "f6d05025b77b"
                    ]
                }
            }
        }
    }
]
