[
    {
        "Id": "2d69322ac75bacafa57f60df20e1a6d7e0661182927f6a78d5d3d7dbeaa01309",
        "Created": "2025-11-14T15:45:37.545454057Z",
        "Path": "docker-entrypoint.sh",
        "Args": [
            "postgres"
        ],
        "State": {
            "Status": "running",
            "Running": true,
            "Paused": false,
            "Restarting": false,
            "OOMKilled": false,
            "Dead": false,
            "Pid": 11638,
            "ExitCode": 0,
            "Error": "",
            "StartedAt": "2025-11-14T15:46:10.275462499Z",
            "FinishedAt": "0001-01-01T00:00:00Z",
            "Health": {
                "Status": "healthy",
                "FailingStreak": 0,
                "Log": [
                    {
                        "Start": "2025-11-16T20:43:43.116436137+08:00",
                        "End": "2025-11-16T20:43:43.203391059+08:00",
                        "ExitCode": 0,
                        "Output": "/var/run/postgresql:5432 - accepting connections\n"
                    },
                    {
                        "Start": "2025-11-16T20:44:13.204783736+08:00",
                        "End": "2025-11-16T20:44:13.296399568+08:00",
                        "ExitCode": 0,
                        "Output": "/var/run/postgresql:5432 - accepting connections\n"
                    },
                    {
                        "Start": "2025-11-16T20:44:43.29762044+08:00",
                        "End": "2025-11-16T20:44:43.380558847+08:00",
                        "ExitCode": 0,
                        "Output": "/var/run/postgresql:5432 - accepting connections\n"
                    },
                    {
                        "Start": "2025-11-16T20:45:13.381219286+08:00",
                        "End": "2025-11-16T20:45:13.432131316+08:00",
                        "ExitCode": 0,
                        "Output": "/var/run/postgresql:5432 - accepting connections\n"
                    },
                    {
                        "Start": "2025-11-16T20:45:43.432667928+08:00",
                        "End": "2025-11-16T20:45:43.525810952+08:00",
                        "ExitCode": 0,
                        "Output": "/var/run/postgresql:5432 - accepting connections\n"
                    }
                ]
            }
        },
        "Image": "sha256:83f319a6a40345991410e688897dc6ab3e157678d8ea844137c27bfab2cad6f4",
        "ResolvConfPath": "/lzcsys/data/system/docker/containers/2d69322ac75bacafa57f60df20e1a6d7e0661182927f6a78d5d3d7dbeaa01309/resolv.conf",
        "HostnamePath": "/lzcsys/data/system/docker/containers/2d69322ac75bacafa57f60df20e1a6d7e0661182927f6a78d5d3d7dbeaa01309/hostname",
        "HostsPath": "/lzcsys/data/system/docker/containers/2d69322ac75bacafa57f60df20e1a6d7e0661182927f6a78d5d3d7dbeaa01309/hosts",
        "LogPath": "",
        "Name": "/cloudlazycatappai-postgres-1",
        "RestartCount": 0,
        "Driver": "overlay2",
        "Platform": "linux",
        "MountLabel": "",
        "ProcessLabel": "",
        "AppArmorProfile": "",
        "ExecIDs": null,
        "HostConfig": {
            "Binds": [
                "/lzcsys/data/appvar/cloud.lazycat.app.ai/pg-v2:/var/lib/postgresql/data:rw",
                "/lzcsys/run/app/cloud.lazycat.app.ai:/lzcapp/run:rw",
                "/run/lzc-sys:/lzcapp/run/sys:rw",
                "/usr/share/zoneinfo:/usr/share/zoneinfo:ro",
                "/lzcsys/data/appvar/cloud.lazycat.app.ai:/lzcapp/var:rw",
                "/lzcsys/data/system/pkgm/run/cloud.lazycat.app.ai/pkg/manifest.yml:/lzcapp/run/manifest.yml:rw",
                "/etc/localtime:/etc/localtime:rw"
            ],
            "ContainerIDFile": "",
            "LogConfig": {
                "Type": "lzc-logging-driver",
                "Config": {
                    "max-backups": "5",
                    "max-size": "20m"
                }
            },
            "NetworkMode": "cloudlazycatappai_default",
            "PortBindings": {},
            "RestartPolicy": {
                "Name": "no",
                "MaximumRetryCount": 0
            },
            "AutoRemove": false,
            "VolumeDriver": "",
            "VolumesFrom": null,
            "ConsoleSize": [
                0,
                0
            ],
            "CapAdd": null,
            "CapDrop": null,
            "CgroupnsMode": "private",
            "Dns": [
                "172.18.0.1"
            ],
            "DnsOptions": null,
            "DnsSearch": null,
            "ExtraHosts": [],
            "GroupAdd": null,
            "IpcMode": "private",
            "Cgroup": "",
            "Links": null,
            "OomScoreAdj": 500,
            "PidMode": "",
            "Privileged": false,
            "PublishAllPorts": false,
            "ReadonlyRootfs": false,
            "SecurityOpt": null,
            "UTSMode": "",
            "UsernsMode": "",
            "ShmSize": 1073741824,
            "Runtime": "runc",
            "Isolation": "",
            "CpuShares": 0,
            "Memory": 0,
            "NanoCpus": 0,
            "CgroupParent": "lzcapp-cloud.lazycat.app.ai.slice",
            "BlkioWeight": 0,
            "BlkioWeightDevice": null,
            "BlkioDeviceReadBps": null,
            "BlkioDeviceWriteBps": null,
            "BlkioDeviceReadIOps": null,
            "BlkioDeviceWriteIOps": null,
            "CpuPeriod": 0,
            "CpuQuota": 0,
            "CpuRealtimePeriod": 0,
            "CpuRealtimeRuntime": 0,
            "CpusetCpus": "",
            "CpusetMems": "",
            "Devices": [
                {
                    "PathOnHost": "/dev/fuse",
                    "PathInContainer": "/dev/fuse",
                    "CgroupPermissions": "rwm"
                }
            ],
            "DeviceCgroupRules": null,
            "DeviceRequests": null,
            "MemoryReservation": 0,
            "MemorySwap": 0,
            "MemorySwappiness": null,
            "OomKillDisable": null,
            "PidsLimit": null,
            "Ulimits": null,
            "CpuCount": 0,
            "CpuPercent": 0,
            "IOMaximumIOps": 0,
            "IOMaximumBandwidth": 0,
            "Mounts": [
                {
                    "Type": "bind",
                    "Source": "/lzcsys/sspks/lzc-runtime/lzcinit",
                    "Target": "/lzcinit/cloud.lazycat.app.ai",
                    "BindOptions": {}
                },
                {
                    "Type": "bind",
                    "Source": "/etc/ssl/certs/ca-certificates.crt",
                    "Target": "/etc/ssl/certs/ca-certificates.crt",
                    "ReadOnly": true,
                    "BindOptions": {}
                },
                {
                    "Type": "bind",
                    "Source": "/lzcsys/data/document/",
                    "Target": "/lzcapp/document",
                    "BindOptions": {
                        "Propagation": "slave",
                        "CreateMountpoint": true
                    }
                },
                {
                    "Type": "bind",
                    "Source": "/lzcsys/data/system/pkgm/apps/cloud.lazycat.app.ai/pkg",
                    "Target": "/lzcapp/pkg",
                    "ReadOnly": true,
                    "BindOptions": {}
                },
                {
                    "Type": "bind",
                    "Source": "/lzcsys/data/appcache/cloud.lazycat.app.ai",
                    "Target": "/lzcapp/cache",
                    "BindOptions": {
                        "Propagation": "shared"
                    }
                },
                {
                    "Type": "bind",
                    "Source": "/lzcsys/data/document/",
                    "Target": "/lzcapp/run/mnt/home",
                    "BindOptions": {
                        "Propagation": "slave",
                        "CreateMountpoint": true
                    }
                }
            ],
            "MaskedPaths": [
                "/proc/asound",
                "/proc/acpi",
                "/proc/kcore",
                "/proc/keys",
                "/proc/latency_stats",
                "/proc/timer_list",
                "/proc/timer_stats",
                "/proc/sched_debug",
                "/proc/scsi",
                "/sys/firmware",
                "/sys/devices/virtual/powercap"
            ],
            "ReadonlyPaths": [
                "/proc/bus",
                "/proc/fs",
                "/proc/irq",
                "/proc/sys",
                "/proc/sysrq-trigger"
            ],
            "Init": false
        },
        "GraphDriver": {
            "Data": {
                "LowerDir": "/lzcsys/data/system/docker/overlay2/66f2f2d6918412d8480ce8075993cf9bc5657aefd17c933e33c1fd9a17f291eb-init/diff:/lzcsys/data/system/docker/overlay2/f1208e205c77771d04f77e92741ccbee78072f5cac8b32cd3d295d396ae4e448/diff:/lzcsys/data/system/docker/overlay2/b75c2b7e0dffb442c0b67b612b7e40c7b7129437785e7b640d974777560da18f/diff:/lzcsys/data/system/docker/overlay2/da42ae374813032adc9db96c63c9f4597e8b9a6df70a77d33aa37e6b209437ae/diff:/lzcsys/data/system/docker/overlay2/0eb4aeafe75ab68a801d0169cc2f914a6c70fc6c250b6cfd8ae3aa96e6e6676c/diff:/lzcsys/data/system/docker/overlay2/0c1d78873eec6080a518f65011dbdffe509ab601dfcff4f437f504e5c56e1184/diff:/lzcsys/data/system/docker/overlay2/ff173ed263430187ba99ee9ef862bc76e0f23d2ebe63f41e6e14f25290687415/diff:/lzcsys/data/system/docker/overlay2/d79e366d8302d744e25ada31b1f200b75f36664e29f1cea79252f2db8dcc3b72/diff:/lzcsys/data/system/docker/overlay2/85073c578308d3758d6c58f2d926da52ff47554309e920951f28adf26ba60787/diff:/lzcsys/data/system/docker/overlay2/36d70d6a0e85d1b275e2d74824162db2f6c9e6fd9e27b46bd5209a18e196a97d/diff:/lzcsys/data/system/docker/overlay2/b8e2e645559b9221b481329a9070389bbe637c9cf8f9a96701f33dd5173c4a11/diff:/lzcsys/data/system/docker/overlay2/e41146ae0e3c305cedd14ad3b40b29926f749c488b915796c8e3cc313d446e66/diff:/lzcsys/data/system/docker/overlay2/217af39f6fe83e2cd9c831bb70fead5154d1be394f987b3f1a79111ebf1f00e2/diff:/lzcsys/data/system/docker/overlay2/f1a7aabe188f4a3c3ce97bac8d2c98ae62891365038368d6c2e83c8fe8b03917/diff:/lzcsys/data/system/docker/overlay2/aa6ca84a60a303cf8c3d2a236e505fd41476546d7bad65763e86408002775dc2/diff:/lzcsys/data/system/docker/overlay2/6675e2e91729830b28f86c606c3910a38b1dad004cc0ac07a8193e6f11d558ef/diff:/lzcsys/data/system/docker/overlay2/4862ae8878ffd0da4e0c7aa8f0d0bda0134af104a3d53c57cc32aa9cab156cde/diff:/lzcsys/data/system/docker/overlay2/e2102f006eda8d62e6246e39ab7f18d5f8dc27ae6bd975d9564b9d2de85d51a8/diff:/lzcsys/data/system/docker/overlay2/610a1db3f96f5a3348525cffa2ca024fca9f340497eead8dcd23567c40ab46fd/diff:/lzcsys/data/system/docker/overlay2/0a61441d9b290606af750a4629e54afcf13dff759c4996cbc72964d24ea0c8dc/diff:/lzcsys/data/system/docker/overlay2/e1e3a3e592970599ff9a498d6ea06be8b536d123d75b8dd43b16cfb2c5fc09a7/diff",
                "MergedDir": "/lzcsys/data/system/docker/overlay2/66f2f2d6918412d8480ce8075993cf9bc5657aefd17c933e33c1fd9a17f291eb/merged",
                "UpperDir": "/lzcsys/data/system/docker/overlay2/66f2f2d6918412d8480ce8075993cf9bc5657aefd17c933e33c1fd9a17f291eb/diff",
                "WorkDir": "/lzcsys/data/system/docker/overlay2/66f2f2d6918412d8480ce8075993cf9bc5657aefd17c933e33c1fd9a17f291eb/work"
            },
            "Name": "overlay2"
        },
        "Mounts": [
            {
                "Type": "bind",
                "Source": "/lzcsys/data/appvar/cloud.lazycat.app.ai/pg-v2",
                "Destination": "/var/lib/postgresql/data",
                "Mode": "rw",
                "RW": true,
                "Propagation": "rprivate"
            },
            {
                "Type": "bind",
                "Source": "/lzcsys/run/app/cloud.lazycat.app.ai",
                "Destination": "/lzcapp/run",
                "Mode": "rw",
                "RW": true,
                "Propagation": "rprivate"
            },
            {
                "Type": "bind",
                "Source": "/lzcsys/data/system/pkgm/run/cloud.lazycat.app.ai/pkg/manifest.yml",
                "Destination": "/lzcapp/run/manifest.yml",
                "Mode": "rw",
                "RW": true,
                "Propagation": "rprivate"
            },
            {
                "Type": "bind",
                "Source": "/lzcsys/sspks/lzc-runtime/lzcinit",
                "Destination": "/lzcinit/cloud.lazycat.app.ai",
                "Mode": "",
                "RW": true,
                "Propagation": "rprivate"
            },
            {
                "Type": "bind",
                "Source": "/etc/ssl/certs/ca-certificates.crt",
                "Destination": "/etc/ssl/certs/ca-certificates.crt",
                "Mode": "",
                "RW": false,
                "Propagation": "rprivate"
            },
            {
                "Type": "bind",
                "Source": "/lzcsys/data/document",
                "Destination": "/lzcapp/document",
                "Mode": "",
                "RW": true,
                "Propagation": "slave"
            },
            {
                "Type": "bind",
                "Source": "/lzcsys/data/system/pkgm/apps/cloud.lazycat.app.ai/pkg",
                "Destination": "/lzcapp/pkg",
                "Mode": "",
                "RW": false,
                "Propagation": "rprivate"
            },
            {
                "Type": "bind",
                "Source": "/lzcsys/data/appcache/cloud.lazycat.app.ai",
                "Destination": "/lzcapp/cache",
                "Mode": "",
                "RW": true,
                "Propagation": "shared"
            },
            {
                "Type": "bind",
                "Source": "/run/lzc-sys",
                "Destination": "/lzcapp/run/sys",
                "Mode": "rw",
                "RW": true,
                "Propagation": "rprivate"
            },
            {
                "Type": "bind",
                "Source": "/usr/share/zoneinfo",
                "Destination": "/usr/share/zoneinfo",
                "Mode": "ro",
                "RW": false,
                "Propagation": "rprivate"
            },
            {
                "Type": "bind",
                "Source": "/lzcsys/data/appvar/cloud.lazycat.app.ai",
                "Destination": "/lzcapp/var",
                "Mode": "rw",
                "RW": true,
                "Propagation": "rprivate"
            },
            {
                "Type": "bind",
                "Source": "/etc/localtime",
                "Destination": "/etc/localtime",
                "Mode": "rw",
                "RW": true,
                "Propagation": "rprivate"
            },
            {
                "Type": "bind",
                "Source": "/lzcsys/data/document",
                "Destination": "/lzcapp/run/mnt/home",
                "Mode": "",
                "RW": true,
                "Propagation": "slave"
            }
        ],
        "Config": {
            "Hostname": "2d69322ac75b",
            "Domainname": "",
            "User": "",
            "AttachStdin": false,
            "AttachStdout": true,
            "AttachStderr": true,
            "ExposedPorts": {
                "5432/tcp": {}
            },
            "Tty": false,
            "OpenStdin": false,
            "StdinOnce": false,
            "Env": [
                "PGUSER=postgres",
                "LAZYCAT_BOX_DOMAIN=axy.heiyu.space",
                "LAZYCAT_APP_ID=cloud.lazycat.app.ai",
                "LAZYCAT_USER_ID=",
                "PGDATA=/var/lib/postgresql/data/pgdata",
                "LAZYCAT_BOX_NAME=axy",
                "LAZYCAT_APP_DOMAIN=ai.axy.heiyu.space",
                "LAZYCAT_APP_DEPLOY_UID=",
                "LZCAPP_API_GATEWAY_ADDRESS=app.cloud.lazycat.app.ai.lzcapp:81",
                "LAZYCAT_APP_SERVICE_NAME=postgres",
                "POSTGRES_PASSWORD=temppassword",
                "PATH=/usr/local/sbin:/usr/local/bin:/usr/sbin:/usr/bin:/sbin:/bin:/usr/lib/postgresql/17/bin",
                "GOSU_VERSION=1.17",
                "LANG=en_US.utf8",
                "PG_MAJOR=17",
                "PG_VERSION=17.4-1.pgdg120+2"
            ],
            "Cmd": [
                "postgres"
            ],
            "Healthcheck": {
                "Test": [
                    "CMD",
                    "pg_isready",
                    "-U",
                    "postgres"
                ],
                "StartPeriod": 60000000000,
                "StartInterval": 1000000000
            },
            "Image": "registry.lazycat.cloud/catdogai/postgres:17.4-1-pgvectorscale-20250422",
            "Volumes": {
                "/var/lib/postgresql/data": {}
            },
            "WorkingDir": "",
            "Entrypoint": [
                "docker-entrypoint.sh"
            ],
            "OnBuild": null,
            "Labels": {
                "com.docker.compose.config-hash": "2b4a2c4b6c5c8077b5ad8e3f1022ed2119d424461a84af767f0776a4aa16be3f",
                "com.docker.compose.container-number": "1",
                "com.docker.compose.depends_on": "",
                "com.docker.compose.image": "sha256:83f319a6a40345991410e688897dc6ab3e157678d8ea844137c27bfab2cad6f4",
                "com.docker.compose.oneoff": "False",
                "com.docker.compose.project": "cloudlazycatappai",
                "com.docker.compose.project.config_files": "/lzcsys/data/system/pkgm/run/cloud.lazycat.app.ai/docker-compose.yml,/lzcsys/data/system/pkgm/run/cloud.lazycat.app.ai/compose.override.yml",
                "com.docker.compose.project.working_dir": "/lzcsys/data/system/pkgm/run/cloud.lazycat.app.ai",
                "com.docker.compose.service": "postgres",
                "com.docker.compose.version": "2.32.4",
                "lzcapp.app-id": "cloud.lazycat.app.ai",
                "lzcapp.user-id": ""
            },
            "StopSignal": "SIGINT"
        },
        "NetworkSettings": {
            "Bridge": "",
            "SandboxID": "1b1aa8e3c1a892a576d9fc9dee8d05056550a0d9bfc49444cf2887d3069583b6",
            "SandboxKey": "/lzcsys/run/lzc-docker/docker/netns/1b1aa8e3c1a8",
            "Ports": {
                "5432/tcp": null
            },
            "HairpinMode": false,
            "LinkLocalIPv6Address": "",
            "LinkLocalIPv6PrefixLen": 0,
            "SecondaryIPAddresses": null,
            "SecondaryIPv6Addresses": null,
            "EndpointID": "",
            "Gateway": "",
            "GlobalIPv6Address": "",
            "GlobalIPv6PrefixLen": 0,
            "IPAddress": "",
            "IPPrefixLen": 0,
            "IPv6Gateway": "",
            "MacAddress": "",
            "Networks": {
                "cloudlazycatappai_default": {
                    "IPAMConfig": null,
                    "Links": null,
                    "Aliases": [
                        "cloudlazycatappai-postgres-1",
                        "postgres"
                    ],
                    "MacAddress": "02:42:ac:1c:00:c2",
                    "DriverOpts": null,
                    "NetworkID": "5bbcae0c6078732adb14c824dc7bccaed257ee2dca05a6e328554e2227693914",
                    "EndpointID": "5e034db0d3f56ad436c2a79a21a68c6ea1020dcd8c6c565a2d7515ac3c26c8d2",
                    "Gateway": "172.28.0.193",
                    "IPAddress": "172.28.0.194",
                    "IPPrefixLen": 26,
                    "IPv6Gateway": "fd03:1136:3800::c1",
                    "GlobalIPv6Address": "fd03:1136:3800::c2",
                    "GlobalIPv6PrefixLen": 122,
                    "DNSNames": [
                        "cloudlazycatappai-postgres-1",
                        "postgres",
                        "2d69322ac75b"
                    ]
                }
            }
        }
    }
]
