[
    {
        "Id": "16481e1a6a8c1add0e0e9ea3bd1ac47c3390113be18299db28784bef578c4bd5",
        "Created": "2025-11-15T14:13:29.273616194Z",
        "Path": "/jellyfin/jellyfin",
        "Args": [],
        "State": {
            "Status": "running",
            "Running": true,
            "Paused": false,
            "Restarting": false,
            "OOMKilled": false,
            "Dead": false,
            "Pid": 3070101,
            "ExitCode": 0,
            "Error": "",
            "StartedAt": "2025-11-15T14:13:32.345994673Z",
            "FinishedAt": "0001-01-01T00:00:00Z",
            "Health": {
                "Status": "healthy",
                "FailingStreak": 0,
                "Log": [
                    {
                        "Start": "2025-11-16T20:43:26.784345322+08:00",
                        "End": "2025-11-16T20:43:26.828117769+08:00",
                        "ExitCode": 0,
                        "Output": "Healthy"
                    },
                    {
                        "Start": "2025-11-16T20:43:56.828795212+08:00",
                        "End": "2025-11-16T20:43:56.929955135+08:00",
                        "ExitCode": 0,
                        "Output": "Healthy"
                    },
                    {
                        "Start": "2025-11-16T20:44:26.931337427+08:00",
                        "End": "2025-11-16T20:44:27.001533617+08:00",
                        "ExitCode": 0,
                        "Output": "Healthy"
                    },
                    {
                        "Start": "2025-11-16T20:44:57.002366416+08:00",
                        "End": "2025-11-16T20:44:57.046893209+08:00",
                        "ExitCode": 0,
                        "Output": "Healthy"
                    },
                    {
                        "Start": "2025-11-16T20:45:27.048604387+08:00",
                        "End": "2025-11-16T20:45:27.112620131+08:00",
                        "ExitCode": 0,
                        "Output": "Healthy"
                    }
                ]
            }
        },
        "Image": "sha256:a3deaaefacaf5151240d155f2cc3fa803bb999fcf51cb0007acc1b0ea4891c3b",
        "ResolvConfPath": "/lzcsys/data/system/docker/containers/16481e1a6a8c1add0e0e9ea3bd1ac47c3390113be18299db28784bef578c4bd5/resolv.conf",
        "HostnamePath": "/lzcsys/data/system/docker/containers/16481e1a6a8c1add0e0e9ea3bd1ac47c3390113be18299db28784bef578c4bd5/hostname",
        "HostsPath": "/lzcsys/data/system/docker/containers/16481e1a6a8c1add0e0e9ea3bd1ac47c3390113be18299db28784bef578c4bd5/hosts",
        "LogPath": "",
        "Name": "/cloudlazycatappjellyfinsingle-jellyfin-1",
        "RestartCount": 0,
        "Driver": "overlay2",
        "Platform": "linux",
        "MountLabel": "",
        "ProcessLabel": "",
        "AppArmorProfile": "",
        "ExecIDs": null,
        "HostConfig": {
            "Binds": [
                "/lzcsys/run/app/cloud.lazycat.app.jellyfinsingle/mnt/media:/media:rw",
                "/run/lzc-sys:/lzcapp/run/sys:rw",
                "/lzcsys/data/system/pkgm/run/cloud.lazycat.app.jellyfinsingle/pkg/manifest.yml:/lzcapp/run/manifest.yml:rw",
                "/lzcsys/data/appvar/cloud.lazycat.app.jellyfinsingle/config:/config:rw",
                "/lzcsys/data/appvar/cloud.lazycat.app.jellyfinsingle/cache:/cache:rw",
                "/lzcsys/data/appvar/cloud.lazycat.app.jellyfinsingle:/lzcapp/var:rw",
                "/lzcsys/run/app/cloud.lazycat.app.jellyfinsingle:/lzcapp/run:rw",
                "/usr/share/zoneinfo:/usr/share/zoneinfo:ro",
                "/etc/localtime:/etc/localtime:rw"
            ],
            "ContainerIDFile": "",
            "LogConfig": {
                "Type": "lzc-logging-driver",
                "Config": {
                    "max-backups": "5",
                    "max-size": "20m"
                }
            },
            "NetworkMode": "cloudlazycatappjellyfinsingle_default",
            "PortBindings": {},
            "RestartPolicy": {
                "Name": "no",
                "MaximumRetryCount": 0
            },
            "AutoRemove": false,
            "VolumeDriver": "",
            "VolumesFrom": null,
            "ConsoleSize": [
                0,
                0
            ],
            "CapAdd": null,
            "CapDrop": null,
            "CgroupnsMode": "private",
            "Dns": [
                "172.18.0.1"
            ],
            "DnsOptions": null,
            "DnsSearch": null,
            "ExtraHosts": [],
            "GroupAdd": null,
            "IpcMode": "private",
            "Cgroup": "",
            "Links": null,
            "OomScoreAdj": 500,
            "PidMode": "",
            "Privileged": false,
            "PublishAllPorts": false,
            "ReadonlyRootfs": false,
            "SecurityOpt": null,
            "UTSMode": "",
            "UsernsMode": "",
            "ShmSize": 67108864,
            "Runtime": "runc",
            "Isolation": "",
            "CpuShares": 0,
            "Memory": 0,
            "NanoCpus": 0,
            "CgroupParent": "lzcapp-cloud.lazycat.app.jellyfinsingle.slice",
            "BlkioWeight": 0,
            "BlkioWeightDevice": null,
            "BlkioDeviceReadBps": null,
            "BlkioDeviceWriteBps": null,
            "BlkioDeviceReadIOps": null,
            "BlkioDeviceWriteIOps": null,
            "CpuPeriod": 0,
            "CpuQuota": 0,
            "CpuRealtimePeriod": 0,
            "CpuRealtimeRuntime": 0,
            "CpusetCpus": "",
            "CpusetMems": "",
            "Devices": [
                {
                    "PathOnHost": "/dev/fuse",
                    "PathInContainer": "/dev/fuse",
                    "CgroupPermissions": "rwm"
                },
                {
                    "PathOnHost": "/dev/dri",
                    "PathInContainer": "/dev/dri",
                    "CgroupPermissions": "rwm"
                }
            ],
            "DeviceCgroupRules": null,
            "DeviceRequests": null,
            "MemoryReservation": 0,
            "MemorySwap": 0,
            "MemorySwappiness": null,
            "OomKillDisable": null,
            "PidsLimit": null,
            "Ulimits": null,
            "CpuCount": 0,
            "CpuPercent": 0,
            "IOMaximumIOps": 0,
            "IOMaximumBandwidth": 0,
            "Mounts": [
                {
                    "Type": "bind",
                    "Source": "/lzcsys/sspks/lzc-runtime/lzcinit",
                    "Target": "/lzcinit/cloud.lazycat.app.jellyfinsingle",
                    "BindOptions": {}
                },
                {
                    "Type": "bind",
                    "Source": "/etc/ssl/certs/ca-certificates.crt",
                    "Target": "/etc/ssl/certs/ca-certificates.crt",
                    "ReadOnly": true,
                    "BindOptions": {}
                },
                {
                    "Type": "bind",
                    "Source": "/lzcsys/run/media",
                    "Target": "/lzcapp/media",
                    "BindOptions": {
                        "Propagation": "slave",
                        "CreateMountpoint": true
                    }
                },
                {
                    "Type": "bind",
                    "Source": "/lzcsys/data/system/pkgm/apps/cloud.lazycat.app.jellyfinsingle/pkg",
                    "Target": "/lzcapp/pkg",
                    "ReadOnly": true,
                    "BindOptions": {}
                },
                {
                    "Type": "bind",
                    "Source": "/lzcsys/data/appcache/cloud.lazycat.app.jellyfinsingle",
                    "Target": "/lzcapp/cache",
                    "BindOptions": {
                        "Propagation": "shared"
                    }
                },
                {
                    "Type": "bind",
                    "Source": "/lzcsys/data/document/",
                    "Target": "/lzcapp/document",
                    "BindOptions": {
                        "Propagation": "slave",
                        "CreateMountpoint": true
                    }
                },
                {
                    "Type": "bind",
                    "Source": "/lzcsys/data/document/",
                    "Target": "/lzcapp/run/mnt/home",
                    "BindOptions": {
                        "Propagation": "slave",
                        "CreateMountpoint": true
                    }
                },
                {
                    "Type": "bind",
                    "Source": "/lzcsys/run/media",
                    "Target": "/lzcapp/run/mnt/media",
                    "BindOptions": {
                        "Propagation": "slave",
                        "CreateMountpoint": true
                    }
                }
            ],
            "MaskedPaths": [
                "/proc/asound",
                "/proc/acpi",
                "/proc/kcore",
                "/proc/keys",
                "/proc/latency_stats",
                "/proc/timer_list",
                "/proc/timer_stats",
                "/proc/sched_debug",
                "/proc/scsi",
                "/sys/firmware",
                "/sys/devices/virtual/powercap"
            ],
            "ReadonlyPaths": [
                "/proc/bus",
                "/proc/fs",
                "/proc/irq",
                "/proc/sys",
                "/proc/sysrq-trigger"
            ],
            "Init": false
        },
        "GraphDriver": {
            "Data": {
                "LowerDir": "/lzcsys/data/system/docker/overlay2/47c89130d6e77f03d41a6e998058cbb144a1cbbba316effd864b82e2f8dba3a3-init/diff:/lzcsys/data/system/docker/overlay2/222356441a10fb1318b30b335a0948bde70e3038f8008c76aecb9250822f8da3/diff:/lzcsys/data/system/docker/overlay2/6649f72ee0ccdbd8b8f07573379e2d7960e19a7dca3833c524bca357dded3b55/diff:/lzcsys/data/system/docker/overlay2/16b41142ae3ca6a45dfa29d2682adf616ec3f98b2375c366de2dd5ab4cb1c1e2/diff:/lzcsys/data/system/docker/overlay2/d57d1ee9206164a845fefe4cf03ba748283654d11105118bdc67bc176bbc6e37/diff:/lzcsys/data/system/docker/overlay2/f3a34a64e595b5f2d03625ca407a8fe1a7496348646c0e8237063fdf7f0cd1ff/diff:/lzcsys/data/system/docker/overlay2/52b71eceb8a9e724e59e29ff13c3c0f01462b14db725c1b1a99a8e8517d22cb4/diff:/lzcsys/data/system/docker/overlay2/cdec9f79d54e30f7d4b92228a68017892def7a455a10549ce89e8687813037c0/diff:/lzcsys/data/system/docker/overlay2/3f89436644026484d391e08a401dd5e60183a04a58123ad9b5f7ae90f8b47a56/diff",
                "MergedDir": "/lzcsys/data/system/docker/overlay2/47c89130d6e77f03d41a6e998058cbb144a1cbbba316effd864b82e2f8dba3a3/merged",
                "UpperDir": "/lzcsys/data/system/docker/overlay2/47c89130d6e77f03d41a6e998058cbb144a1cbbba316effd864b82e2f8dba3a3/diff",
                "WorkDir": "/lzcsys/data/system/docker/overlay2/47c89130d6e77f03d41a6e998058cbb144a1cbbba316effd864b82e2f8dba3a3/work"
            },
            "Name": "overlay2"
        },
        "Mounts": [
            {
                "Type": "bind",
                "Source": "/lzcsys/data/appvar/cloud.lazycat.app.jellyfinsingle",
                "Destination": "/lzcapp/var",
                "Mode": "rw",
                "RW": true,
                "Propagation": "rprivate"
            },
            {
                "Type": "bind",
                "Source": "/lzcsys/data/system/pkgm/apps/cloud.lazycat.app.jellyfinsingle/pkg",
                "Destination": "/lzcapp/pkg",
                "Mode": "",
                "RW": false,
                "Propagation": "rprivate"
            },
            {
                "Type": "bind",
                "Source": "/etc/ssl/certs/ca-certificates.crt",
                "Destination": "/etc/ssl/certs/ca-certificates.crt",
                "Mode": "",
                "RW": false,
                "Propagation": "rprivate"
            },
            {
                "Type": "bind",
                "Source": "/lzcsys/data/document",
                "Destination": "/lzcapp/document",
                "Mode": "",
                "RW": true,
                "Propagation": "slave"
            },
            {
                "Type": "bind",
                "Source": "/lzcsys/data/document",
                "Destination": "/lzcapp/run/mnt/home",
                "Mode": "",
                "RW": true,
                "Propagation": "slave"
            },
            {
                "Type": "bind",
                "Source": "/lzcsys/data/system/pkgm/run/cloud.lazycat.app.jellyfinsingle/pkg/manifest.yml",
                "Destination": "/lzcapp/run/manifest.yml",
                "Mode": "rw",
                "RW": true,
                "Propagation": "rprivate"
            },
            {
                "Type": "bind",
                "Source": "/lzcsys/data/appvar/cloud.lazycat.app.jellyfinsingle/config",
                "Destination": "/config",
                "Mode": "rw",
                "RW": true,
                "Propagation": "rprivate"
            },
            {
                "Type": "bind",
                "Source": "/lzcsys/run/app/cloud.lazycat.app.jellyfinsingle",
                "Destination": "/lzcapp/run",
                "Mode": "rw",
                "RW": true,
                "Propagation": "rprivate"
            },
            {
                "Type": "bind",
                "Source": "/usr/share/zoneinfo",
                "Destination": "/usr/share/zoneinfo",
                "Mode": "ro",
                "RW": false,
                "Propagation": "rprivate"
            },
            {
                "Type": "bind",
                "Source": "/lzcsys/sspks/lzc-runtime/lzcinit",
                "Destination": "/lzcinit/cloud.lazycat.app.jellyfinsingle",
                "Mode": "",
                "RW": true,
                "Propagation": "rprivate"
            },
            {
                "Type": "bind",
                "Source": "/lzcsys/run/media",
                "Destination": "/lzcapp/run/mnt/media",
                "Mode": "",
                "RW": true,
                "Propagation": "slave"
            },
            {
                "Type": "bind",
                "Source": "/run/lzc-sys",
                "Destination": "/lzcapp/run/sys",
                "Mode": "rw",
                "RW": true,
                "Propagation": "rprivate"
            },
            {
                "Type": "bind",
                "Source": "/lzcsys/run/app/cloud.lazycat.app.jellyfinsingle/mnt/media",
                "Destination": "/media",
                "Mode": "rw",
                "RW": true,
                "Propagation": "rprivate"
            },
            {
                "Type": "bind",
                "Source": "/lzcsys/data/appvar/cloud.lazycat.app.jellyfinsingle/cache",
                "Destination": "/cache",
                "Mode": "rw",
                "RW": true,
                "Propagation": "rprivate"
            },
            {
                "Type": "bind",
                "Source": "/etc/localtime",
                "Destination": "/etc/localtime",
                "Mode": "rw",
                "RW": true,
                "Propagation": "rprivate"
            },
            {
                "Type": "bind",
                "Source": "/lzcsys/run/media",
                "Destination": "/lzcapp/media",
                "Mode": "",
                "RW": true,
                "Propagation": "slave"
            },
            {
                "Type": "bind",
                "Source": "/lzcsys/data/appcache/cloud.lazycat.app.jellyfinsingle",
                "Destination": "/lzcapp/cache",
                "Mode": "",
                "RW": true,
                "Propagation": "shared"
            }
        ],
        "Config": {
            "Hostname": "16481e1a6a8c",
            "Domainname": "",
            "User": "",
            "AttachStdin": false,
            "AttachStdout": true,
            "AttachStderr": true,
            "ExposedPorts": {
                "8096/tcp": {}
            },
            "Tty": false,
            "OpenStdin": false,
            "StdinOnce": false,
            "Env": [
                "LAZYCAT_BOX_DOMAIN=axy.heiyu.space",
                "LAZYCAT_BOX_NAME=axy",
                "LAZYCAT_USER_ID=",
                "LZCAPP_API_GATEWAY_ADDRESS=app.cloud.lazycat.app.jellyfinsingle.lzcapp:81",
                "LAZYCAT_APP_DEPLOY_UID=",
                "LAZYCAT_APP_DOMAIN=jellyfinsingle.axy.heiyu.space",
                "LAZYCAT_APP_ID=cloud.lazycat.app.jellyfinsingle",
                "LAZYCAT_APP_SERVICE_NAME=jellyfin",
                "PATH=/usr/local/sbin:/usr/local/bin:/usr/sbin:/usr/bin:/sbin:/bin",
                "HEALTHCHECK_URL=http://localhost:8096/health",
                "DEBIAN_FRONTEND=noninteractive",
                "LC_ALL=en_US.UTF-8",
                "LANG=en_US.UTF-8",
                "LANGUAGE=en_US:en",
                "JELLYFIN_DATA_DIR=/config",
                "JELLYFIN_CACHE_DIR=/cache",
                "JELLYFIN_CONFIG_DIR=/config/config",
                "JELLYFIN_LOG_DIR=/config/log",
                "JELLYFIN_WEB_DIR=/jellyfin/jellyfin-web",
                "JELLYFIN_FFMPEG=/usr/lib/jellyfin-ffmpeg/ffmpeg",
                "XDG_CACHE_HOME=/cache",
                "MALLOC_TRIM_THRESHOLD_=131072",
                "NVIDIA_VISIBLE_DEVICES=all",
                "NVIDIA_DRIVER_CAPABILITIES=compute,video,utility"
            ],
            "Cmd": null,
            "Healthcheck": {
                "Test": [
                    "CMD-SHELL",
                    "curl --noproxy 'localhost' -Lk -fsS \"${HEALTHCHECK_URL}\" || exit 1"
                ],
                "Interval": 30000000000,
                "Timeout": 30000000000,
                "StartPeriod": 10000000000,
                "Retries": 3
            },
            "Image": "registry.lazycat.cloud/nyanmisaka/jellyfin:250503-amd64",
            "Volumes": {
                "/cache": {},
                "/config": {}
            },
            "WorkingDir": "",
            "Entrypoint": [
                "/jellyfin/jellyfin"
            ],
            "OnBuild": null,
            "Labels": {
                "com.docker.compose.config-hash": "35e4baaa9af8c8ea400bdcc0f3fedbe4f6dd2852a3ddf562ecb13d99c75ce3a0",
                "com.docker.compose.container-number": "1",
                "com.docker.compose.depends_on": "",
                "com.docker.compose.image": "sha256:a3deaaefacaf5151240d155f2cc3fa803bb999fcf51cb0007acc1b0ea4891c3b",
                "com.docker.compose.oneoff": "False",
                "com.docker.compose.project": "cloudlazycatappjellyfinsingle",
                "com.docker.compose.project.config_files": "/lzcsys/data/system/pkgm/run/cloud.lazycat.app.jellyfinsingle/docker-compose.yml",
                "com.docker.compose.project.working_dir": "/lzcsys/data/system/pkgm/run/cloud.lazycat.app.jellyfinsingle",
                "com.docker.compose.service": "jellyfin",
                "com.docker.compose.version": "2.32.4",
                "lzcapp.app-id": "cloud.lazycat.app.jellyfinsingle",
                "lzcapp.user-id": "",
                "org.opencontainers.image.description": "The Free Software Media System",
                "org.opencontainers.image.documentation": "https://jellyfin.org/docs/",
                "org.opencontainers.image.source": "https://github.com/jellyfin/jellyfin-packaging",
                "org.opencontainers.image.title": "Jellyfin",
                "org.opencontainers.image.url": "https://jellyfin.org",
                "org.opencontainers.image.version": "250503"
            }
        },
        "NetworkSettings": {
            "Bridge": "",
            "SandboxID": "61464b599576d415608dc6381b16932da751f5e9ec707c40f4f52d0b817971dc",
            "SandboxKey": "/lzcsys/run/lzc-docker/docker/netns/61464b599576",
            "Ports": {
                "8096/tcp": null
            },
            "HairpinMode": false,
            "LinkLocalIPv6Address": "",
            "LinkLocalIPv6PrefixLen": 0,
            "SecondaryIPAddresses": null,
            "SecondaryIPv6Addresses": null,
            "EndpointID": "",
            "Gateway": "",
            "GlobalIPv6Address": "",
            "GlobalIPv6PrefixLen": 0,
            "IPAddress": "",
            "IPPrefixLen": 0,
            "IPv6Gateway": "",
            "MacAddress": "",
            "Networks": {
                "cloudlazycatappjellyfinsingle_default": {
                    "IPAMConfig": null,
                    "Links": null,
                    "Aliases": [
                        "cloudlazycatappjellyfinsingle-jellyfin-1",
                        "jellyfin"
                    ],
                    "MacAddress": "02:42:ac:1c:02:43",
                    "DriverOpts": null,
                    "NetworkID": "83eb707fe7a39a487a3c4f002491e7b7cdfd34d7370975ec79ec7f9efca1fa5c",
                    "EndpointID": "46f4ed0b5011c9c8d2d675280d5b23ce6fdfe9be8e70d2967a7f4a057b73d23f",
                    "Gateway": "172.28.2.65",
                    "IPAddress": "172.28.2.67",
                    "IPPrefixLen": 26,
                    "IPv6Gateway": "fd03:1136:3800::241",
                    "GlobalIPv6Address": "fd03:1136:3800::243",
                    "GlobalIPv6PrefixLen": 122,
                    "DNSNames": [
                        "cloudlazycatappjellyfinsingle-jellyfin-1",
                        "jellyfin",
                        "16481e1a6a8c"
                    ]
                }
            }
        }
    }
]
