[
    {
        "Id": "1b5ebc5c35ebcab5ad77266b54ba723d5ab6cf7c9f6684543e1e14da75d1c1fa",
        "Created": "2025-11-16T02:49:24.382863969Z",
        "Path": "docker-entrypoint.sh",
        "Args": [
            "node",
            "/app/main.js"
        ],
        "State": {
            "Status": "running",
            "Running": true,
            "Paused": false,
            "Restarting": false,
            "OOMKilled": false,
            "Dead": false,
            "Pid": 1929002,
            "ExitCode": 0,
            "Error": "",
            "StartedAt": "2025-11-16T02:49:26.705947112Z",
            "FinishedAt": "0001-01-01T00:00:00Z"
        },
        "Image": "sha256:6f1f3831e00ef1953b7a78b6a7d6a93ffbf7d1b4780e29e4bc11f1d52ae3bce2",
        "ResolvConfPath": "/lzcsys/data/system/docker/containers/1b5ebc5c35ebcab5ad77266b54ba723d5ab6cf7c9f6684543e1e14da75d1c1fa/resolv.conf",
        "HostnamePath": "/lzcsys/data/system/docker/containers/1b5ebc5c35ebcab5ad77266b54ba723d5ab6cf7c9f6684543e1e14da75d1c1fa/hostname",
        "HostsPath": "/lzcsys/data/system/docker/containers/1b5ebc5c35ebcab5ad77266b54ba723d5ab6cf7c9f6684543e1e14da75d1c1fa/hosts",
        "LogPath": "",
        "Name": "/cloudlazycatappcreate-fs-1",
        "RestartCount": 0,
        "Driver": "overlay2",
        "Platform": "linux",
        "MountLabel": "",
        "ProcessLabel": "",
        "AppArmorProfile": "",
        "ExecIDs": null,
        "HostConfig": {
            "Binds": [
                "/lzcsys/data/appvar/cloud.lazycat.app.create:/lzcapp/var:rw",
                "/run/lzc-sys:/lzcapp/run/sys:rw",
                "/lzcsys/data/system/pkgm/run/cloud.lazycat.app.create/pkg/manifest.yml:/lzcapp/run/manifest.yml:rw",
                "/usr/share/zoneinfo:/usr/share/zoneinfo:ro",
                "/etc/localtime:/etc/localtime:rw",
                "/lzcsys/run/app/cloud.lazycat.app.create:/lzcapp/run:rw"
            ],
            "ContainerIDFile": "",
            "LogConfig": {
                "Type": "lzc-logging-driver",
                "Config": {
                    "max-backups": "5",
                    "max-size": "20m"
                }
            },
            "NetworkMode": "cloudlazycatappcreate_default",
            "PortBindings": {},
            "RestartPolicy": {
                "Name": "no",
                "MaximumRetryCount": 0
            },
            "AutoRemove": false,
            "VolumeDriver": "",
            "VolumesFrom": null,
            "ConsoleSize": [
                0,
                0
            ],
            "CapAdd": null,
            "CapDrop": null,
            "CgroupnsMode": "private",
            "Dns": [
                "172.18.0.1"
            ],
            "DnsOptions": null,
            "DnsSearch": null,
            "ExtraHosts": [],
            "GroupAdd": null,
            "IpcMode": "private",
            "Cgroup": "",
            "Links": null,
            "OomScoreAdj": 500,
            "PidMode": "",
            "Privileged": false,
            "PublishAllPorts": false,
            "ReadonlyRootfs": false,
            "SecurityOpt": null,
            "UTSMode": "",
            "UsernsMode": "",
            "ShmSize": 67108864,
            "Runtime": "runc",
            "Isolation": "",
            "CpuShares": 0,
            "Memory": 0,
            "NanoCpus": 0,
            "CgroupParent": "lzcapp-cloud.lazycat.app.create.slice",
            "BlkioWeight": 0,
            "BlkioWeightDevice": null,
            "BlkioDeviceReadBps": null,
            "BlkioDeviceWriteBps": null,
            "BlkioDeviceReadIOps": null,
            "BlkioDeviceWriteIOps": null,
            "CpuPeriod": 0,
            "CpuQuota": 0,
            "CpuRealtimePeriod": 0,
            "CpuRealtimeRuntime": 0,
            "CpusetCpus": "",
            "CpusetMems": "",
            "Devices": [
                {
                    "PathOnHost": "/dev/fuse",
                    "PathInContainer": "/dev/fuse",
                    "CgroupPermissions": "rwm"
                }
            ],
            "DeviceCgroupRules": null,
            "DeviceRequests": null,
            "MemoryReservation": 0,
            "MemorySwap": 0,
            "MemorySwappiness": null,
            "OomKillDisable": null,
            "PidsLimit": null,
            "Ulimits": null,
            "CpuCount": 0,
            "CpuPercent": 0,
            "IOMaximumIOps": 0,
            "IOMaximumBandwidth": 0,
            "Mounts": [
                {
                    "Type": "bind",
                    "Source": "/lzcsys/data/document/",
                    "Target": "/lzcapp/run/mnt/home",
                    "BindOptions": {
                        "Propagation": "slave",
                        "CreateMountpoint": true
                    }
                },
                {
                    "Type": "bind",
                    "Source": "/lzcsys/data/document/",
                    "Target": "/lzcapp/document",
                    "BindOptions": {
                        "Propagation": "slave",
                        "CreateMountpoint": true
                    }
                },
                {
                    "Type": "bind",
                    "Source": "/etc/ssl/certs/ca-certificates.crt",
                    "Target": "/etc/ssl/certs/ca-certificates.crt",
                    "ReadOnly": true,
                    "BindOptions": {}
                },
                {
                    "Type": "bind",
                    "Source": "/lzcsys/sspks/lzc-runtime/lzcinit",
                    "Target": "/lzcinit/cloud.lazycat.app.create",
                    "BindOptions": {}
                },
                {
                    "Type": "bind",
                    "Source": "/lzcsys/data/system/pkgm/apps/cloud.lazycat.app.create/pkg",
                    "Target": "/lzcapp/pkg",
                    "ReadOnly": true,
                    "BindOptions": {}
                },
                {
                    "Type": "bind",
                    "Source": "/lzcsys/data/appcache/cloud.lazycat.app.create",
                    "Target": "/lzcapp/cache",
                    "BindOptions": {
                        "Propagation": "shared"
                    }
                }
            ],
            "MaskedPaths": [
                "/proc/asound",
                "/proc/acpi",
                "/proc/kcore",
                "/proc/keys",
                "/proc/latency_stats",
                "/proc/timer_list",
                "/proc/timer_stats",
                "/proc/sched_debug",
                "/proc/scsi",
                "/sys/firmware",
                "/sys/devices/virtual/powercap"
            ],
            "ReadonlyPaths": [
                "/proc/bus",
                "/proc/fs",
                "/proc/irq",
                "/proc/sys",
                "/proc/sysrq-trigger"
            ],
            "Init": false
        },
        "GraphDriver": {
            "Data": {
                "LowerDir": "/lzcsys/data/system/docker/overlay2/b818fe923828a8d03003790981010015959fd1f7fb64de0db419cdb03688850b-init/diff:/lzcsys/data/system/docker/overlay2/aae000e591a8687077c23df1fa7a2d907b786ebcd408f840978a7a630b86ba6f/diff:/lzcsys/data/system/docker/overlay2/91164dd7bf9cf0dc8b6c9d98cf2255e118d48b653897f8d22e1298b87a2ee737/diff:/lzcsys/data/system/docker/overlay2/c25621e324ea84928f6b0903ef8f1ec5a6104b6c65dfcf05ee993b63730763a9/diff:/lzcsys/data/system/docker/overlay2/924426694afa1f869970d8719675daa94365bae8b58ff5db1c5761faa99f8cd2/diff:/lzcsys/data/system/docker/overlay2/7751f298112c02e44552ba042c031975cdd08bd0783b70bc346bca1256c3832c/diff:/lzcsys/data/system/docker/overlay2/12ccdfcee941ecef06d0b67521e7e7c0483cda31d86f79f02958aa2f736872bf/diff:/lzcsys/data/system/docker/overlay2/1088e90f3c511cffdb8b9b8e2427f3393db1e8f968c3df99934d9b317d8a3a8e/diff",
                "MergedDir": "/lzcsys/data/system/docker/overlay2/b818fe923828a8d03003790981010015959fd1f7fb64de0db419cdb03688850b/merged",
                "UpperDir": "/lzcsys/data/system/docker/overlay2/b818fe923828a8d03003790981010015959fd1f7fb64de0db419cdb03688850b/diff",
                "WorkDir": "/lzcsys/data/system/docker/overlay2/b818fe923828a8d03003790981010015959fd1f7fb64de0db419cdb03688850b/work"
            },
            "Name": "overlay2"
        },
        "Mounts": [
            {
                "Type": "bind",
                "Source": "/lzcsys/data/document",
                "Destination": "/lzcapp/document",
                "Mode": "",
                "RW": true,
                "Propagation": "slave"
            },
            {
                "Type": "bind",
                "Source": "/etc/ssl/certs/ca-certificates.crt",
                "Destination": "/etc/ssl/certs/ca-certificates.crt",
                "Mode": "",
                "RW": false,
                "Propagation": "rprivate"
            },
            {
                "Type": "bind",
                "Source": "/lzcsys/data/appvar/cloud.lazycat.app.create",
                "Destination": "/lzcapp/var",
                "Mode": "rw",
                "RW": true,
                "Propagation": "rprivate"
            },
            {
                "Type": "bind",
                "Source": "/lzcsys/data/system/pkgm/run/cloud.lazycat.app.create/pkg/manifest.yml",
                "Destination": "/lzcapp/run/manifest.yml",
                "Mode": "rw",
                "RW": true,
                "Propagation": "rprivate"
            },
            {
                "Type": "bind",
                "Source": "/usr/share/zoneinfo",
                "Destination": "/usr/share/zoneinfo",
                "Mode": "ro",
                "RW": false,
                "Propagation": "rprivate"
            },
            {
                "Type": "bind",
                "Source": "/etc/localtime",
                "Destination": "/etc/localtime",
                "Mode": "rw",
                "RW": true,
                "Propagation": "rprivate"
            },
            {
                "Type": "bind",
                "Source": "/lzcsys/run/app/cloud.lazycat.app.create",
                "Destination": "/lzcapp/run",
                "Mode": "rw",
                "RW": true,
                "Propagation": "rprivate"
            },
            {
                "Type": "bind",
                "Source": "/lzcsys/data/document",
                "Destination": "/lzcapp/run/mnt/home",
                "Mode": "",
                "RW": true,
                "Propagation": "slave"
            },
            {
                "Type": "bind",
                "Source": "/run/lzc-sys",
                "Destination": "/lzcapp/run/sys",
                "Mode": "rw",
                "RW": true,
                "Propagation": "rprivate"
            },
            {
                "Type": "bind",
                "Source": "/lzcsys/sspks/lzc-runtime/lzcinit",
                "Destination": "/lzcinit/cloud.lazycat.app.create",
                "Mode": "",
                "RW": true,
                "Propagation": "rprivate"
            },
            {
                "Type": "bind",
                "Source": "/lzcsys/data/system/pkgm/apps/cloud.lazycat.app.create/pkg",
                "Destination": "/lzcapp/pkg",
                "Mode": "",
                "RW": false,
                "Propagation": "rprivate"
            },
            {
                "Type": "bind",
                "Source": "/lzcsys/data/appcache/cloud.lazycat.app.create",
                "Destination": "/lzcapp/cache",
                "Mode": "",
                "RW": true,
                "Propagation": "shared"
            }
        ],
        "Config": {
            "Hostname": "1b5ebc5c35eb",
            "Domainname": "",
            "User": "",
            "AttachStdin": false,
            "AttachStdout": true,
            "AttachStderr": true,
            "ExposedPorts": {
                "3000/tcp": {}
            },
            "Tty": false,
            "OpenStdin": false,
            "StdinOnce": false,
            "Env": [
                "LAZYCAT_APP_DOMAIN=create.axy.heiyu.space",
                "LAZYCAT_APP_ID=cloud.lazycat.app.create",
                "LAZYCAT_APP_SERVICE_NAME=fs",
                "LAZYCAT_BOX_DOMAIN=axy.heiyu.space",
                "LAZYCAT_BOX_NAME=axy",
                "LAZYCAT_USER_ID=",
                "LZCAPP_API_GATEWAY_ADDRESS=app.cloud.lazycat.app.create.lzcapp:81",
                "LAZYCAT_APP_DEPLOY_UID=",
                "PATH=/usr/local/sbin:/usr/local/bin:/usr/sbin:/usr/bin:/sbin:/bin",
                "NODE_VERSION=16.20.1",
                "YARN_VERSION=1.22.19",
                "NODE_ENV=production"
            ],
            "Cmd": [
                "node",
                "/app/main.js"
            ],
            "Image": "registry.lazycat.cloud/d1y/installer-server:0.5",
            "Volumes": null,
            "WorkingDir": "/app",
            "Entrypoint": [
                "docker-entrypoint.sh"
            ],
            "OnBuild": null,
            "Labels": {
                "com.docker.compose.config-hash": "100cddaae84d7bceb06c37ec7c73208e59f5f4549f744a4a782564ef6790330d",
                "com.docker.compose.container-number": "1",
                "com.docker.compose.depends_on": "",
                "com.docker.compose.image": "sha256:6f1f3831e00ef1953b7a78b6a7d6a93ffbf7d1b4780e29e4bc11f1d52ae3bce2",
                "com.docker.compose.oneoff": "False",
                "com.docker.compose.project": "cloudlazycatappcreate",
                "com.docker.compose.project.config_files": "/lzcsys/data/system/pkgm/run/cloud.lazycat.app.create/docker-compose.yml",
                "com.docker.compose.project.working_dir": "/lzcsys/data/system/pkgm/run/cloud.lazycat.app.create",
                "com.docker.compose.service": "fs",
                "com.docker.compose.version": "2.32.4",
                "lzcapp.app-id": "cloud.lazycat.app.create",
                "lzcapp.user-id": ""
            }
        },
        "NetworkSettings": {
            "Bridge": "",
            "SandboxID": "e640913e48b185b633507d771b39a0a533bc884d235ba690f26206a9ea65e312",
            "SandboxKey": "/lzcsys/run/lzc-docker/docker/netns/e640913e48b1",
            "Ports": {
                "3000/tcp": null
            },
            "HairpinMode": false,
            "LinkLocalIPv6Address": "",
            "LinkLocalIPv6PrefixLen": 0,
            "SecondaryIPAddresses": null,
            "SecondaryIPv6Addresses": null,
            "EndpointID": "",
            "Gateway": "",
            "GlobalIPv6Address": "",
            "GlobalIPv6PrefixLen": 0,
            "IPAddress": "",
            "IPPrefixLen": 0,
            "IPv6Gateway": "",
            "MacAddress": "",
            "Networks": {
                "cloudlazycatappcreate_default": {
                    "IPAMConfig": null,
                    "Links": null,
                    "Aliases": [
                        "cloudlazycatappcreate-fs-1",
                        "fs"
                    ],
                    "MacAddress": "02:42:ac:1c:03:82",
                    "DriverOpts": null,
                    "NetworkID": "f62dceb4a494f45649b91a25a0132255ce2265af717a27ccd99d89f303079b8b",
                    "EndpointID": "d23f1d0bee43fb4477295b079329621cb86f31922a6c50a57c904f866d74afb2",
                    "Gateway": "172.28.3.129",
                    "IPAddress": "172.28.3.130",
                    "IPPrefixLen": 26,
                    "IPv6Gateway": "fd03:1136:3800::381",
                    "GlobalIPv6Address": "fd03:1136:3800::382",
                    "GlobalIPv6PrefixLen": 122,
                    "DNSNames": [
                        "cloudlazycatappcreate-fs-1",
                        "fs",
                        "1b5ebc5c35eb"
                    ]
                }
            }
        }
    }
]
