[
    {
        "Id": "e431293aae03319c3f62c232c40f48b96f9660ac2735008b27e4e470c6fe8ea2",
        "Created": "2025-11-14T15:45:11.336636138Z",
        "Path": "/lzc-media/bin/lzc-media-service-static",
        "Args": [
            "-config",
            "/lzc-media/defaultConfig.json"
        ],
        "State": {
            "Status": "running",
            "Running": true,
            "Paused": false,
            "Restarting": false,
            "OOMKilled": false,
            "Dead": false,
            "Pid": 8286,
            "ExitCode": 0,
            "Error": "",
            "StartedAt": "2025-11-14T15:45:33.432318621Z",
            "FinishedAt": "0001-01-01T00:00:00Z"
        },
        "Image": "sha256:6341b9ecf0a9a4f94dfce609bd2b6c9b9821b994f3ce6b79cf99a3e0082202e8",
        "ResolvConfPath": "/lzcsys/data/system/docker/containers/e431293aae03319c3f62c232c40f48b96f9660ac2735008b27e4e470c6fe8ea2/resolv.conf",
        "HostnamePath": "/lzcsys/data/system/docker/containers/e431293aae03319c3f62c232c40f48b96f9660ac2735008b27e4e470c6fe8ea2/hostname",
        "HostsPath": "/lzcsys/data/system/docker/containers/e431293aae03319c3f62c232c40f48b96f9660ac2735008b27e4e470c6fe8ea2/hosts",
        "LogPath": "",
        "Name": "/cloudlazycatshellfiles-lzcmedia-1",
        "RestartCount": 0,
        "Driver": "overlay2",
        "Platform": "linux",
        "MountLabel": "",
        "ProcessLabel": "",
        "AppArmorProfile": "",
        "ExecIDs": null,
        "HostConfig": {
            "Binds": [
                "/lzcsys/data/appvar/cloud.lazycat.shell.files:/lzcapp/var:rw",
                "/run/lzc-sys:/lzcapp/run/sys:rw",
                "/lzcsys/data/system/pkgm/run/cloud.lazycat.shell.files/pkg/manifest.yml:/lzcapp/run/manifest.yml:rw",
                "/lzcsys/run/app/cloud.lazycat.shell.files:/lzcapp/run:rw",
                "/usr/share/zoneinfo:/usr/share/zoneinfo:ro",
                "/etc/localtime:/etc/localtime:rw"
            ],
            "ContainerIDFile": "",
            "LogConfig": {
                "Type": "lzc-logging-driver",
                "Config": {
                    "max-backups": "5",
                    "max-size": "20m"
                }
            },
            "NetworkMode": "cloudlazycatshellfiles_default",
            "PortBindings": {},
            "RestartPolicy": {
                "Name": "no",
                "MaximumRetryCount": 0
            },
            "AutoRemove": false,
            "VolumeDriver": "",
            "VolumesFrom": null,
            "ConsoleSize": [
                0,
                0
            ],
            "CapAdd": [
                "SYS_ADMIN"
            ],
            "CapDrop": null,
            "CgroupnsMode": "private",
            "Dns": [
                "172.18.0.1"
            ],
            "DnsOptions": null,
            "DnsSearch": null,
            "ExtraHosts": [],
            "GroupAdd": null,
            "IpcMode": "private",
            "Cgroup": "",
            "Links": null,
            "OomScoreAdj": 500,
            "PidMode": "",
            "Privileged": false,
            "PublishAllPorts": false,
            "ReadonlyRootfs": false,
            "SecurityOpt": null,
            "UTSMode": "",
            "UsernsMode": "",
            "ShmSize": 67108864,
            "Runtime": "runc",
            "Isolation": "",
            "CpuShares": 0,
            "Memory": 0,
            "NanoCpus": 4000000000,
            "CgroupParent": "lzcapp-cloud.lazycat.shell.files.slice",
            "BlkioWeight": 0,
            "BlkioWeightDevice": null,
            "BlkioDeviceReadBps": null,
            "BlkioDeviceWriteBps": null,
            "BlkioDeviceReadIOps": null,
            "BlkioDeviceWriteIOps": null,
            "CpuPeriod": 0,
            "CpuQuota": 0,
            "CpuRealtimePeriod": 0,
            "CpuRealtimeRuntime": 0,
            "CpusetCpus": "",
            "CpusetMems": "",
            "Devices": [
                {
                    "PathOnHost": "/dev/fuse",
                    "PathInContainer": "/dev/fuse",
                    "CgroupPermissions": "rwm"
                },
                {
                    "PathOnHost": "/dev/dri",
                    "PathInContainer": "/dev/dri",
                    "CgroupPermissions": "rwm"
                }
            ],
            "DeviceCgroupRules": null,
            "DeviceRequests": null,
            "MemoryReservation": 0,
            "MemorySwap": 0,
            "MemorySwappiness": null,
            "OomKillDisable": null,
            "PidsLimit": null,
            "Ulimits": null,
            "CpuCount": 0,
            "CpuPercent": 0,
            "IOMaximumIOps": 0,
            "IOMaximumBandwidth": 0,
            "Mounts": [
                {
                    "Type": "bind",
                    "Source": "/lzcsys/run/file_handler/globs2",
                    "Target": "/usr/share/mime/globs2",
                    "ReadOnly": true,
                    "BindOptions": {}
                },
                {
                    "Type": "bind",
                    "Source": "/lzcsys/data/system/pkgm/apps/cloud.lazycat.shell.files/pkg",
                    "Target": "/lzcapp/pkg",
                    "ReadOnly": true,
                    "BindOptions": {}
                },
                {
                    "Type": "bind",
                    "Source": "/lzcsys/data/appvar/",
                    "Target": "/lzcapp/run/data/app/var",
                    "BindOptions": {
                        "Propagation": "slave",
                        "CreateMountpoint": true
                    }
                },
                {
                    "Type": "bind",
                    "Source": "/etc/ssl/certs/ca-certificates.crt",
                    "Target": "/etc/ssl/certs/ca-certificates.crt",
                    "ReadOnly": true,
                    "BindOptions": {}
                },
                {
                    "Type": "bind",
                    "Source": "/lzcsys/data/document/",
                    "Target": "/lzcapp/document",
                    "BindOptions": {
                        "Propagation": "slave",
                        "CreateMountpoint": true
                    }
                },
                {
                    "Type": "bind",
                    "Source": "/lzcsys/run/media",
                    "Target": "/lzcapp/media",
                    "BindOptions": {
                        "Propagation": "shared",
                        "CreateMountpoint": true
                    }
                },
                {
                    "Type": "bind",
                    "Source": "/lzcsys/sspks/lzc-runtime/lzcinit",
                    "Target": "/lzcinit/cloud.lazycat.shell.files",
                    "BindOptions": {}
                },
                {
                    "Type": "bind",
                    "Source": "/lzcsys/data/document/",
                    "Target": "/lzcapp/run/mnt/home",
                    "BindOptions": {
                        "Propagation": "slave",
                        "CreateMountpoint": true
                    }
                },
                {
                    "Type": "bind",
                    "Source": "/lzcsys/run/media",
                    "Target": "/lzcapp/run/mnt/media",
                    "BindOptions": {
                        "Propagation": "shared",
                        "CreateMountpoint": true
                    }
                },
                {
                    "Type": "bind",
                    "Source": "/lzcsys/data/appcache/",
                    "Target": "/lzcapp/run/data/app/cache",
                    "BindOptions": {
                        "Propagation": "slave",
                        "CreateMountpoint": true
                    }
                },
                {
                    "Type": "bind",
                    "Source": "/lzcsys/data/appcache/cloud.lazycat.shell.files",
                    "Target": "/lzcapp/cache",
                    "BindOptions": {
                        "Propagation": "shared"
                    }
                }
            ],
            "MaskedPaths": [
                "/proc/asound",
                "/proc/acpi",
                "/proc/kcore",
                "/proc/keys",
                "/proc/latency_stats",
                "/proc/timer_list",
                "/proc/timer_stats",
                "/proc/sched_debug",
                "/proc/scsi",
                "/sys/firmware",
                "/sys/devices/virtual/powercap"
            ],
            "ReadonlyPaths": [
                "/proc/bus",
                "/proc/fs",
                "/proc/irq",
                "/proc/sys",
                "/proc/sysrq-trigger"
            ],
            "Init": false
        },
        "GraphDriver": {
            "Data": {
                "LowerDir": "/lzcsys/data/system/docker/overlay2/e220e5f7c0c64240e1b2e2903ab8b3ec1f1076242363a9a7712200dd4f046fb5-init/diff:/lzcsys/data/system/docker/overlay2/12279afe7367012f37e0bcff994f72ad510af7faff26a04dd8548fe550540fe8/diff:/lzcsys/data/system/docker/overlay2/7d059e13dc52fd7921fb42a3365bdd06313ce034e4c84b7e59db35736adcb586/diff:/lzcsys/data/system/docker/overlay2/bbfeeda00c5aff50b3ea5c350953a3a0b8005858ac4e264983406cfb9494443f/diff:/lzcsys/data/system/docker/overlay2/19687ab29b2c570e34335bc211b01b7f0c0f62c0b5bdd33ab59f97c88cdb2a50/diff:/lzcsys/data/system/docker/overlay2/18bb315dabcc3ae349d97ff103b40f42d5157832dcbb82d0350b345fc9ff9fba/diff:/lzcsys/data/system/docker/overlay2/ce0c7656d62e51c36cf06f03eddb85950f2e785aee5da42de615d50b91157f87/diff:/lzcsys/data/system/docker/overlay2/e08a64c530c2a9c84810330e98685f8a72931b1f0bc46246352e166ecea8b100/diff:/lzcsys/data/system/docker/overlay2/c26945a526f28e4410e6599af5fbdb04d1ea2a83b872e4ad62f0ccfcfab6d32e/diff:/lzcsys/data/system/docker/overlay2/431c7b3fd03af610b9faf2aa212c14b8bc7aaedbf7299913799778f22e39cc2b/diff:/lzcsys/data/system/docker/overlay2/3c5dbc1b68eb08da53e0ba0c9513da33124c3979327814dcee6d0d486f73cb34/diff:/lzcsys/data/system/docker/overlay2/c7e3b4bbbe3d69f132b7d582f71a897ba236b7d58cdd59b679ef2e8d1a1f0f80/diff:/lzcsys/data/system/docker/overlay2/19cfa7803f2ae0cab0be4326c97e60ff1fe8b04d7b53a345c09635c5cad7c4ab/diff:/lzcsys/data/system/docker/overlay2/c609fa4b9d96c7427659241f74a6f8c5cacf9f3409549a35e5cf1f01d1391420/diff:/lzcsys/data/system/docker/overlay2/9f57fba212b352e9b6e3de5d294548f6acc8e4676b4916d1e9dfb7ffd6314c87/diff:/lzcsys/data/system/docker/overlay2/e54210eb7966dd999c9b04d0c40efe4ac1c901c9983608d06fdcad1fc349f4ab/diff:/lzcsys/data/system/docker/overlay2/78b5c66cf35f4deaf5478fc30dc73f2ae1c016654bb76e6110b692df4b9d9313/diff:/lzcsys/data/system/docker/overlay2/ca52c022068bc9cbcf806eb7fc6a957be6e9d4ff951844265931e0fca1e4e7c4/diff:/lzcsys/data/system/docker/overlay2/639525a825f8c198c4bc06b2c0e61f55ae156fb1d6b908a7ae6d1e2ff2b6155e/diff:/lzcsys/data/system/docker/overlay2/bc999a325e41e9876cfa59370d26cac4b58312bf5dd7ce75f06ce134bf973918/diff:/lzcsys/data/system/docker/overlay2/31fdb0fd64f073a371e76e1377f3d1de23755ac9ece6ab2132aff6cfa017a3fb/diff:/lzcsys/data/system/docker/overlay2/8e3c815a0d639357b1ae64961dce5824ab7be906061d978e7a8ed1427fd276a4/diff",
                "MergedDir": "/lzcsys/data/system/docker/overlay2/e220e5f7c0c64240e1b2e2903ab8b3ec1f1076242363a9a7712200dd4f046fb5/merged",
                "UpperDir": "/lzcsys/data/system/docker/overlay2/e220e5f7c0c64240e1b2e2903ab8b3ec1f1076242363a9a7712200dd4f046fb5/diff",
                "WorkDir": "/lzcsys/data/system/docker/overlay2/e220e5f7c0c64240e1b2e2903ab8b3ec1f1076242363a9a7712200dd4f046fb5/work"
            },
            "Name": "overlay2"
        },
        "Mounts": [
            {
                "Type": "bind",
                "Source": "/run/lzc-sys",
                "Destination": "/lzcapp/run/sys",
                "Mode": "rw",
                "RW": true,
                "Propagation": "rprivate"
            },
            {
                "Type": "bind",
                "Source": "/lzcsys/data/system/pkgm/run/cloud.lazycat.shell.files/pkg/manifest.yml",
                "Destination": "/lzcapp/run/manifest.yml",
                "Mode": "rw",
                "RW": true,
                "Propagation": "rprivate"
            },
            {
                "Type": "bind",
                "Source": "/etc/localtime",
                "Destination": "/etc/localtime",
                "Mode": "rw",
                "RW": true,
                "Propagation": "rprivate"
            },
            {
                "Type": "bind",
                "Source": "/lzcsys/run/media",
                "Destination": "/lzcapp/media",
                "Mode": "",
                "RW": true,
                "Propagation": "shared"
            },
            {
                "Type": "bind",
                "Source": "/lzcsys/run/app/cloud.lazycat.shell.files",
                "Destination": "/lzcapp/run",
                "Mode": "rw",
                "RW": true,
                "Propagation": "rprivate"
            },
            {
                "Type": "bind",
                "Source": "/lzcsys/data/system/pkgm/apps/cloud.lazycat.shell.files/pkg",
                "Destination": "/lzcapp/pkg",
                "Mode": "",
                "RW": false,
                "Propagation": "rprivate"
            },
            {
                "Type": "bind",
                "Source": "/lzcsys/data/document",
                "Destination": "/lzcapp/document",
                "Mode": "",
                "RW": true,
                "Propagation": "slave"
            },
            {
                "Type": "bind",
                "Source": "/lzcsys/sspks/lzc-runtime/lzcinit",
                "Destination": "/lzcinit/cloud.lazycat.shell.files",
                "Mode": "",
                "RW": true,
                "Propagation": "rprivate"
            },
            {
                "Type": "bind",
                "Source": "/lzcsys/run/media",
                "Destination": "/lzcapp/run/mnt/media",
                "Mode": "",
                "RW": true,
                "Propagation": "shared"
            },
            {
                "Type": "bind",
                "Source": "/lzcsys/data/appcache/cloud.lazycat.shell.files",
                "Destination": "/lzcapp/cache",
                "Mode": "",
                "RW": true,
                "Propagation": "shared"
            },
            {
                "Type": "bind",
                "Source": "/usr/share/zoneinfo",
                "Destination": "/usr/share/zoneinfo",
                "Mode": "ro",
                "RW": false,
                "Propagation": "rprivate"
            },
            {
                "Type": "bind",
                "Source": "/lzcsys/data/appvar",
                "Destination": "/lzcapp/run/data/app/var",
                "Mode": "",
                "RW": true,
                "Propagation": "slave"
            },
            {
                "Type": "bind",
                "Source": "/lzcsys/data/document",
                "Destination": "/lzcapp/run/mnt/home",
                "Mode": "",
                "RW": true,
                "Propagation": "slave"
            },
            {
                "Type": "bind",
                "Source": "/lzcsys/data/appcache",
                "Destination": "/lzcapp/run/data/app/cache",
                "Mode": "",
                "RW": true,
                "Propagation": "slave"
            },
            {
                "Type": "bind",
                "Source": "/lzcsys/data/appvar/cloud.lazycat.shell.files",
                "Destination": "/lzcapp/var",
                "Mode": "rw",
                "RW": true,
                "Propagation": "rprivate"
            },
            {
                "Type": "bind",
                "Source": "/lzcsys/run/file_handler/globs2",
                "Destination": "/usr/share/mime/globs2",
                "Mode": "",
                "RW": false,
                "Propagation": "rprivate"
            },
            {
                "Type": "bind",
                "Source": "/etc/ssl/certs/ca-certificates.crt",
                "Destination": "/etc/ssl/certs/ca-certificates.crt",
                "Mode": "",
                "RW": false,
                "Propagation": "rprivate"
            }
        ],
        "Config": {
            "Hostname": "e431293aae03",
            "Domainname": "",
            "User": "",
            "AttachStdin": false,
            "AttachStdout": true,
            "AttachStderr": true,
            "Tty": false,
            "OpenStdin": false,
            "StdinOnce": false,
            "Env": [
                "LAZYCAT_APP_SERVICE_NAME=lzcmedia",
                "LAZYCAT_APP_DEPLOY_UID=",
                "LAZYCAT_BOX_NAME=axy",
                "MEDIA_ENCODE_VBR=1",
                "MEDIA_ENCODE_SET_PARAM=1",
                "LAZYCAT_BOX_DOMAIN=axy.heiyu.space",
                "LAZYCAT_APP_DOMAIN=file.axy.heiyu.space",
                "LZCAPP_API_GATEWAY_ADDRESS=app.cloud.lazycat.shell.files.lzcapp:81",
                "LAZYCAT_APP_ID=cloud.lazycat.shell.files",
                "LAZYCAT_USER_ID=",
                "PATH=/lzc-media/bin:/usr/local/sbin:/usr/local/bin:/usr/sbin:/usr/bin:/sbin:/bin",
                "GOPROXY=https://goproxy.cn"
            ],
            "Cmd": null,
            "Image": "registry.lazycat.cloud/lzc-media/lzc-media:bdfcdbe5",
            "Volumes": null,
            "WorkingDir": "/",
            "Entrypoint": [
                "/lzc-media/bin/lzc-media-service-static",
                "-config",
                "/lzc-media/defaultConfig.json"
            ],
            "OnBuild": null,
            "Labels": {
                "com.docker.compose.config-hash": "f951713793a8cc8cf8dbcaae38c653f4c41b280a80aa2005865870e74c84d03a",
                "com.docker.compose.container-number": "1",
                "com.docker.compose.depends_on": "",
                "com.docker.compose.image": "sha256:6341b9ecf0a9a4f94dfce609bd2b6c9b9821b994f3ce6b79cf99a3e0082202e8",
                "com.docker.compose.oneoff": "False",
                "com.docker.compose.project": "cloudlazycatshellfiles",
                "com.docker.compose.project.config_files": "/lzcsys/data/system/pkgm/run/cloud.lazycat.shell.files/docker-compose.yml,/lzcsys/data/system/pkgm/run/cloud.lazycat.shell.files/compose.override.yml",
                "com.docker.compose.project.working_dir": "/lzcsys/data/system/pkgm/run/cloud.lazycat.shell.files",
                "com.docker.compose.service": "lzcmedia",
                "com.docker.compose.version": "2.32.4",
                "lzcapp.app-id": "cloud.lazycat.shell.files",
                "lzcapp.user-id": "",
                "maintainer": "luhuaei@gmail.com"
            }
        },
        "NetworkSettings": {
            "Bridge": "",
            "SandboxID": "833c5111dfc1ed1020576d2537e356c22978b331ad8b441184bbdecd326baf5f",
            "SandboxKey": "/lzcsys/run/lzc-docker/docker/netns/833c5111dfc1",
            "Ports": {},
            "HairpinMode": false,
            "LinkLocalIPv6Address": "",
            "LinkLocalIPv6PrefixLen": 0,
            "SecondaryIPAddresses": null,
            "SecondaryIPv6Addresses": null,
            "EndpointID": "",
            "Gateway": "",
            "GlobalIPv6Address": "",
            "GlobalIPv6PrefixLen": 0,
            "IPAddress": "",
            "IPPrefixLen": 0,
            "IPv6Gateway": "",
            "MacAddress": "",
            "Networks": {
                "cloudlazycatshellfiles_default": {
                    "IPAMConfig": null,
                    "Links": null,
                    "Aliases": [
                        "cloudlazycatshellfiles-lzcmedia-1",
                        "lzcmedia"
                    ],
                    "MacAddress": "02:42:ac:1c:00:44",
                    "DriverOpts": null,
                    "NetworkID": "e53208727f16c5e37b8f178247e75e99135a9f81809775ef80397e64c615d422",
                    "EndpointID": "0b40c21fbe062f13922a32a70f27f10583f1520f668965cf68b18c4dab4bff14",
                    "Gateway": "172.28.0.65",
                    "IPAddress": "172.28.0.68",
                    "IPPrefixLen": 26,
                    "IPv6Gateway": "fd03:1136:3800::41",
                    "GlobalIPv6Address": "fd03:1136:3800::44",
                    "GlobalIPv6PrefixLen": 122,
                    "DNSNames": [
                        "cloudlazycatshellfiles-lzcmedia-1",
                        "lzcmedia",
                        "e431293aae03"
                    ]
                }
            }
        }
    }
]
