[
    {
        "Id": "8faee164fdb0bcddc2ead25b1580f6dba10452044d35bfac71d40962e66f1635",
        "Created": "2025-11-16T07:55:19.282805853Z",
        "Path": "bash",
        "Args": [
            "-c",
            "date;python server.py"
        ],
        "State": {
            "Status": "running",
            "Running": true,
            "Paused": false,
            "Restarting": false,
            "OOMKilled": false,
            "Dead": false,
            "Pid": 1344543,
            "ExitCode": 0,
            "Error": "",
            "StartedAt": "2025-11-16T07:55:23.883489565Z",
            "FinishedAt": "0001-01-01T00:00:00Z"
        },
        "Image": "sha256:69ac149db74bd9c4782559846bf164393cbd8e0e7d1ebbc1dbce8d0d941544da",
        "ResolvConfPath": "/lzcsys/data/system/docker/containers/8faee164fdb0bcddc2ead25b1580f6dba10452044d35bfac71d40962e66f1635/resolv.conf",
        "HostnamePath": "/lzcsys/data/system/docker/containers/8faee164fdb0bcddc2ead25b1580f6dba10452044d35bfac71d40962e66f1635/hostname",
        "HostsPath": "/lzcsys/data/system/docker/containers/8faee164fdb0bcddc2ead25b1580f6dba10452044d35bfac71d40962e66f1635/hosts",
        "LogPath": "",
        "Name": "/cloudlazycatappphoto-photosearch-1",
        "RestartCount": 0,
        "Driver": "overlay2",
        "Platform": "linux",
        "MountLabel": "",
        "ProcessLabel": "",
        "AppArmorProfile": "",
        "ExecIDs": null,
        "HostConfig": {
            "Binds": [
                "/lzcsys/data/appvar/cloud.lazycat.app.photo:/lzcapp/var:rw",
                "/lzcsys/run/app/cloud.lazycat.app.photo:/lzcapp/run:rw",
                "/run/lzc-sys:/lzcapp/run/sys:rw",
                "/etc/localtime:/etc/localtime:rw",
                "/lzcsys/data/system/pkgm/run/cloud.lazycat.app.photo/pkg/manifest.yml:/lzcapp/run/manifest.yml:rw",
                "/usr/share/zoneinfo:/usr/share/zoneinfo:ro"
            ],
            "ContainerIDFile": "",
            "LogConfig": {
                "Type": "lzc-logging-driver",
                "Config": {
                    "max-backups": "5",
                    "max-size": "20m"
                }
            },
            "NetworkMode": "cloudlazycatappphoto_default",
            "PortBindings": {},
            "RestartPolicy": {
                "Name": "no",
                "MaximumRetryCount": 0
            },
            "AutoRemove": false,
            "VolumeDriver": "",
            "VolumesFrom": null,
            "ConsoleSize": [
                0,
                0
            ],
            "CapAdd": null,
            "CapDrop": null,
            "CgroupnsMode": "private",
            "Dns": [
                "172.18.0.1"
            ],
            "DnsOptions": null,
            "DnsSearch": null,
            "ExtraHosts": [],
            "GroupAdd": null,
            "IpcMode": "private",
            "Cgroup": "",
            "Links": null,
            "OomScoreAdj": 500,
            "PidMode": "",
            "Privileged": false,
            "PublishAllPorts": false,
            "ReadonlyRootfs": false,
            "SecurityOpt": null,
            "UTSMode": "",
            "UsernsMode": "",
            "ShmSize": 67108864,
            "Runtime": "runc",
            "Isolation": "",
            "CpuShares": 0,
            "Memory": 0,
            "NanoCpus": 0,
            "CgroupParent": "lzcapp-cloud.lazycat.app.photo.slice",
            "BlkioWeight": 0,
            "BlkioWeightDevice": null,
            "BlkioDeviceReadBps": null,
            "BlkioDeviceWriteBps": null,
            "BlkioDeviceReadIOps": null,
            "BlkioDeviceWriteIOps": null,
            "CpuPeriod": 0,
            "CpuQuota": 0,
            "CpuRealtimePeriod": 0,
            "CpuRealtimeRuntime": 0,
            "CpusetCpus": "",
            "CpusetMems": "",
            "Devices": [
                {
                    "PathOnHost": "/dev/fuse",
                    "PathInContainer": "/dev/fuse",
                    "CgroupPermissions": "rwm"
                },
                {
                    "PathOnHost": "/dev/dri",
                    "PathInContainer": "/dev/dri",
                    "CgroupPermissions": "rwm"
                }
            ],
            "DeviceCgroupRules": null,
            "DeviceRequests": null,
            "MemoryReservation": 0,
            "MemorySwap": 0,
            "MemorySwappiness": null,
            "OomKillDisable": null,
            "PidsLimit": null,
            "Ulimits": null,
            "CpuCount": 0,
            "CpuPercent": 0,
            "IOMaximumIOps": 0,
            "IOMaximumBandwidth": 0,
            "Mounts": [
                {
                    "Type": "bind",
                    "Source": "/lzcsys/data/system/pkgm/apps/cloud.lazycat.app.photo/pkg",
                    "Target": "/lzcapp/pkg",
                    "ReadOnly": true,
                    "BindOptions": {}
                },
                {
                    "Type": "bind",
                    "Source": "/etc/ssl/certs/ca-certificates.crt",
                    "Target": "/etc/ssl/certs/ca-certificates.crt",
                    "ReadOnly": true,
                    "BindOptions": {}
                },
                {
                    "Type": "bind",
                    "Source": "/lzcsys/data/document/",
                    "Target": "/lzcapp/run/mnt/home",
                    "BindOptions": {
                        "Propagation": "slave",
                        "CreateMountpoint": true
                    }
                },
                {
                    "Type": "bind",
                    "Source": "/lzcsys/data/document/",
                    "Target": "/lzcapp/document",
                    "BindOptions": {
                        "Propagation": "slave",
                        "CreateMountpoint": true
                    }
                },
                {
                    "Type": "bind",
                    "Source": "/lzcsys/sspks/lzc-runtime/lzcinit",
                    "Target": "/lzcinit/cloud.lazycat.app.photo",
                    "BindOptions": {}
                },
                {
                    "Type": "bind",
                    "Source": "/lzcsys/data/appcache/cloud.lazycat.app.photo",
                    "Target": "/lzcapp/cache",
                    "BindOptions": {
                        "Propagation": "shared"
                    }
                }
            ],
            "MaskedPaths": [
                "/proc/asound",
                "/proc/acpi",
                "/proc/kcore",
                "/proc/keys",
                "/proc/latency_stats",
                "/proc/timer_list",
                "/proc/timer_stats",
                "/proc/sched_debug",
                "/proc/scsi",
                "/sys/firmware",
                "/sys/devices/virtual/powercap"
            ],
            "ReadonlyPaths": [
                "/proc/bus",
                "/proc/fs",
                "/proc/irq",
                "/proc/sys",
                "/proc/sysrq-trigger"
            ],
            "Init": true
        },
        "GraphDriver": {
            "Data": {
                "LowerDir": "/lzcsys/data/system/docker/overlay2/eee0bff9ff65a62de57c8b4b3f18229c9b062069824f94034ec41f8f4f28c235-init/diff:/lzcsys/data/system/docker/overlay2/122029aea48a510cabdf64e9e8b1bda580647751e17d4d1ffc55fcc2250a6a1a/diff:/lzcsys/data/system/docker/overlay2/343be42753e64b0c05693869f6e29aec7c01c06e20285bd3c60d6d82ed1cb3a9/diff:/lzcsys/data/system/docker/overlay2/7bef41b9ac067da48a176184f8c4e4e8e6279b888c814d02fd4021bafa6debc4/diff:/lzcsys/data/system/docker/overlay2/79d956ffa4288fef235b6ba3c2cbda9647625211e0306d8f1b9009a5a21403fe/diff:/lzcsys/data/system/docker/overlay2/1e65c04c36b262ddf9f157671701542b00cffe7e5d4fdf4b0eaa9f12211de071/diff:/lzcsys/data/system/docker/overlay2/772accb9720f47367efb7c38e68a749888348c7273bc6b8084c3150a6a122a25/diff:/lzcsys/data/system/docker/overlay2/386adb56f9a344c10c788edabec283f497d7462c4028a74466582b4fe25ad062/diff:/lzcsys/data/system/docker/overlay2/94dfa741e6c609e509f261684bf4b5c36eeff1860018f70ed6d00415e6e494ba/diff:/lzcsys/data/system/docker/overlay2/ce193ad5764eae1f9e5bf5720fa94c8d04c058498613431ffb71dcb9421af12f/diff:/lzcsys/data/system/docker/overlay2/b5481dc334715079b37610f45e2346aed0734003c80957919dc791bc2b608852/diff:/lzcsys/data/system/docker/overlay2/de8330658a0324210ab794268d1e69ffedd51095797cd392b7d53aa3616a3dfb/diff:/lzcsys/data/system/docker/overlay2/6301d305d16711132e7bbf8c317d6f43d93cde0ed57c99df361c5046e6bd65d0/diff:/lzcsys/data/system/docker/overlay2/f297ee249f1a722e31c49fa293d44d3f796365c7803753a7bd83675b8b14f2bf/diff:/lzcsys/data/system/docker/overlay2/da64ccf416889ca9c1ac0ea9b78a8a7d11c91d373fac71d53976aae0a42e1e90/diff:/lzcsys/data/system/docker/overlay2/d85d3dc2b442301ec7e7635f580c746c90b29ddcda4d40828b8a89261136e8ea/diff:/lzcsys/data/system/docker/overlay2/7218a8782a41972944688beeef03738861904ddd90e23599713f70086f990d32/diff:/lzcsys/data/system/docker/overlay2/d20ce411cec8c2aeb1196f3c33081cebb640e87cdd8086b468d6dac1c9a63c7b/diff:/lzcsys/data/system/docker/overlay2/83ac13b75751d3fe67d810859095f8ddb9ddf9a141b19980b8325745fdcbb982/diff:/lzcsys/data/system/docker/overlay2/4890e4deb481f1e6ddab623d48dcac91966be675eb19e0311abc274522815e51/diff:/lzcsys/data/system/docker/overlay2/d6ee16ef06deae3de3a90e72ec3b036915e54b9cf4b508fc3a14ee2b7209c31a/diff:/lzcsys/data/system/docker/overlay2/578f1dcc1b93c93bfb576ccb7a6b01851f95b72aa5de51a5d2a7e01ef7035467/diff",
                "MergedDir": "/lzcsys/data/system/docker/overlay2/eee0bff9ff65a62de57c8b4b3f18229c9b062069824f94034ec41f8f4f28c235/merged",
                "UpperDir": "/lzcsys/data/system/docker/overlay2/eee0bff9ff65a62de57c8b4b3f18229c9b062069824f94034ec41f8f4f28c235/diff",
                "WorkDir": "/lzcsys/data/system/docker/overlay2/eee0bff9ff65a62de57c8b4b3f18229c9b062069824f94034ec41f8f4f28c235/work"
            },
            "Name": "overlay2"
        },
        "Mounts": [
            {
                "Type": "bind",
                "Source": "/lzcsys/data/system/pkgm/apps/cloud.lazycat.app.photo/pkg",
                "Destination": "/lzcapp/pkg",
                "Mode": "",
                "RW": false,
                "Propagation": "rprivate"
            },
            {
                "Type": "bind",
                "Source": "/etc/ssl/certs/ca-certificates.crt",
                "Destination": "/etc/ssl/certs/ca-certificates.crt",
                "Mode": "",
                "RW": false,
                "Propagation": "rprivate"
            },
            {
                "Type": "bind",
                "Source": "/lzcsys/data/document",
                "Destination": "/lzcapp/run/mnt/home",
                "Mode": "",
                "RW": true,
                "Propagation": "slave"
            },
            {
                "Type": "bind",
                "Source": "/lzcsys/data/document",
                "Destination": "/lzcapp/document",
                "Mode": "",
                "RW": true,
                "Propagation": "slave"
            },
            {
                "Type": "bind",
                "Source": "/lzcsys/run/app/cloud.lazycat.app.photo",
                "Destination": "/lzcapp/run",
                "Mode": "rw",
                "RW": true,
                "Propagation": "rprivate"
            },
            {
                "Type": "bind",
                "Source": "/run/lzc-sys",
                "Destination": "/lzcapp/run/sys",
                "Mode": "rw",
                "RW": true,
                "Propagation": "rprivate"
            },
            {
                "Type": "bind",
                "Source": "/etc/localtime",
                "Destination": "/etc/localtime",
                "Mode": "rw",
                "RW": true,
                "Propagation": "rprivate"
            },
            {
                "Type": "bind",
                "Source": "/usr/share/zoneinfo",
                "Destination": "/usr/share/zoneinfo",
                "Mode": "ro",
                "RW": false,
                "Propagation": "rprivate"
            },
            {
                "Type": "bind",
                "Source": "/lzcsys/sspks/lzc-runtime/lzcinit",
                "Destination": "/lzcinit/cloud.lazycat.app.photo",
                "Mode": "",
                "RW": true,
                "Propagation": "rprivate"
            },
            {
                "Type": "bind",
                "Source": "/lzcsys/data/appvar/cloud.lazycat.app.photo",
                "Destination": "/lzcapp/var",
                "Mode": "rw",
                "RW": true,
                "Propagation": "rprivate"
            },
            {
                "Type": "bind",
                "Source": "/lzcsys/data/system/pkgm/run/cloud.lazycat.app.photo/pkg/manifest.yml",
                "Destination": "/lzcapp/run/manifest.yml",
                "Mode": "rw",
                "RW": true,
                "Propagation": "rprivate"
            },
            {
                "Type": "bind",
                "Source": "/lzcsys/data/appcache/cloud.lazycat.app.photo",
                "Destination": "/lzcapp/cache",
                "Mode": "",
                "RW": true,
                "Propagation": "shared"
            }
        ],
        "Config": {
            "Hostname": "8faee164fdb0",
            "Domainname": "",
            "User": "",
            "AttachStdin": false,
            "AttachStdout": true,
            "AttachStderr": true,
            "ExposedPorts": {
                "5000/tcp": {}
            },
            "Tty": false,
            "OpenStdin": false,
            "StdinOnce": false,
            "Env": [
                "LAZYCAT_BOX_NAME=axy",
                "LAZYCAT_USER_ID=",
                "LZCAPP_API_GATEWAY_ADDRESS=app.cloud.lazycat.app.photo.lzcapp:81",
                "LAZYCAT_APP_DEPLOY_UID=",
                "LAZYCAT_APP_DOMAIN=photo.axy.heiyu.space",
                "LAZYCAT_APP_ID=cloud.lazycat.app.photo",
                "LAZYCAT_APP_SERVICE_NAME=photosearch",
                "LAZYCAT_BOX_DOMAIN=axy.heiyu.space",
                "PATH=/usr/local/bin:/usr/local/sbin:/usr/local/bin:/usr/sbin:/usr/bin:/sbin:/bin",
                "LANG=C.UTF-8",
                "GPG_KEY=A035C8C19219BA821ECEA86B64E628F8D684696D",
                "PYTHON_VERSION=3.11.11",
                "PYTHON_SHA256=2a9920c7a0cd236de33644ed980a13cbbc21058bfdc528febb6081575ed73be3",
                "LAZY_VAR=/lzcapp/var",
                "NEOReadDebugKeys=1",
                "OverrideGpuAddressSpace=48"
            ],
            "Cmd": [
                "bash",
                "-c",
                "date;python server.py"
            ],
            "Image": "registry.lazycat.cloud/ai/photosearch:18c29f07",
            "Volumes": null,
            "WorkingDir": "/photosearch",
            "Entrypoint": null,
            "OnBuild": null,
            "Labels": {
                "com.docker.compose.config-hash": "df8f10f1070b1f070deaaa9fdc00e80e6674af9b344736588fbc5f6d0243bdee",
                "com.docker.compose.container-number": "1",
                "com.docker.compose.depends_on": "",
                "com.docker.compose.image": "sha256:69ac149db74bd9c4782559846bf164393cbd8e0e7d1ebbc1dbce8d0d941544da",
                "com.docker.compose.oneoff": "False",
                "com.docker.compose.project": "cloudlazycatappphoto",
                "com.docker.compose.project.config_files": "/lzcsys/data/system/pkgm/run/cloud.lazycat.app.photo/docker-compose.yml",
                "com.docker.compose.project.working_dir": "/lzcsys/data/system/pkgm/run/cloud.lazycat.app.photo",
                "com.docker.compose.service": "photosearch",
                "com.docker.compose.version": "2.32.4",
                "lzcapp.app-id": "cloud.lazycat.app.photo",
                "lzcapp.user-id": ""
            }
        },
        "NetworkSettings": {
            "Bridge": "",
            "SandboxID": "1a4856b9a20603296019b5d52bc0c3150c1f2dce0391698b412bf103262fb5d0",
            "SandboxKey": "/lzcsys/run/lzc-docker/docker/netns/1a4856b9a206",
            "Ports": {
                "5000/tcp": null
            },
            "HairpinMode": false,
            "LinkLocalIPv6Address": "",
            "LinkLocalIPv6PrefixLen": 0,
            "SecondaryIPAddresses": null,
            "SecondaryIPv6Addresses": null,
            "EndpointID": "",
            "Gateway": "",
            "GlobalIPv6Address": "",
            "GlobalIPv6PrefixLen": 0,
            "IPAddress": "",
            "IPPrefixLen": 0,
            "IPv6Gateway": "",
            "MacAddress": "",
            "Networks": {
                "cloudlazycatappphoto_default": {
                    "IPAMConfig": null,
                    "Links": null,
                    "Aliases": [
                        "cloudlazycatappphoto-photosearch-1",
                        "photosearch"
                    ],
                    "MacAddress": "02:42:ac:1c:04:83",
                    "DriverOpts": null,
                    "NetworkID": "8e14d19ab5a7da1650bb6dc7c50f64e53e79607fb01f967678768a4081ffc410",
                    "EndpointID": "e146c0055b9028f56c287ba335c4cb4156c0043c5500b19f9aaaf1901cceefeb",
                    "Gateway": "172.28.4.129",
                    "IPAddress": "172.28.4.131",
                    "IPPrefixLen": 26,
                    "IPv6Gateway": "fd03:1136:3800::481",
                    "GlobalIPv6Address": "fd03:1136:3800::483",
                    "GlobalIPv6PrefixLen": 122,
                    "DNSNames": [
                        "cloudlazycatappphoto-photosearch-1",
                        "photosearch",
                        "8faee164fdb0"
                    ]
                }
            }
        }
    }
]
