[
    {
        "Id": "6074fa3459ab4232a18207efb68667f9f6580b2cdd43b9c11db5b739250d5ea5",
        "Created": "2025-11-16T07:55:19.282503882Z",
        "Path": "/bin/weaviate",
        "Args": [
            "--host",
            "0.0.0.0",
            "--port",
            "8080",
            "--scheme",
            "http"
        ],
        "State": {
            "Status": "running",
            "Running": true,
            "Paused": false,
            "Restarting": false,
            "OOMKilled": false,
            "Dead": false,
            "Pid": 1344664,
            "ExitCode": 0,
            "Error": "",
            "StartedAt": "2025-11-16T07:55:24.651388438Z",
            "FinishedAt": "0001-01-01T00:00:00Z",
            "Health": {
                "Status": "healthy",
                "FailingStreak": 0,
                "Log": [
                    {
                        "Start": "2025-11-16T20:43:39.377786074+08:00",
                        "End": "2025-11-16T20:43:39.435579591+08:00",
                        "ExitCode": 0,
                        "Output": ""
                    },
                    {
                        "Start": "2025-11-16T20:44:09.436372192+08:00",
                        "End": "2025-11-16T20:44:09.487645653+08:00",
                        "ExitCode": 0,
                        "Output": ""
                    },
                    {
                        "Start": "2025-11-16T20:44:39.488695591+08:00",
                        "End": "2025-11-16T20:44:39.552224422+08:00",
                        "ExitCode": 0,
                        "Output": ""
                    },
                    {
                        "Start": "2025-11-16T20:45:09.553497679+08:00",
                        "End": "2025-11-16T20:45:09.608136874+08:00",
                        "ExitCode": 0,
                        "Output": ""
                    },
                    {
                        "Start": "2025-11-16T20:45:39.609206132+08:00",
                        "End": "2025-11-16T20:45:39.666360066+08:00",
                        "ExitCode": 0,
                        "Output": ""
                    }
                ]
            }
        },
        "Image": "sha256:6f23dc3d8e22413ff0360fd4f427025c11cbd03413689860e0f8bbb68cb64f2a",
        "ResolvConfPath": "/lzcsys/data/system/docker/containers/6074fa3459ab4232a18207efb68667f9f6580b2cdd43b9c11db5b739250d5ea5/resolv.conf",
        "HostnamePath": "/lzcsys/data/system/docker/containers/6074fa3459ab4232a18207efb68667f9f6580b2cdd43b9c11db5b739250d5ea5/hostname",
        "HostsPath": "/lzcsys/data/system/docker/containers/6074fa3459ab4232a18207efb68667f9f6580b2cdd43b9c11db5b739250d5ea5/hosts",
        "LogPath": "",
        "Name": "/cloudlazycatappphoto-weaviate-1",
        "RestartCount": 0,
        "Driver": "overlay2",
        "Platform": "linux",
        "MountLabel": "",
        "ProcessLabel": "",
        "AppArmorProfile": "",
        "ExecIDs": null,
        "HostConfig": {
            "Binds": [
                "/lzcsys/run/app/cloud.lazycat.app.photo:/lzcapp/run:rw",
                "/lzcsys/data/system/pkgm/run/cloud.lazycat.app.photo/pkg/manifest.yml:/lzcapp/run/manifest.yml:rw",
                "/etc/localtime:/etc/localtime:rw",
                "/lzcsys/data/appvar/cloud.lazycat.app.photo/vdb:/var/lib/weaviate:rw",
                "/lzcsys/data/appvar/cloud.lazycat.app.photo:/lzcapp/var:rw",
                "/run/lzc-sys:/lzcapp/run/sys:rw",
                "/usr/share/zoneinfo:/usr/share/zoneinfo:ro"
            ],
            "ContainerIDFile": "",
            "LogConfig": {
                "Type": "lzc-logging-driver",
                "Config": {
                    "max-backups": "5",
                    "max-size": "20m"
                }
            },
            "NetworkMode": "cloudlazycatappphoto_default",
            "PortBindings": {},
            "RestartPolicy": {
                "Name": "no",
                "MaximumRetryCount": 0
            },
            "AutoRemove": false,
            "VolumeDriver": "",
            "VolumesFrom": null,
            "ConsoleSize": [
                0,
                0
            ],
            "CapAdd": null,
            "CapDrop": null,
            "CgroupnsMode": "private",
            "Dns": [
                "172.18.0.1"
            ],
            "DnsOptions": null,
            "DnsSearch": null,
            "ExtraHosts": [],
            "GroupAdd": null,
            "IpcMode": "private",
            "Cgroup": "",
            "Links": null,
            "OomScoreAdj": 500,
            "PidMode": "",
            "Privileged": false,
            "PublishAllPorts": false,
            "ReadonlyRootfs": false,
            "SecurityOpt": null,
            "UTSMode": "",
            "UsernsMode": "",
            "ShmSize": 67108864,
            "Runtime": "runc",
            "Isolation": "",
            "CpuShares": 0,
            "Memory": 0,
            "NanoCpus": 0,
            "CgroupParent": "lzcapp-cloud.lazycat.app.photo.slice",
            "BlkioWeight": 0,
            "BlkioWeightDevice": null,
            "BlkioDeviceReadBps": null,
            "BlkioDeviceWriteBps": null,
            "BlkioDeviceReadIOps": null,
            "BlkioDeviceWriteIOps": null,
            "CpuPeriod": 0,
            "CpuQuota": 0,
            "CpuRealtimePeriod": 0,
            "CpuRealtimeRuntime": 0,
            "CpusetCpus": "",
            "CpusetMems": "",
            "Devices": [
                {
                    "PathOnHost": "/dev/fuse",
                    "PathInContainer": "/dev/fuse",
                    "CgroupPermissions": "rwm"
                },
                {
                    "PathOnHost": "/dev/dri",
                    "PathInContainer": "/dev/dri",
                    "CgroupPermissions": "rwm"
                }
            ],
            "DeviceCgroupRules": null,
            "DeviceRequests": null,
            "MemoryReservation": 0,
            "MemorySwap": 0,
            "MemorySwappiness": null,
            "OomKillDisable": null,
            "PidsLimit": null,
            "Ulimits": null,
            "CpuCount": 0,
            "CpuPercent": 0,
            "IOMaximumIOps": 0,
            "IOMaximumBandwidth": 0,
            "Mounts": [
                {
                    "Type": "bind",
                    "Source": "/etc/ssl/certs/ca-certificates.crt",
                    "Target": "/etc/ssl/certs/ca-certificates.crt",
                    "ReadOnly": true,
                    "BindOptions": {}
                },
                {
                    "Type": "bind",
                    "Source": "/lzcsys/data/document/",
                    "Target": "/lzcapp/run/mnt/home",
                    "BindOptions": {
                        "Propagation": "slave",
                        "CreateMountpoint": true
                    }
                },
                {
                    "Type": "bind",
                    "Source": "/lzcsys/data/system/pkgm/apps/cloud.lazycat.app.photo/pkg",
                    "Target": "/lzcapp/pkg",
                    "ReadOnly": true,
                    "BindOptions": {}
                },
                {
                    "Type": "bind",
                    "Source": "/lzcsys/data/appcache/cloud.lazycat.app.photo",
                    "Target": "/lzcapp/cache",
                    "BindOptions": {
                        "Propagation": "shared"
                    }
                },
                {
                    "Type": "bind",
                    "Source": "/lzcsys/data/document/",
                    "Target": "/lzcapp/document",
                    "BindOptions": {
                        "Propagation": "slave",
                        "CreateMountpoint": true
                    }
                },
                {
                    "Type": "bind",
                    "Source": "/lzcsys/sspks/lzc-runtime/lzcinit",
                    "Target": "/lzcinit/cloud.lazycat.app.photo",
                    "BindOptions": {}
                }
            ],
            "MaskedPaths": [
                "/proc/asound",
                "/proc/acpi",
                "/proc/kcore",
                "/proc/keys",
                "/proc/latency_stats",
                "/proc/timer_list",
                "/proc/timer_stats",
                "/proc/sched_debug",
                "/proc/scsi",
                "/sys/firmware",
                "/sys/devices/virtual/powercap"
            ],
            "ReadonlyPaths": [
                "/proc/bus",
                "/proc/fs",
                "/proc/irq",
                "/proc/sys",
                "/proc/sysrq-trigger"
            ],
            "Init": false
        },
        "GraphDriver": {
            "Data": {
                "LowerDir": "/lzcsys/data/system/docker/overlay2/5f810595f263922195ddaeda0ce04fbebed9124ebd8661d0414ed58a056d425c-init/diff:/lzcsys/data/system/docker/overlay2/5a3a4290fbfe3dad952796b670e574616e2873ae12c92756f55e507dea9e18f2/diff:/lzcsys/data/system/docker/overlay2/3647bb03ab202a781a359cb01fb1e3522a75ab7d974c4ac03cad62fddade55d9/diff:/lzcsys/data/system/docker/overlay2/48a0b91261d1bd8bebcac4e57d2abc6eb77caa4d85f67d227cbca88a3442f228/diff:/lzcsys/data/system/docker/overlay2/b2b9b3058c3a4590283becad43428c8caa79e03556645dec36a53bfeba9284cc/diff:/lzcsys/data/system/docker/overlay2/9e131dc92ae5665bd889c3501ec1fabaf0aa67ec25f93ff21a1ccda3067d6ab8/diff:/lzcsys/data/system/docker/overlay2/6ce24f8d14d292d9d2961aef9f34289aea3c3cceba563f411b730aef0f1bc8dd/diff:/lzcsys/data/system/docker/overlay2/85f1e05407f5df7f1d2f176adb6a2f4439be3c8487249ba4207b7a2c6a918000/diff",
                "MergedDir": "/lzcsys/data/system/docker/overlay2/5f810595f263922195ddaeda0ce04fbebed9124ebd8661d0414ed58a056d425c/merged",
                "UpperDir": "/lzcsys/data/system/docker/overlay2/5f810595f263922195ddaeda0ce04fbebed9124ebd8661d0414ed58a056d425c/diff",
                "WorkDir": "/lzcsys/data/system/docker/overlay2/5f810595f263922195ddaeda0ce04fbebed9124ebd8661d0414ed58a056d425c/work"
            },
            "Name": "overlay2"
        },
        "Mounts": [
            {
                "Type": "bind",
                "Source": "/etc/localtime",
                "Destination": "/etc/localtime",
                "Mode": "rw",
                "RW": true,
                "Propagation": "rprivate"
            },
            {
                "Type": "bind",
                "Source": "/run/lzc-sys",
                "Destination": "/lzcapp/run/sys",
                "Mode": "rw",
                "RW": true,
                "Propagation": "rprivate"
            },
            {
                "Type": "bind",
                "Source": "/usr/share/zoneinfo",
                "Destination": "/usr/share/zoneinfo",
                "Mode": "ro",
                "RW": false,
                "Propagation": "rprivate"
            },
            {
                "Type": "bind",
                "Source": "/lzcsys/data/system/pkgm/apps/cloud.lazycat.app.photo/pkg",
                "Destination": "/lzcapp/pkg",
                "Mode": "",
                "RW": false,
                "Propagation": "rprivate"
            },
            {
                "Type": "bind",
                "Source": "/lzcsys/data/appcache/cloud.lazycat.app.photo",
                "Destination": "/lzcapp/cache",
                "Mode": "",
                "RW": true,
                "Propagation": "shared"
            },
            {
                "Type": "bind",
                "Source": "/lzcsys/data/document",
                "Destination": "/lzcapp/document",
                "Mode": "",
                "RW": true,
                "Propagation": "slave"
            },
            {
                "Type": "bind",
                "Source": "/lzcsys/run/app/cloud.lazycat.app.photo",
                "Destination": "/lzcapp/run",
                "Mode": "rw",
                "RW": true,
                "Propagation": "rprivate"
            },
            {
                "Type": "bind",
                "Source": "/lzcsys/data/system/pkgm/run/cloud.lazycat.app.photo/pkg/manifest.yml",
                "Destination": "/lzcapp/run/manifest.yml",
                "Mode": "rw",
                "RW": true,
                "Propagation": "rprivate"
            },
            {
                "Type": "bind",
                "Source": "/lzcsys/data/appvar/cloud.lazycat.app.photo/vdb",
                "Destination": "/var/lib/weaviate",
                "Mode": "rw",
                "RW": true,
                "Propagation": "rprivate"
            },
            {
                "Type": "bind",
                "Source": "/lzcsys/data/appvar/cloud.lazycat.app.photo",
                "Destination": "/lzcapp/var",
                "Mode": "rw",
                "RW": true,
                "Propagation": "rprivate"
            },
            {
                "Type": "bind",
                "Source": "/etc/ssl/certs/ca-certificates.crt",
                "Destination": "/etc/ssl/certs/ca-certificates.crt",
                "Mode": "",
                "RW": false,
                "Propagation": "rprivate"
            },
            {
                "Type": "bind",
                "Source": "/lzcsys/data/document",
                "Destination": "/lzcapp/run/mnt/home",
                "Mode": "",
                "RW": true,
                "Propagation": "slave"
            },
            {
                "Type": "bind",
                "Source": "/lzcsys/sspks/lzc-runtime/lzcinit",
                "Destination": "/lzcinit/cloud.lazycat.app.photo",
                "Mode": "",
                "RW": true,
                "Propagation": "rprivate"
            }
        ],
        "Config": {
            "Hostname": "6074fa3459ab",
            "Domainname": "",
            "User": "",
            "AttachStdin": false,
            "AttachStdout": true,
            "AttachStderr": true,
            "Tty": false,
            "OpenStdin": false,
            "StdinOnce": false,
            "Env": [
                "ENABLE_MODULES=",
                "PERSISTENCE_DATA_PATH=/var/lib/weaviate",
                "LAZYCAT_BOX_NAME=axy",
                "DISK_USE_READONLY_PERCENTAGE=98",
                "DISK_USE_WARNING_PERCENTAGE=90",
                "LAZYCAT_APP_ID=cloud.lazycat.app.photo",
                "LZCAPP_API_GATEWAY_ADDRESS=app.cloud.lazycat.app.photo.lzcapp:81",
                "RAFT_ENABLE_ONE_NODE_RECOVERY=true",
                "LAZYCAT_USER_ID=",
                "DEFAULT_VECTORIZER_MODULE=none",
                "CLUSTER_HOSTNAME=vector_db",
                "AUTHENTICATION_ANONYMOUS_ACCESS_ENABLED=true",
                "LAZYCAT_APP_SERVICE_NAME=weaviate",
                "LAZYCAT_APP_DEPLOY_UID=",
                "QUERY_DEFAULTS_LIMIT=25",
                "LAZYCAT_APP_DOMAIN=photo.axy.heiyu.space",
                "LAZYCAT_BOX_DOMAIN=axy.heiyu.space",
                "PATH=/usr/local/sbin:/usr/local/bin:/usr/sbin:/usr/bin:/sbin:/bin"
            ],
            "Cmd": [
                "--host",
                "0.0.0.0",
                "--port",
                "8080",
                "--scheme",
                "http"
            ],
            "Healthcheck": {
                "Test": [
                    "CMD",
                    "wget",
                    "-q",
                    "http://localhost:8080/v1/.well-known/ready",
                    "-O",
                    "/dev/null"
                ],
                "StartPeriod": 300000000000,
                "StartInterval": 1000000000
            },
            "Image": "registry.lazycat.cloud/lzc/weaviate:1.28.2-2b40d6e",
            "Volumes": null,
            "WorkingDir": "/",
            "Entrypoint": [
                "/bin/weaviate"
            ],
            "OnBuild": null,
            "Labels": {
                "com.docker.compose.config-hash": "703edfca1195d987d25b18361ef87c82c0fb873ecbc97e0a3b074b166fa54076",
                "com.docker.compose.container-number": "1",
                "com.docker.compose.depends_on": "",
                "com.docker.compose.image": "sha256:6f23dc3d8e22413ff0360fd4f427025c11cbd03413689860e0f8bbb68cb64f2a",
                "com.docker.compose.oneoff": "False",
                "com.docker.compose.project": "cloudlazycatappphoto",
                "com.docker.compose.project.config_files": "/lzcsys/data/system/pkgm/run/cloud.lazycat.app.photo/docker-compose.yml",
                "com.docker.compose.project.working_dir": "/lzcsys/data/system/pkgm/run/cloud.lazycat.app.photo",
                "com.docker.compose.service": "weaviate",
                "com.docker.compose.version": "2.32.4",
                "lzcapp.app-id": "cloud.lazycat.app.photo",
                "lzcapp.user-id": ""
            }
        },
        "NetworkSettings": {
            "Bridge": "",
            "SandboxID": "6dd564086daf3deb9ceb0fe180e3dc4772c0295f39c7355642ca984cc0706ff3",
            "SandboxKey": "/lzcsys/run/lzc-docker/docker/netns/6dd564086daf",
            "Ports": {},
            "HairpinMode": false,
            "LinkLocalIPv6Address": "",
            "LinkLocalIPv6PrefixLen": 0,
            "SecondaryIPAddresses": null,
            "SecondaryIPv6Addresses": null,
            "EndpointID": "",
            "Gateway": "",
            "GlobalIPv6Address": "",
            "GlobalIPv6PrefixLen": 0,
            "IPAddress": "",
            "IPPrefixLen": 0,
            "IPv6Gateway": "",
            "MacAddress": "",
            "Networks": {
                "cloudlazycatappphoto_default": {
                    "IPAMConfig": null,
                    "Links": null,
                    "Aliases": [
                        "cloudlazycatappphoto-weaviate-1",
                        "weaviate"
                    ],
                    "MacAddress": "02:42:ac:1c:04:84",
                    "DriverOpts": null,
                    "NetworkID": "8e14d19ab5a7da1650bb6dc7c50f64e53e79607fb01f967678768a4081ffc410",
                    "EndpointID": "4ea0d9994c2d57334e7826d102490b769ed41f23d7c50bbd483a34159cbaa66e",
                    "Gateway": "172.28.4.129",
                    "IPAddress": "172.28.4.132",
                    "IPPrefixLen": 26,
                    "IPv6Gateway": "fd03:1136:3800::481",
                    "GlobalIPv6Address": "fd03:1136:3800::484",
                    "GlobalIPv6PrefixLen": 122,
                    "DNSNames": [
                        "cloudlazycatappphoto-weaviate-1",
                        "weaviate",
                        "6074fa3459ab"
                    ]
                }
            }
        }
    }
]
