[
    {
        "Id": "921de5a6b269cbc8784483cdfcd8963181e44621ac5a8a59ac20f25391552559",
        "Created": "2025-11-14T15:45:38.040323562Z",
        "Path": "/lzcinit/lazycat.community.app.openlist",
        "Args": [
            "-listen",
            ":80",
            "-grpc_listen",
            ":81"
        ],
        "State": {
            "Status": "running",
            "Running": true,
            "Paused": false,
            "Restarting": false,
            "OOMKilled": false,
            "Dead": false,
            "Pid": 10010,
            "ExitCode": 0,
            "Error": "",
            "StartedAt": "2025-11-14T15:45:52.716915815Z",
            "FinishedAt": "0001-01-01T00:00:00Z",
            "Health": {
                "Status": "healthy",
                "FailingStreak": 0,
                "Log": [
                    {
                        "Start": "2025-11-16T20:43:34.759920446+08:00",
                        "End": "2025-11-16T20:43:34.853269493+08:00",
                        "ExitCode": 0,
                        "Output": ""
                    },
                    {
                        "Start": "2025-11-16T20:44:04.854482891+08:00",
                        "End": "2025-11-16T20:44:04.930760948+08:00",
                        "ExitCode": 0,
                        "Output": ""
                    },
                    {
                        "Start": "2025-11-16T20:44:34.931566129+08:00",
                        "End": "2025-11-16T20:44:35.020704824+08:00",
                        "ExitCode": 0,
                        "Output": ""
                    },
                    {
                        "Start": "2025-11-16T20:45:05.021687729+08:00",
                        "End": "2025-11-16T20:45:05.097939187+08:00",
                        "ExitCode": 0,
                        "Output": ""
                    },
                    {
                        "Start": "2025-11-16T20:45:35.098619149+08:00",
                        "End": "2025-11-16T20:45:35.159758884+08:00",
                        "ExitCode": 0,
                        "Output": ""
                    }
                ]
            }
        },
        "Image": "sha256:ba7a533c869a26d89e83bdc5ddb978df5a3502ac91452422a649d0d3cf52190b",
        "ResolvConfPath": "/lzcsys/data/system/docker/containers/921de5a6b269cbc8784483cdfcd8963181e44621ac5a8a59ac20f25391552559/resolv.conf",
        "HostnamePath": "/lzcsys/data/system/docker/containers/921de5a6b269cbc8784483cdfcd8963181e44621ac5a8a59ac20f25391552559/hostname",
        "HostsPath": "/lzcsys/data/system/docker/containers/921de5a6b269cbc8784483cdfcd8963181e44621ac5a8a59ac20f25391552559/hosts",
        "LogPath": "",
        "Name": "/lazycatcommunityappopenlist-app-1",
        "RestartCount": 0,
        "Driver": "overlay2",
        "Platform": "linux",
        "MountLabel": "",
        "ProcessLabel": "",
        "AppArmorProfile": "",
        "ExecIDs": null,
        "HostConfig": {
            "Binds": [
                "/run/lzc-sys:/lzcapp/run/sys:rw",
                "/etc/localtime:/etc/localtime:rw",
                "/lzcsys/run/app/lazycat.community.app.openlist:/lzcapp/run:rw",
                "/lzcsys/data/system/pkgm/run/lazycat.community.app.openlist/pkg/manifest.yml:/lzcapp/run/manifest.yml:rw",
                "/lzcsys/data/appvar/lazycat.community.app.openlist:/lzcapp/var:rw",
                "/usr/share/zoneinfo:/usr/share/zoneinfo:ro"
            ],
            "ContainerIDFile": "",
            "LogConfig": {
                "Type": "lzc-logging-driver",
                "Config": {
                    "max-backups": "5",
                    "max-size": "20m"
                }
            },
            "NetworkMode": "lazycatcommunityappopenlist_default",
            "PortBindings": {},
            "RestartPolicy": {
                "Name": "no",
                "MaximumRetryCount": 0
            },
            "AutoRemove": false,
            "VolumeDriver": "",
            "VolumesFrom": null,
            "ConsoleSize": [
                0,
                0
            ],
            "CapAdd": null,
            "CapDrop": null,
            "CgroupnsMode": "private",
            "Dns": [
                "172.18.0.1"
            ],
            "DnsOptions": null,
            "DnsSearch": null,
            "ExtraHosts": [],
            "GroupAdd": null,
            "IpcMode": "private",
            "Cgroup": "",
            "Links": null,
            "OomScoreAdj": 500,
            "PidMode": "",
            "Privileged": false,
            "PublishAllPorts": false,
            "ReadonlyRootfs": false,
            "SecurityOpt": null,
            "UTSMode": "",
            "UsernsMode": "",
            "ShmSize": 67108864,
            "Runtime": "runc",
            "Isolation": "",
            "CpuShares": 0,
            "Memory": 0,
            "NanoCpus": 0,
            "CgroupParent": "lzcapp-lazycat.community.app.openlist.slice",
            "BlkioWeight": 0,
            "BlkioWeightDevice": null,
            "BlkioDeviceReadBps": null,
            "BlkioDeviceWriteBps": null,
            "BlkioDeviceReadIOps": null,
            "BlkioDeviceWriteIOps": null,
            "CpuPeriod": 0,
            "CpuQuota": 0,
            "CpuRealtimePeriod": 0,
            "CpuRealtimeRuntime": 0,
            "CpusetCpus": "",
            "CpusetMems": "",
            "Devices": [
                {
                    "PathOnHost": "/dev/fuse",
                    "PathInContainer": "/dev/fuse",
                    "CgroupPermissions": "rwm"
                }
            ],
            "DeviceCgroupRules": null,
            "DeviceRequests": null,
            "MemoryReservation": 0,
            "MemorySwap": 0,
            "MemorySwappiness": null,
            "OomKillDisable": null,
            "PidsLimit": null,
            "Ulimits": null,
            "CpuCount": 0,
            "CpuPercent": 0,
            "IOMaximumIOps": 0,
            "IOMaximumBandwidth": 0,
            "Mounts": [
                {
                    "Type": "bind",
                    "Source": "/lzcsys/sspks/lzc-runtime/lzcinit",
                    "Target": "/lzcinit/lazycat.community.app.openlist",
                    "BindOptions": {}
                },
                {
                    "Type": "bind",
                    "Source": "/lzcsys/data/appcache/lazycat.community.app.openlist",
                    "Target": "/lzcapp/cache",
                    "BindOptions": {
                        "Propagation": "shared"
                    }
                },
                {
                    "Type": "bind",
                    "Source": "/etc/ssl/certs/ca-certificates.crt",
                    "Target": "/etc/ssl/certs/ca-certificates.crt",
                    "ReadOnly": true,
                    "BindOptions": {}
                },
                {
                    "Type": "bind",
                    "Source": "/lzcsys/data/system/pkgm/apps/lazycat.community.app.openlist/pkg",
                    "Target": "/lzcapp/pkg",
                    "ReadOnly": true,
                    "BindOptions": {}
                },
                {
                    "Type": "bind",
                    "Source": "/lzcsys/data/document/",
                    "Target": "/lzcapp/run/mnt/home",
                    "BindOptions": {
                        "Propagation": "slave",
                        "CreateMountpoint": true
                    }
                },
                {
                    "Type": "bind",
                    "Source": "/lzcsys/data/document/",
                    "Target": "/lzcapp/document",
                    "BindOptions": {
                        "Propagation": "slave",
                        "CreateMountpoint": true
                    }
                },
                {
                    "Type": "bind",
                    "Source": "/lzcsys/run/media",
                    "Target": "/lzcapp/run/mnt/media",
                    "BindOptions": {
                        "Propagation": "slave",
                        "CreateMountpoint": true
                    }
                },
                {
                    "Type": "bind",
                    "Source": "/lzcsys/run/media",
                    "Target": "/lzcapp/media",
                    "BindOptions": {
                        "Propagation": "slave",
                        "CreateMountpoint": true
                    }
                }
            ],
            "MaskedPaths": [
                "/proc/asound",
                "/proc/acpi",
                "/proc/kcore",
                "/proc/keys",
                "/proc/latency_stats",
                "/proc/timer_list",
                "/proc/timer_stats",
                "/proc/sched_debug",
                "/proc/scsi",
                "/sys/firmware",
                "/sys/devices/virtual/powercap"
            ],
            "ReadonlyPaths": [
                "/proc/bus",
                "/proc/fs",
                "/proc/irq",
                "/proc/sys",
                "/proc/sysrq-trigger"
            ]
        },
        "GraphDriver": {
            "Data": {
                "LowerDir": "/lzcsys/data/system/docker/overlay2/972da86214b8a3630c781a942c879c35236fc58d2852423fd55a5899a09f61f0-init/diff:/lzcsys/data/system/docker/overlay2/d316be3a5cdcca1f668738a2ac8b2542f0bd34de02e7c89cf9de224612dbb260/diff:/lzcsys/data/system/docker/overlay2/0ce49772722a9829cc56a156e1e55332fd611bc125be3cd6f733669f1cea594d/diff:/lzcsys/data/system/docker/overlay2/27bcb349dbbf2cd1767ad18e53f4ada4ad4c84832f51828f6e4d6da6237d940a/diff",
                "MergedDir": "/lzcsys/data/system/docker/overlay2/972da86214b8a3630c781a942c879c35236fc58d2852423fd55a5899a09f61f0/merged",
                "UpperDir": "/lzcsys/data/system/docker/overlay2/972da86214b8a3630c781a942c879c35236fc58d2852423fd55a5899a09f61f0/diff",
                "WorkDir": "/lzcsys/data/system/docker/overlay2/972da86214b8a3630c781a942c879c35236fc58d2852423fd55a5899a09f61f0/work"
            },
            "Name": "overlay2"
        },
        "Mounts": [
            {
                "Type": "bind",
                "Source": "/etc/localtime",
                "Destination": "/etc/localtime",
                "Mode": "rw",
                "RW": true,
                "Propagation": "rprivate"
            },
            {
                "Type": "bind",
                "Source": "/lzcsys/data/appvar/lazycat.community.app.openlist",
                "Destination": "/lzcapp/var",
                "Mode": "rw",
                "RW": true,
                "Propagation": "rprivate"
            },
            {
                "Type": "bind",
                "Source": "/lzcsys/data/system/pkgm/apps/lazycat.community.app.openlist/pkg",
                "Destination": "/lzcapp/pkg",
                "Mode": "",
                "RW": false,
                "Propagation": "rprivate"
            },
            {
                "Type": "bind",
                "Source": "/lzcsys/run/media",
                "Destination": "/lzcapp/run/mnt/media",
                "Mode": "",
                "RW": true,
                "Propagation": "slave"
            },
            {
                "Type": "bind",
                "Source": "/lzcsys/run/media",
                "Destination": "/lzcapp/media",
                "Mode": "",
                "RW": true,
                "Propagation": "slave"
            },
            {
                "Type": "bind",
                "Source": "/run/lzc-sys",
                "Destination": "/lzcapp/run/sys",
                "Mode": "rw",
                "RW": true,
                "Propagation": "rprivate"
            },
            {
                "Type": "bind",
                "Source": "/lzcsys/data/system/pkgm/run/lazycat.community.app.openlist/pkg/manifest.yml",
                "Destination": "/lzcapp/run/manifest.yml",
                "Mode": "rw",
                "RW": true,
                "Propagation": "rprivate"
            },
            {
                "Type": "bind",
                "Source": "/lzcsys/sspks/lzc-runtime/lzcinit",
                "Destination": "/lzcinit/lazycat.community.app.openlist",
                "Mode": "",
                "RW": true,
                "Propagation": "rprivate"
            },
            {
                "Type": "bind",
                "Source": "/etc/ssl/certs/ca-certificates.crt",
                "Destination": "/etc/ssl/certs/ca-certificates.crt",
                "Mode": "",
                "RW": false,
                "Propagation": "rprivate"
            },
            {
                "Type": "bind",
                "Source": "/lzcsys/run/app/lazycat.community.app.openlist",
                "Destination": "/lzcapp/run",
                "Mode": "rw",
                "RW": true,
                "Propagation": "rprivate"
            },
            {
                "Type": "bind",
                "Source": "/usr/share/zoneinfo",
                "Destination": "/usr/share/zoneinfo",
                "Mode": "ro",
                "RW": false,
                "Propagation": "rprivate"
            },
            {
                "Type": "bind",
                "Source": "/lzcsys/data/appcache/lazycat.community.app.openlist",
                "Destination": "/lzcapp/cache",
                "Mode": "",
                "RW": true,
                "Propagation": "shared"
            },
            {
                "Type": "bind",
                "Source": "/lzcsys/data/document",
                "Destination": "/lzcapp/run/mnt/home",
                "Mode": "",
                "RW": true,
                "Propagation": "slave"
            },
            {
                "Type": "bind",
                "Source": "/lzcsys/data/document",
                "Destination": "/lzcapp/document",
                "Mode": "",
                "RW": true,
                "Propagation": "slave"
            }
        ],
        "Config": {
            "Hostname": "921de5a6b269",
            "Domainname": "",
            "User": "",
            "AttachStdin": false,
            "AttachStdout": true,
            "AttachStderr": true,
            "Tty": false,
            "OpenStdin": false,
            "StdinOnce": false,
            "Env": [
                "LAZYCAT_USER_ID=",
                "LZCAPP_API_GATEWAY_ADDRESS=app.lazycat.community.app.openlist.lzcapp:81",
                "LAZYCAT_APP_DEPLOY_UID=",
                "LAZYCAT_APP_DOMAIN=openlist.axy.heiyu.space",
                "LAZYCAT_APP_ID=lazycat.community.app.openlist",
                "LAZYCAT_APP_SERVICE_NAME=app",
                "LAZYCAT_BOX_DOMAIN=axy.heiyu.space",
                "LAZYCAT_BOX_NAME=axy",
                "PATH=/usr/local/sbin:/usr/local/bin:/usr/sbin:/usr/bin:/sbin:/bin"
            ],
            "Cmd": [
                "/lzcinit/lazycat.community.app.openlist",
                "-listen",
                ":80",
                "-grpc_listen",
                ":81"
            ],
            "Healthcheck": {
                "Test": [
                    "CMD",
                    "/lzcinit/lazycat.community.app.openlist",
                    "-healthcheck"
                ],
                "StartPeriod": 300000000000,
                "StartInterval": 1000000000
            },
            "Image": "registry.lazycat.cloud/lzc/lzcapp:3.20.3",
            "Volumes": null,
            "WorkingDir": "/",
            "Entrypoint": null,
            "OnBuild": null,
            "Labels": {
                "com.docker.compose.config-hash": "b52c75844397a21832601bb4f49792dc77518121a160db35293136ea2c9f31bd",
                "com.docker.compose.container-number": "1",
                "com.docker.compose.depends_on": "",
                "com.docker.compose.image": "sha256:ba7a533c869a26d89e83bdc5ddb978df5a3502ac91452422a649d0d3cf52190b",
                "com.docker.compose.oneoff": "False",
                "com.docker.compose.project": "lazycatcommunityappopenlist",
                "com.docker.compose.project.config_files": "/lzcsys/data/system/pkgm/run/lazycat.community.app.openlist/docker-compose.yml",
                "com.docker.compose.project.working_dir": "/lzcsys/data/system/pkgm/run/lazycat.community.app.openlist",
                "com.docker.compose.service": "app",
                "com.docker.compose.version": "2.32.4",
                "lzcapp.app-id": "lazycat.community.app.openlist",
                "lzcapp.user-id": ""
            }
        },
        "NetworkSettings": {
            "Bridge": "",
            "SandboxID": "c4a28dbde44da0459c78c1da1656f465a8db5c1155e14d11fd26ea90dd164491",
            "SandboxKey": "/lzcsys/run/lzc-docker/docker/netns/c4a28dbde44d",
            "Ports": {},
            "HairpinMode": false,
            "LinkLocalIPv6Address": "",
            "LinkLocalIPv6PrefixLen": 0,
            "SecondaryIPAddresses": null,
            "SecondaryIPv6Addresses": null,
            "EndpointID": "",
            "Gateway": "",
            "GlobalIPv6Address": "",
            "GlobalIPv6PrefixLen": 0,
            "IPAddress": "",
            "IPPrefixLen": 0,
            "IPv6Gateway": "",
            "MacAddress": "",
            "Networks": {
                "lazycatcommunityappopenlist_default": {
                    "IPAMConfig": null,
                    "Links": null,
                    "Aliases": [
                        "lazycatcommunityappopenlist-app-1",
                        "app"
                    ],
                    "MacAddress": "02:42:ac:1c:01:02",
                    "DriverOpts": null,
                    "NetworkID": "d9b3f18de934145bbe520936f22ed18222427f537974b916ed737d51347dfd5e",
                    "EndpointID": "bb7bf234954c5ff140903b712e9bba06ca3b48ce2ae56b5dcfab99bc85f0bef5",
                    "Gateway": "172.28.1.1",
                    "IPAddress": "172.28.1.2",
                    "IPPrefixLen": 26,
                    "IPv6Gateway": "fd03:1136:3800::101",
                    "GlobalIPv6Address": "fd03:1136:3800::102",
                    "GlobalIPv6PrefixLen": 122,
                    "DNSNames": [
                        "lazycatcommunityappopenlist-app-1",
                        "app",
                        "921de5a6b269"
                    ]
                }
            }
        }
    }
]
