[
    {
        "Id": "c614148b5c2d42261e173ed3103c02e7f9faad104cd040f9b316452f6095b8cb",
        "Created": "2025-11-16T04:59:00.347544311Z",
        "Path": "gunicorn",
        "Args": [
            "-w",
            "4",
            "-b",
            "0.0.0.0:5000",
            "app:app"
        ],
        "State": {
            "Status": "running",
            "Running": true,
            "Paused": false,
            "Restarting": false,
            "OOMKilled": false,
            "Dead": false,
            "Pid": 3415783,
            "ExitCode": 0,
            "Error": "",
            "StartedAt": "2025-11-16T04:59:12.657417725Z",
            "FinishedAt": "0001-01-01T00:00:00Z"
        },
        "Image": "sha256:c7cdc8f0e4087da0178d2dc4fe235ffdbe5ac1b772553f18fe01b2d874d6a2e0",
        "ResolvConfPath": "/lzcsys/data/system/docker/containers/c614148b5c2d42261e173ed3103c02e7f9faad104cd040f9b316452f6095b8cb/resolv.conf",
        "HostnamePath": "/lzcsys/data/system/docker/containers/c614148b5c2d42261e173ed3103c02e7f9faad104cd040f9b316452f6095b8cb/hostname",
        "HostsPath": "/lzcsys/data/system/docker/containers/c614148b5c2d42261e173ed3103c02e7f9faad104cd040f9b316452f6095b8cb/hosts",
        "LogPath": "",
        "Name": "/cloudlazycataipodrag-backend_jieba-1",
        "RestartCount": 0,
        "Driver": "overlay2",
        "Platform": "linux",
        "MountLabel": "",
        "ProcessLabel": "",
        "AppArmorProfile": "",
        "ExecIDs": null,
        "HostConfig": {
            "Binds": [
                "/lzcsys/run/app/cloud.lazycat.aipod.rag:/lzcapp/run:rw",
                "/lzcsys/data/appvar/cloud.lazycat.aipod.rag:/lzcapp/var:rw",
                "/lzcsys/data/system/pkgm/run/cloud.lazycat.aipod.rag/pkg/manifest.yml:/lzcapp/run/manifest.yml:rw",
                "/usr/share/zoneinfo:/usr/share/zoneinfo:ro",
                "/run/lzc-sys:/lzcapp/run/sys:rw",
                "/etc/localtime:/etc/localtime:rw"
            ],
            "ContainerIDFile": "",
            "LogConfig": {
                "Type": "lzc-logging-driver",
                "Config": {
                    "max-backups": "5",
                    "max-size": "20m"
                }
            },
            "NetworkMode": "cloudlazycataipodrag_default",
            "PortBindings": {},
            "RestartPolicy": {
                "Name": "no",
                "MaximumRetryCount": 0
            },
            "AutoRemove": false,
            "VolumeDriver": "",
            "VolumesFrom": null,
            "ConsoleSize": [
                0,
                0
            ],
            "CapAdd": [
                "SYS_ADMIN"
            ],
            "CapDrop": null,
            "CgroupnsMode": "private",
            "Dns": [
                "172.18.0.1"
            ],
            "DnsOptions": null,
            "DnsSearch": null,
            "ExtraHosts": [],
            "GroupAdd": null,
            "IpcMode": "private",
            "Cgroup": "",
            "Links": null,
            "OomScoreAdj": 500,
            "PidMode": "",
            "Privileged": false,
            "PublishAllPorts": false,
            "ReadonlyRootfs": false,
            "SecurityOpt": null,
            "UTSMode": "",
            "UsernsMode": "",
            "ShmSize": 67108864,
            "Runtime": "runc",
            "Isolation": "",
            "CpuShares": 0,
            "Memory": 0,
            "NanoCpus": 0,
            "CgroupParent": "lzcapp-cloud.lazycat.aipod.rag.slice",
            "BlkioWeight": 0,
            "BlkioWeightDevice": null,
            "BlkioDeviceReadBps": null,
            "BlkioDeviceWriteBps": null,
            "BlkioDeviceReadIOps": null,
            "BlkioDeviceWriteIOps": null,
            "CpuPeriod": 0,
            "CpuQuota": 0,
            "CpuRealtimePeriod": 0,
            "CpuRealtimeRuntime": 0,
            "CpusetCpus": "",
            "CpusetMems": "",
            "Devices": [
                {
                    "PathOnHost": "/dev/fuse",
                    "PathInContainer": "/dev/fuse",
                    "CgroupPermissions": "rwm"
                },
                {
                    "PathOnHost": "/dev/dri",
                    "PathInContainer": "/dev/dri",
                    "CgroupPermissions": "rwm"
                }
            ],
            "DeviceCgroupRules": null,
            "DeviceRequests": null,
            "MemoryReservation": 0,
            "MemorySwap": 0,
            "MemorySwappiness": null,
            "OomKillDisable": null,
            "PidsLimit": null,
            "Ulimits": null,
            "CpuCount": 0,
            "CpuPercent": 0,
            "IOMaximumIOps": 0,
            "IOMaximumBandwidth": 0,
            "Mounts": [
                {
                    "Type": "bind",
                    "Source": "/lzcsys/run/media",
                    "Target": "/lzcapp/run/mnt/media",
                    "BindOptions": {
                        "Propagation": "shared",
                        "CreateMountpoint": true
                    }
                },
                {
                    "Type": "bind",
                    "Source": "/lzcsys/sspks/lzc-runtime/lzcinit",
                    "Target": "/lzcinit/cloud.lazycat.aipod.rag",
                    "BindOptions": {}
                },
                {
                    "Type": "bind",
                    "Source": "/lzcsys/data/appcache/cloud.lazycat.aipod.rag",
                    "Target": "/lzcapp/cache",
                    "BindOptions": {
                        "Propagation": "shared"
                    }
                },
                {
                    "Type": "bind",
                    "Source": "/lzcsys/data/document/",
                    "Target": "/lzcapp/document",
                    "BindOptions": {
                        "Propagation": "slave",
                        "CreateMountpoint": true
                    }
                },
                {
                    "Type": "bind",
                    "Source": "/etc/ssl/certs/ca-certificates.crt",
                    "Target": "/etc/ssl/certs/ca-certificates.crt",
                    "ReadOnly": true,
                    "BindOptions": {}
                },
                {
                    "Type": "bind",
                    "Source": "/lzcsys/run/media",
                    "Target": "/lzcapp/media",
                    "BindOptions": {
                        "Propagation": "shared",
                        "CreateMountpoint": true
                    }
                },
                {
                    "Type": "bind",
                    "Source": "/lzcsys/data/system/pkgm/apps/cloud.lazycat.aipod.rag/pkg",
                    "Target": "/lzcapp/pkg",
                    "ReadOnly": true,
                    "BindOptions": {}
                },
                {
                    "Type": "bind",
                    "Source": "/lzcsys/data/document/",
                    "Target": "/lzcapp/run/mnt/home",
                    "BindOptions": {
                        "Propagation": "slave",
                        "CreateMountpoint": true
                    }
                }
            ],
            "MaskedPaths": [
                "/proc/asound",
                "/proc/acpi",
                "/proc/kcore",
                "/proc/keys",
                "/proc/latency_stats",
                "/proc/timer_list",
                "/proc/timer_stats",
                "/proc/sched_debug",
                "/proc/scsi",
                "/sys/firmware",
                "/sys/devices/virtual/powercap"
            ],
            "ReadonlyPaths": [
                "/proc/bus",
                "/proc/fs",
                "/proc/irq",
                "/proc/sys",
                "/proc/sysrq-trigger"
            ],
            "Init": false
        },
        "GraphDriver": {
            "Data": {
                "LowerDir": "/lzcsys/data/system/docker/overlay2/58fed0cce2912edbbe9d65298e3efba1704c5c9ed85d3eeb26df21f7d14d0070-init/diff:/lzcsys/data/system/docker/overlay2/c12f15b7447e6ce9547f67a3ae99eac37401290fccec28afa01560a498ad26d1/diff:/lzcsys/data/system/docker/overlay2/29493a48f932278f83af56faf58e000c1fa1e55ec2767370d0a4cf1744e93c20/diff:/lzcsys/data/system/docker/overlay2/3ef4c5404f029dab3f59add4c9fc1cc5c3215e98da3f3a0c7144562f2c9bcc6c/diff:/lzcsys/data/system/docker/overlay2/01b3d2aeae6db20f69a6c83c92ae0db230810ee43a79263f1dad3c1134a3abf8/diff:/lzcsys/data/system/docker/overlay2/871f11a5be8bab070b463225023f4f104b90a8c6a809cfaa29147e065c09131a/diff:/lzcsys/data/system/docker/overlay2/6444143b808202cb7d365a5db73720a84bdb7bb7a29b72ac309e0100ece50623/diff:/lzcsys/data/system/docker/overlay2/b958018daa9e4808f8f01e80b0201b44e2cd013ad454e82cb0591a8c290d63de/diff:/lzcsys/data/system/docker/overlay2/f57b020494305fcc157133a4dfe71668c1c7231f828b995fca757e045525f025/diff:/lzcsys/data/system/docker/overlay2/f656af1e12209769f32d434888fdf71887cc5fb3e4c5b80d7b8096dbb53bd75e/diff:/lzcsys/data/system/docker/overlay2/b03609f111a61cf2dd8b37e1c67eff9c4c78d842db431ce6eb8650c93218e845/diff:/lzcsys/data/system/docker/overlay2/68f1911b78803e1835d7422a24e3883e9ed59183191080c3d85cb869e31ec427/diff",
                "MergedDir": "/lzcsys/data/system/docker/overlay2/58fed0cce2912edbbe9d65298e3efba1704c5c9ed85d3eeb26df21f7d14d0070/merged",
                "UpperDir": "/lzcsys/data/system/docker/overlay2/58fed0cce2912edbbe9d65298e3efba1704c5c9ed85d3eeb26df21f7d14d0070/diff",
                "WorkDir": "/lzcsys/data/system/docker/overlay2/58fed0cce2912edbbe9d65298e3efba1704c5c9ed85d3eeb26df21f7d14d0070/work"
            },
            "Name": "overlay2"
        },
        "Mounts": [
            {
                "Type": "bind",
                "Source": "/lzcsys/data/document",
                "Destination": "/lzcapp/run/mnt/home",
                "Mode": "",
                "RW": true,
                "Propagation": "slave"
            },
            {
                "Type": "bind",
                "Source": "/lzcsys/run/app/cloud.lazycat.aipod.rag",
                "Destination": "/lzcapp/run",
                "Mode": "rw",
                "RW": true,
                "Propagation": "rprivate"
            },
            {
                "Type": "bind",
                "Source": "/lzcsys/data/system/pkgm/run/cloud.lazycat.aipod.rag/pkg/manifest.yml",
                "Destination": "/lzcapp/run/manifest.yml",
                "Mode": "rw",
                "RW": true,
                "Propagation": "rprivate"
            },
            {
                "Type": "bind",
                "Source": "/lzcsys/run/media",
                "Destination": "/lzcapp/run/mnt/media",
                "Mode": "",
                "RW": true,
                "Propagation": "shared"
            },
            {
                "Type": "bind",
                "Source": "/lzcsys/data/document",
                "Destination": "/lzcapp/document",
                "Mode": "",
                "RW": true,
                "Propagation": "slave"
            },
            {
                "Type": "bind",
                "Source": "/lzcsys/data/system/pkgm/apps/cloud.lazycat.aipod.rag/pkg",
                "Destination": "/lzcapp/pkg",
                "Mode": "",
                "RW": false,
                "Propagation": "rprivate"
            },
            {
                "Type": "bind",
                "Source": "/lzcsys/data/appvar/cloud.lazycat.aipod.rag",
                "Destination": "/lzcapp/var",
                "Mode": "rw",
                "RW": true,
                "Propagation": "rprivate"
            },
            {
                "Type": "bind",
                "Source": "/usr/share/zoneinfo",
                "Destination": "/usr/share/zoneinfo",
                "Mode": "ro",
                "RW": false,
                "Propagation": "rprivate"
            },
            {
                "Type": "bind",
                "Source": "/lzcsys/sspks/lzc-runtime/lzcinit",
                "Destination": "/lzcinit/cloud.lazycat.aipod.rag",
                "Mode": "",
                "RW": true,
                "Propagation": "rprivate"
            },
            {
                "Type": "bind",
                "Source": "/run/lzc-sys",
                "Destination": "/lzcapp/run/sys",
                "Mode": "rw",
                "RW": true,
                "Propagation": "rprivate"
            },
            {
                "Type": "bind",
                "Source": "/etc/localtime",
                "Destination": "/etc/localtime",
                "Mode": "rw",
                "RW": true,
                "Propagation": "rprivate"
            },
            {
                "Type": "bind",
                "Source": "/etc/ssl/certs/ca-certificates.crt",
                "Destination": "/etc/ssl/certs/ca-certificates.crt",
                "Mode": "",
                "RW": false,
                "Propagation": "rprivate"
            },
            {
                "Type": "bind",
                "Source": "/lzcsys/data/appcache/cloud.lazycat.aipod.rag",
                "Destination": "/lzcapp/cache",
                "Mode": "",
                "RW": true,
                "Propagation": "shared"
            },
            {
                "Type": "bind",
                "Source": "/lzcsys/run/media",
                "Destination": "/lzcapp/media",
                "Mode": "",
                "RW": true,
                "Propagation": "shared"
            }
        ],
        "Config": {
            "Hostname": "c614148b5c2d",
            "Domainname": "",
            "User": "",
            "AttachStdin": false,
            "AttachStdout": true,
            "AttachStderr": true,
            "Tty": false,
            "OpenStdin": false,
            "StdinOnce": false,
            "Env": [
                "LZCAPP_API_GATEWAY_ADDRESS=app.cloud.lazycat.aipod.rag.lzcapp:81",
                "LAZYCAT_APP_DEPLOY_UID=",
                "LAZYCAT_APP_DOMAIN=rag.axy.heiyu.space",
                "LAZYCAT_APP_ID=cloud.lazycat.aipod.rag",
                "LAZYCAT_APP_SERVICE_NAME=backend_jieba",
                "LAZYCAT_BOX_DOMAIN=axy.heiyu.space",
                "LAZYCAT_BOX_NAME=axy",
                "LAZYCAT_USER_ID=",
                "PATH=/usr/local/bin:/usr/local/sbin:/usr/local/bin:/usr/sbin:/usr/bin:/sbin:/bin",
                "LANG=C.UTF-8",
                "GPG_KEY=7169605F62C751356D054A26A821E680E5FA6305",
                "PYTHON_VERSION=3.12.10",
                "PYTHON_SHA256=07ab697474595e06f06647417d3c7fa97ded07afc1a7e4454c5639919b46eaea"
            ],
            "Cmd": [
                "gunicorn",
                "-w",
                "4",
                "-b",
                "0.0.0.0:5000",
                "app:app"
            ],
            "Image": "registry.lazycat.cloud/catdogai/jieba:0.42.1-403da521",
            "Volumes": null,
            "WorkingDir": "/app",
            "Entrypoint": null,
            "OnBuild": null,
            "Labels": {
                "com.docker.compose.config-hash": "562298bccd9494d83ee2e2157ec4155736cb2846d66e738183d6583a279794ff",
                "com.docker.compose.container-number": "1",
                "com.docker.compose.depends_on": "",
                "com.docker.compose.image": "sha256:c7cdc8f0e4087da0178d2dc4fe235ffdbe5ac1b772553f18fe01b2d874d6a2e0",
                "com.docker.compose.oneoff": "False",
                "com.docker.compose.project": "cloudlazycataipodrag",
                "com.docker.compose.project.config_files": "/lzcsys/data/system/pkgm/run/cloud.lazycat.aipod.rag/docker-compose.yml",
                "com.docker.compose.project.working_dir": "/lzcsys/data/system/pkgm/run/cloud.lazycat.aipod.rag",
                "com.docker.compose.service": "backend_jieba",
                "com.docker.compose.version": "2.32.4",
                "lzcapp.app-id": "cloud.lazycat.aipod.rag",
                "lzcapp.user-id": ""
            }
        },
        "NetworkSettings": {
            "Bridge": "",
            "SandboxID": "10aeff91a564c8eb8c0c6b13f58e126b02dc94ddf39a7b3df619739ddee7e5d5",
            "SandboxKey": "/lzcsys/run/lzc-docker/docker/netns/10aeff91a564",
            "Ports": {},
            "HairpinMode": false,
            "LinkLocalIPv6Address": "",
            "LinkLocalIPv6PrefixLen": 0,
            "SecondaryIPAddresses": null,
            "SecondaryIPv6Addresses": null,
            "EndpointID": "",
            "Gateway": "",
            "GlobalIPv6Address": "",
            "GlobalIPv6PrefixLen": 0,
            "IPAddress": "",
            "IPPrefixLen": 0,
            "IPv6Gateway": "",
            "MacAddress": "",
            "Networks": {
                "cloudlazycataipodrag_default": {
                    "IPAMConfig": null,
                    "Links": null,
                    "Aliases": [
                        "cloudlazycataipodrag-backend_jieba-1",
                        "backend_jieba"
                    ],
                    "MacAddress": "02:42:ac:1c:04:47",
                    "DriverOpts": null,
                    "NetworkID": "89e6ebcad0a5e2c0c75bc52ed8a8e85faf3c32ca872dad2cfe57c2ee34ed09f0",
                    "EndpointID": "3dd678771ac17594e65850ecbbfde53c6a6c0c347a3e95c95501e0b8d317980b",
                    "Gateway": "172.28.4.65",
                    "IPAddress": "172.28.4.71",
                    "IPPrefixLen": 26,
                    "IPv6Gateway": "fd03:1136:3800::441",
                    "GlobalIPv6Address": "fd03:1136:3800::447",
                    "GlobalIPv6PrefixLen": 122,
                    "DNSNames": [
                        "cloudlazycataipodrag-backend_jieba-1",
                        "backend_jieba",
                        "c614148b5c2d"
                    ]
                }
            }
        }
    }
]
