[
    {
        "Id": "ac3482f35b35a795c8fea00acad2d86a7e936b1c7bf7c1b32787504952195180",
        "Created": "2025-11-16T09:14:17.279010781Z",
        "Path": "/dozzle",
        "Args": [],
        "State": {
            "Status": "running",
            "Running": true,
            "Paused": false,
            "Restarting": false,
            "OOMKilled": false,
            "Dead": false,
            "Pid": 2316258,
            "ExitCode": 0,
            "Error": "",
            "StartedAt": "2025-11-16T09:14:22.176820405Z",
            "FinishedAt": "0001-01-01T00:00:00Z"
        },
        "Image": "sha256:0569a06814fe06d757bbff5db6e731bbce831cc6d5694c29eaabd9408830e6e1",
        "ResolvConfPath": "/lzcsys/data/system/docker/containers/ac3482f35b35a795c8fea00acad2d86a7e936b1c7bf7c1b32787504952195180/resolv.conf",
        "HostnamePath": "/lzcsys/data/system/docker/containers/ac3482f35b35a795c8fea00acad2d86a7e936b1c7bf7c1b32787504952195180/hostname",
        "HostsPath": "/lzcsys/data/system/docker/containers/ac3482f35b35a795c8fea00acad2d86a7e936b1c7bf7c1b32787504952195180/hosts",
        "LogPath": "",
        "Name": "/cloudlazycatdevelopertools-dozzle-1",
        "RestartCount": 0,
        "Driver": "overlay2",
        "Platform": "linux",
        "MountLabel": "",
        "ProcessLabel": "",
        "AppArmorProfile": "",
        "ExecIDs": null,
        "HostConfig": {
            "Binds": [
                "/lzcsys/run/app/cloud.lazycat.developer.tools:/lzcapp/run:rw",
                "/usr/share/zoneinfo:/usr/share/zoneinfo:ro",
                "/run/lzc-sys:/lzcapp/run/sys:rw",
                "/lzcsys/data/system/pkgm/run/cloud.lazycat.developer.tools/pkg/manifest.yml:/lzcapp/run/manifest.yml:rw",
                "/etc/localtime:/etc/localtime:rw",
                "/lzcsys/data/appvar/cloud.lazycat.developer.tools:/lzcapp/var:rw"
            ],
            "ContainerIDFile": "",
            "LogConfig": {
                "Type": "lzc-logging-driver",
                "Config": {
                    "max-backups": "5",
                    "max-size": "20m"
                }
            },
            "NetworkMode": "cloudlazycatdevelopertools_default",
            "PortBindings": {},
            "RestartPolicy": {
                "Name": "no",
                "MaximumRetryCount": 0
            },
            "AutoRemove": false,
            "VolumeDriver": "",
            "VolumesFrom": null,
            "ConsoleSize": [
                0,
                0
            ],
            "CapAdd": [
                "SYS_ADMIN"
            ],
            "CapDrop": null,
            "CgroupnsMode": "private",
            "Dns": [
                "172.18.0.1"
            ],
            "DnsOptions": null,
            "DnsSearch": null,
            "ExtraHosts": [],
            "GroupAdd": null,
            "IpcMode": "private",
            "Cgroup": "",
            "Links": null,
            "OomScoreAdj": 500,
            "PidMode": "",
            "Privileged": false,
            "PublishAllPorts": false,
            "ReadonlyRootfs": false,
            "SecurityOpt": null,
            "UTSMode": "",
            "UsernsMode": "",
            "ShmSize": 67108864,
            "Runtime": "runc",
            "Isolation": "",
            "CpuShares": 0,
            "Memory": 0,
            "NanoCpus": 0,
            "CgroupParent": "lzcapp-cloud.lazycat.developer.tools.slice",
            "BlkioWeight": 0,
            "BlkioWeightDevice": null,
            "BlkioDeviceReadBps": null,
            "BlkioDeviceWriteBps": null,
            "BlkioDeviceReadIOps": null,
            "BlkioDeviceWriteIOps": null,
            "CpuPeriod": 0,
            "CpuQuota": 0,
            "CpuRealtimePeriod": 0,
            "CpuRealtimeRuntime": 0,
            "CpusetCpus": "",
            "CpusetMems": "",
            "Devices": [
                {
                    "PathOnHost": "/dev/fuse",
                    "PathInContainer": "/dev/fuse",
                    "CgroupPermissions": "rwm"
                }
            ],
            "DeviceCgroupRules": null,
            "DeviceRequests": null,
            "MemoryReservation": 0,
            "MemorySwap": 0,
            "MemorySwappiness": null,
            "OomKillDisable": null,
            "PidsLimit": null,
            "Ulimits": null,
            "CpuCount": 0,
            "CpuPercent": 0,
            "IOMaximumIOps": 0,
            "IOMaximumBandwidth": 0,
            "Mounts": [
                {
                    "Type": "bind",
                    "Source": "/lzcsys/data/system/pkgm/apps/cloud.lazycat.developer.tools/pkg",
                    "Target": "/lzcapp/pkg",
                    "ReadOnly": true,
                    "BindOptions": {}
                },
                {
                    "Type": "bind",
                    "Source": "/lzcsys/data/appcache/cloud.lazycat.developer.tools",
                    "Target": "/lzcapp/cache",
                    "BindOptions": {
                        "Propagation": "shared"
                    }
                },
                {
                    "Type": "bind",
                    "Source": "/lzcsys/data/document/",
                    "Target": "/lzcapp/run/mnt/home",
                    "BindOptions": {
                        "Propagation": "slave",
                        "CreateMountpoint": true
                    }
                },
                {
                    "Type": "bind",
                    "Source": "/lzcsys/sspks/lzc-runtime/lzcinit",
                    "Target": "/lzcinit/cloud.lazycat.developer.tools",
                    "BindOptions": {}
                },
                {
                    "Type": "bind",
                    "Source": "/lzcsys/data/document/",
                    "Target": "/lzcapp/document",
                    "BindOptions": {
                        "Propagation": "slave",
                        "CreateMountpoint": true
                    }
                },
                {
                    "Type": "bind",
                    "Source": "/lzcsys/data/system/pkgm/apps/",
                    "Target": "/lzcapp/run/lzc-docker/compose",
                    "BindOptions": {
                        "Propagation": "slave",
                        "CreateMountpoint": true
                    }
                },
                {
                    "Type": "bind",
                    "Source": "/etc/ssl/certs/ca-certificates.crt",
                    "Target": "/etc/ssl/certs/ca-certificates.crt",
                    "ReadOnly": true,
                    "BindOptions": {}
                },
                {
                    "Type": "bind",
                    "Source": "/lzcsys/run/lzc-docker",
                    "Target": "/lzcapp/run/lzc-docker",
                    "BindOptions": {
                        "Propagation": "slave",
                        "CreateMountpoint": true
                    }
                },
                {
                    "Type": "bind",
                    "Source": "/lzcsys/data/appvar/",
                    "Target": "/lzcapp/run/data/app/var",
                    "BindOptions": {
                        "Propagation": "slave",
                        "CreateMountpoint": true
                    }
                },
                {
                    "Type": "bind",
                    "Source": "/lzcsys/data/appcache/",
                    "Target": "/lzcapp/run/data/app/cache",
                    "BindOptions": {
                        "Propagation": "slave",
                        "CreateMountpoint": true
                    }
                }
            ],
            "MaskedPaths": [
                "/proc/asound",
                "/proc/acpi",
                "/proc/kcore",
                "/proc/keys",
                "/proc/latency_stats",
                "/proc/timer_list",
                "/proc/timer_stats",
                "/proc/sched_debug",
                "/proc/scsi",
                "/sys/firmware",
                "/sys/devices/virtual/powercap"
            ],
            "ReadonlyPaths": [
                "/proc/bus",
                "/proc/fs",
                "/proc/irq",
                "/proc/sys",
                "/proc/sysrq-trigger"
            ],
            "Init": false
        },
        "GraphDriver": {
            "Data": {
                "LowerDir": "/lzcsys/data/system/docker/overlay2/e4cdf205a32f5ecc8598fcf963d5ecbf88ab69ffaf9efcb53e2fab337ea86715-init/diff:/lzcsys/data/system/docker/overlay2/6ce817244ceef3b5877dfc77a43ea0d5de8d7373227b08b9f66354ba8d218288/diff:/lzcsys/data/system/docker/overlay2/2b841953e4ffe78beed557bf96bda5d17efd1f430ca438902df89b88cd66b73b/diff:/lzcsys/data/system/docker/overlay2/a78600a173fbff155d88e7743f408d68c57084ee6fd28c120172a6d2cf7bf109/diff",
                "MergedDir": "/lzcsys/data/system/docker/overlay2/e4cdf205a32f5ecc8598fcf963d5ecbf88ab69ffaf9efcb53e2fab337ea86715/merged",
                "UpperDir": "/lzcsys/data/system/docker/overlay2/e4cdf205a32f5ecc8598fcf963d5ecbf88ab69ffaf9efcb53e2fab337ea86715/diff",
                "WorkDir": "/lzcsys/data/system/docker/overlay2/e4cdf205a32f5ecc8598fcf963d5ecbf88ab69ffaf9efcb53e2fab337ea86715/work"
            },
            "Name": "overlay2"
        },
        "Mounts": [
            {
                "Type": "bind",
                "Source": "/lzcsys/data/document",
                "Destination": "/lzcapp/run/mnt/home",
                "Mode": "",
                "RW": true,
                "Propagation": "slave"
            },
            {
                "Type": "bind",
                "Source": "/etc/ssl/certs/ca-certificates.crt",
                "Destination": "/etc/ssl/certs/ca-certificates.crt",
                "Mode": "",
                "RW": false,
                "Propagation": "rprivate"
            },
            {
                "Type": "bind",
                "Source": "/lzcsys/run/lzc-docker",
                "Destination": "/lzcapp/run/lzc-docker",
                "Mode": "",
                "RW": true,
                "Propagation": "slave"
            },
            {
                "Type": "bind",
                "Source": "/lzcsys/data/appvar",
                "Destination": "/lzcapp/run/data/app/var",
                "Mode": "",
                "RW": true,
                "Propagation": "slave"
            },
            {
                "Type": "bind",
                "Source": "/lzcsys/data/appcache",
                "Destination": "/lzcapp/run/data/app/cache",
                "Mode": "",
                "RW": true,
                "Propagation": "slave"
            },
            {
                "Type": "bind",
                "Source": "/lzcsys/run/app/cloud.lazycat.developer.tools",
                "Destination": "/lzcapp/run",
                "Mode": "rw",
                "RW": true,
                "Propagation": "rprivate"
            },
            {
                "Type": "bind",
                "Source": "/lzcsys/data/appvar/cloud.lazycat.developer.tools",
                "Destination": "/lzcapp/var",
                "Mode": "rw",
                "RW": true,
                "Propagation": "rprivate"
            },
            {
                "Type": "bind",
                "Source": "/lzcsys/data/appcache/cloud.lazycat.developer.tools",
                "Destination": "/lzcapp/cache",
                "Mode": "",
                "RW": true,
                "Propagation": "shared"
            },
            {
                "Type": "bind",
                "Source": "/run/lzc-sys",
                "Destination": "/lzcapp/run/sys",
                "Mode": "rw",
                "RW": true,
                "Propagation": "rprivate"
            },
            {
                "Type": "bind",
                "Source": "/lzcsys/data/system/pkgm/apps",
                "Destination": "/lzcapp/run/lzc-docker/compose",
                "Mode": "",
                "RW": true,
                "Propagation": "slave"
            },
            {
                "Type": "bind",
                "Source": "/etc/localtime",
                "Destination": "/etc/localtime",
                "Mode": "rw",
                "RW": true,
                "Propagation": "rprivate"
            },
            {
                "Type": "bind",
                "Source": "/lzcsys/data/system/pkgm/apps/cloud.lazycat.developer.tools/pkg",
                "Destination": "/lzcapp/pkg",
                "Mode": "",
                "RW": false,
                "Propagation": "rprivate"
            },
            {
                "Type": "bind",
                "Source": "/lzcsys/data/document",
                "Destination": "/lzcapp/document",
                "Mode": "",
                "RW": true,
                "Propagation": "slave"
            },
            {
                "Type": "bind",
                "Source": "/usr/share/zoneinfo",
                "Destination": "/usr/share/zoneinfo",
                "Mode": "ro",
                "RW": false,
                "Propagation": "rprivate"
            },
            {
                "Type": "bind",
                "Source": "/lzcsys/data/system/pkgm/run/cloud.lazycat.developer.tools/pkg/manifest.yml",
                "Destination": "/lzcapp/run/manifest.yml",
                "Mode": "rw",
                "RW": true,
                "Propagation": "rprivate"
            },
            {
                "Type": "bind",
                "Source": "/lzcsys/sspks/lzc-runtime/lzcinit",
                "Destination": "/lzcinit/cloud.lazycat.developer.tools",
                "Mode": "",
                "RW": true,
                "Propagation": "rprivate"
            }
        ],
        "Config": {
            "Hostname": "ac3482f35b35",
            "Domainname": "",
            "User": "",
            "AttachStdin": false,
            "AttachStdout": true,
            "AttachStderr": true,
            "ExposedPorts": {
                "8080/tcp": {}
            },
            "Tty": false,
            "OpenStdin": false,
            "StdinOnce": false,
            "Env": [
                "LAZYCAT_BOX_NAME=axy",
                "DOCKER_HOST=unix:///lzcapp/run/lzc-docker/docker.sock",
                "LAZYCAT_APP_DOMAIN=dev.axy.heiyu.space",
                "LAZYCAT_APP_SERVICE_NAME=dozzle",
                "DOZZLE_NO_ANALYTICS=true",
                "LAZYCAT_APP_DEPLOY_UID=",
                "LZCAPP_API_GATEWAY_ADDRESS=app.cloud.lazycat.developer.tools.lzcapp:81",
                "LAZYCAT_USER_ID=",
                "DOZZLE_BASE=/dozzle",
                "LAZYCAT_BOX_DOMAIN=axy.heiyu.space",
                "LAZYCAT_APP_ID=cloud.lazycat.developer.tools",
                "PATH=/usr/local/sbin:/usr/local/bin:/usr/sbin:/usr/bin:/sbin:/bin"
            ],
            "Cmd": null,
            "Image": "registry.lazycat.cloud/catdog/amir20/dozzle:e675824d3a7cb863",
            "Volumes": null,
            "WorkingDir": "/",
            "Entrypoint": [
                "/dozzle"
            ],
            "OnBuild": null,
            "Labels": {
                "com.docker.compose.config-hash": "4b536f91a2284afac01a2ea3b439c5ddcfe30dc548ab3daf85c38e4d7f6cabd3",
                "com.docker.compose.container-number": "1",
                "com.docker.compose.depends_on": "",
                "com.docker.compose.image": "sha256:0569a06814fe06d757bbff5db6e731bbce831cc6d5694c29eaabd9408830e6e1",
                "com.docker.compose.oneoff": "False",
                "com.docker.compose.project": "cloudlazycatdevelopertools",
                "com.docker.compose.project.config_files": "/lzcsys/data/system/pkgm/run/cloud.lazycat.developer.tools/docker-compose.yml",
                "com.docker.compose.project.working_dir": "/lzcsys/data/system/pkgm/run/cloud.lazycat.developer.tools",
                "com.docker.compose.service": "dozzle",
                "com.docker.compose.version": "2.32.4",
                "lzcapp.app-id": "cloud.lazycat.developer.tools",
                "lzcapp.user-id": "",
                "org.opencontainers.image.created": "2025-04-09T22:22:04.239Z",
                "org.opencontainers.image.description": "Realtime log viewer for docker containers.",
                "org.opencontainers.image.licenses": "MIT",
                "org.opencontainers.image.revision": "6bb3777a641fcbdb3fb76853f4e2c2e656c2046e",
                "org.opencontainers.image.source": "https://github.com/amir20/dozzle",
                "org.opencontainers.image.title": "dozzle",
                "org.opencontainers.image.url": "https://github.com/amir20/dozzle",
                "org.opencontainers.image.version": "v8.12.6"
            }
        },
        "NetworkSettings": {
            "Bridge": "",
            "SandboxID": "affdae130443b2b35e95a5ccba82adbd95412191b6d2a46c021f337e0ccb3334",
            "SandboxKey": "/lzcsys/run/lzc-docker/docker/netns/affdae130443",
            "Ports": {
                "8080/tcp": null
            },
            "HairpinMode": false,
            "LinkLocalIPv6Address": "",
            "LinkLocalIPv6PrefixLen": 0,
            "SecondaryIPAddresses": null,
            "SecondaryIPv6Addresses": null,
            "EndpointID": "",
            "Gateway": "",
            "GlobalIPv6Address": "",
            "GlobalIPv6PrefixLen": 0,
            "IPAddress": "",
            "IPPrefixLen": 0,
            "IPv6Gateway": "",
            "MacAddress": "",
            "Networks": {
                "cloudlazycatdevelopertools_default": {
                    "IPAMConfig": null,
                    "Links": null,
                    "Aliases": [
                        "cloudlazycatdevelopertools-dozzle-1",
                        "dozzle"
                    ],
                    "MacAddress": "02:42:ac:1c:02:c2",
                    "DriverOpts": null,
                    "NetworkID": "fbbc102982361e7d2dd3c5c423bbc345634b1718ace75c07aa2b5f1a78200535",
                    "EndpointID": "c35b837f7fca57e47a627b703cc38c94e88a981b337f7e2e069d6b4baeff89fb",
                    "Gateway": "172.28.2.193",
                    "IPAddress": "172.28.2.194",
                    "IPPrefixLen": 26,
                    "IPv6Gateway": "fd03:1136:3800::2c1",
                    "GlobalIPv6Address": "fd03:1136:3800::2c2",
                    "GlobalIPv6PrefixLen": 122,
                    "DNSNames": [
                        "cloudlazycatdevelopertools-dozzle-1",
                        "dozzle",
                        "ac3482f35b35"
                    ]
                }
            }
        }
    }
]
