[
    {
        "Id": "f7504ce4803c66c68fed52d87daa02c4b0996fd5c3d24f2873733844b24fe2ef",
        "Created": "2025-11-16T04:59:01.912643748Z",
        "Path": "/lzcapp/pkg/content/server.amd64",
        "Args": [],
        "State": {
            "Status": "running",
            "Running": true,
            "Paused": false,
            "Restarting": false,
            "OOMKilled": false,
            "Dead": false,
            "Pid": 3420156,
            "ExitCode": 0,
            "Error": "",
            "StartedAt": "2025-11-16T04:59:30.248525676Z",
            "FinishedAt": "0001-01-01T00:00:00Z"
        },
        "Image": "sha256:85a3a62b82f042b3f82dd5c97f79bd0f8f2657431d433578604e680f2758203d",
        "ResolvConfPath": "/lzcsys/data/system/docker/containers/f7504ce4803c66c68fed52d87daa02c4b0996fd5c3d24f2873733844b24fe2ef/resolv.conf",
        "HostnamePath": "/lzcsys/data/system/docker/containers/f7504ce4803c66c68fed52d87daa02c4b0996fd5c3d24f2873733844b24fe2ef/hostname",
        "HostsPath": "/lzcsys/data/system/docker/containers/f7504ce4803c66c68fed52d87daa02c4b0996fd5c3d24f2873733844b24fe2ef/hosts",
        "LogPath": "",
        "Name": "/cloudlazycataipodrag-backend-1",
        "RestartCount": 0,
        "Driver": "overlay2",
        "Platform": "linux",
        "MountLabel": "",
        "ProcessLabel": "",
        "AppArmorProfile": "",
        "ExecIDs": null,
        "HostConfig": {
            "Binds": [
                "/lzcsys/run/app/cloud.lazycat.aipod.rag:/lzcapp/run:rw",
                "/lzcsys/data/system/pkgm/run/cloud.lazycat.aipod.rag/pkg/manifest.yml:/lzcapp/run/manifest.yml:rw",
                "/lzcsys/data/appvar/cloud.lazycat.aipod.rag:/lzcapp/var:rw",
                "/run/lzc-sys:/lzcapp/run/sys:rw",
                "/usr/share/zoneinfo:/usr/share/zoneinfo:ro",
                "/etc/localtime:/etc/localtime:rw"
            ],
            "ContainerIDFile": "",
            "LogConfig": {
                "Type": "lzc-logging-driver",
                "Config": {
                    "max-backups": "5",
                    "max-size": "20m"
                }
            },
            "NetworkMode": "cloudlazycataipodrag_default",
            "PortBindings": {},
            "RestartPolicy": {
                "Name": "no",
                "MaximumRetryCount": 0
            },
            "AutoRemove": false,
            "VolumeDriver": "",
            "VolumesFrom": null,
            "ConsoleSize": [
                0,
                0
            ],
            "CapAdd": [
                "SYS_ADMIN"
            ],
            "CapDrop": null,
            "CgroupnsMode": "private",
            "Dns": [
                "172.18.0.1"
            ],
            "DnsOptions": null,
            "DnsSearch": null,
            "ExtraHosts": [],
            "GroupAdd": null,
            "IpcMode": "private",
            "Cgroup": "",
            "Links": null,
            "OomScoreAdj": 500,
            "PidMode": "",
            "Privileged": false,
            "PublishAllPorts": false,
            "ReadonlyRootfs": false,
            "SecurityOpt": null,
            "UTSMode": "",
            "UsernsMode": "",
            "ShmSize": 67108864,
            "Runtime": "runc",
            "Isolation": "",
            "CpuShares": 0,
            "Memory": 0,
            "NanoCpus": 0,
            "CgroupParent": "lzcapp-cloud.lazycat.aipod.rag.slice",
            "BlkioWeight": 0,
            "BlkioWeightDevice": null,
            "BlkioDeviceReadBps": null,
            "BlkioDeviceWriteBps": null,
            "BlkioDeviceReadIOps": null,
            "BlkioDeviceWriteIOps": null,
            "CpuPeriod": 0,
            "CpuQuota": 0,
            "CpuRealtimePeriod": 0,
            "CpuRealtimeRuntime": 0,
            "CpusetCpus": "",
            "CpusetMems": "",
            "Devices": [
                {
                    "PathOnHost": "/dev/fuse",
                    "PathInContainer": "/dev/fuse",
                    "CgroupPermissions": "rwm"
                },
                {
                    "PathOnHost": "/dev/dri",
                    "PathInContainer": "/dev/dri",
                    "CgroupPermissions": "rwm"
                }
            ],
            "DeviceCgroupRules": null,
            "DeviceRequests": null,
            "MemoryReservation": 0,
            "MemorySwap": 0,
            "MemorySwappiness": null,
            "OomKillDisable": null,
            "PidsLimit": null,
            "Ulimits": null,
            "CpuCount": 0,
            "CpuPercent": 0,
            "IOMaximumIOps": 0,
            "IOMaximumBandwidth": 0,
            "Mounts": [
                {
                    "Type": "bind",
                    "Source": "/lzcsys/data/document/",
                    "Target": "/lzcapp/run/mnt/home",
                    "BindOptions": {
                        "Propagation": "slave",
                        "CreateMountpoint": true
                    }
                },
                {
                    "Type": "bind",
                    "Source": "/lzcsys/run/media",
                    "Target": "/lzcapp/media",
                    "BindOptions": {
                        "Propagation": "shared",
                        "CreateMountpoint": true
                    }
                },
                {
                    "Type": "bind",
                    "Source": "/lzcsys/sspks/lzc-runtime/lzcinit",
                    "Target": "/lzcinit/cloud.lazycat.aipod.rag",
                    "BindOptions": {}
                },
                {
                    "Type": "bind",
                    "Source": "/lzcsys/data/system/pkgm/apps/cloud.lazycat.aipod.rag/pkg",
                    "Target": "/lzcapp/pkg",
                    "ReadOnly": true,
                    "BindOptions": {}
                },
                {
                    "Type": "bind",
                    "Source": "/lzcsys/run/media",
                    "Target": "/lzcapp/run/mnt/media",
                    "BindOptions": {
                        "Propagation": "shared",
                        "CreateMountpoint": true
                    }
                },
                {
                    "Type": "bind",
                    "Source": "/lzcsys/data/appcache/cloud.lazycat.aipod.rag",
                    "Target": "/lzcapp/cache",
                    "BindOptions": {
                        "Propagation": "shared"
                    }
                },
                {
                    "Type": "bind",
                    "Source": "/etc/ssl/certs/ca-certificates.crt",
                    "Target": "/etc/ssl/certs/ca-certificates.crt",
                    "ReadOnly": true,
                    "BindOptions": {}
                },
                {
                    "Type": "bind",
                    "Source": "/lzcsys/data/document/",
                    "Target": "/lzcapp/document",
                    "BindOptions": {
                        "Propagation": "slave",
                        "CreateMountpoint": true
                    }
                }
            ],
            "MaskedPaths": [
                "/proc/asound",
                "/proc/acpi",
                "/proc/kcore",
                "/proc/keys",
                "/proc/latency_stats",
                "/proc/timer_list",
                "/proc/timer_stats",
                "/proc/sched_debug",
                "/proc/scsi",
                "/sys/firmware",
                "/sys/devices/virtual/powercap"
            ],
            "ReadonlyPaths": [
                "/proc/bus",
                "/proc/fs",
                "/proc/irq",
                "/proc/sys",
                "/proc/sysrq-trigger"
            ],
            "Init": false
        },
        "GraphDriver": {
            "Data": {
                "LowerDir": "/lzcsys/data/system/docker/overlay2/88992f82116a93013592882e10d2fb5954bdb2895196513f245e0b36bea07bb4-init/diff:/lzcsys/data/system/docker/overlay2/3583ab9ba93f602e930d778d5d48366c3dbbf4d8433b1ad7b224109b085bbef4/diff:/lzcsys/data/system/docker/overlay2/e4463678cc04f944ab4e639bf8b59af1049d4560bc855015cc9b9a83139deea2/diff:/lzcsys/data/system/docker/overlay2/bd65e30c16c1b20c468a2670847b769aa2a0a55b9c7e92946602b9bcdabc9932/diff:/lzcsys/data/system/docker/overlay2/871f11a5be8bab070b463225023f4f104b90a8c6a809cfaa29147e065c09131a/diff:/lzcsys/data/system/docker/overlay2/6444143b808202cb7d365a5db73720a84bdb7bb7a29b72ac309e0100ece50623/diff:/lzcsys/data/system/docker/overlay2/b958018daa9e4808f8f01e80b0201b44e2cd013ad454e82cb0591a8c290d63de/diff:/lzcsys/data/system/docker/overlay2/f57b020494305fcc157133a4dfe71668c1c7231f828b995fca757e045525f025/diff:/lzcsys/data/system/docker/overlay2/f656af1e12209769f32d434888fdf71887cc5fb3e4c5b80d7b8096dbb53bd75e/diff:/lzcsys/data/system/docker/overlay2/b03609f111a61cf2dd8b37e1c67eff9c4c78d842db431ce6eb8650c93218e845/diff:/lzcsys/data/system/docker/overlay2/68f1911b78803e1835d7422a24e3883e9ed59183191080c3d85cb869e31ec427/diff",
                "MergedDir": "/lzcsys/data/system/docker/overlay2/88992f82116a93013592882e10d2fb5954bdb2895196513f245e0b36bea07bb4/merged",
                "UpperDir": "/lzcsys/data/system/docker/overlay2/88992f82116a93013592882e10d2fb5954bdb2895196513f245e0b36bea07bb4/diff",
                "WorkDir": "/lzcsys/data/system/docker/overlay2/88992f82116a93013592882e10d2fb5954bdb2895196513f245e0b36bea07bb4/work"
            },
            "Name": "overlay2"
        },
        "Mounts": [
            {
                "Type": "bind",
                "Source": "/lzcsys/run/media",
                "Destination": "/lzcapp/run/mnt/media",
                "Mode": "",
                "RW": true,
                "Propagation": "shared"
            },
            {
                "Type": "bind",
                "Source": "/etc/ssl/certs/ca-certificates.crt",
                "Destination": "/etc/ssl/certs/ca-certificates.crt",
                "Mode": "",
                "RW": false,
                "Propagation": "rprivate"
            },
            {
                "Type": "bind",
                "Source": "/lzcsys/run/media",
                "Destination": "/lzcapp/media",
                "Mode": "",
                "RW": true,
                "Propagation": "shared"
            },
            {
                "Type": "bind",
                "Source": "/lzcsys/sspks/lzc-runtime/lzcinit",
                "Destination": "/lzcinit/cloud.lazycat.aipod.rag",
                "Mode": "",
                "RW": true,
                "Propagation": "rprivate"
            },
            {
                "Type": "bind",
                "Source": "/lzcsys/data/document",
                "Destination": "/lzcapp/document",
                "Mode": "",
                "RW": true,
                "Propagation": "slave"
            },
            {
                "Type": "bind",
                "Source": "/lzcsys/data/system/pkgm/run/cloud.lazycat.aipod.rag/pkg/manifest.yml",
                "Destination": "/lzcapp/run/manifest.yml",
                "Mode": "rw",
                "RW": true,
                "Propagation": "rprivate"
            },
            {
                "Type": "bind",
                "Source": "/lzcsys/data/appvar/cloud.lazycat.aipod.rag",
                "Destination": "/lzcapp/var",
                "Mode": "rw",
                "RW": true,
                "Propagation": "rprivate"
            },
            {
                "Type": "bind",
                "Source": "/etc/localtime",
                "Destination": "/etc/localtime",
                "Mode": "rw",
                "RW": true,
                "Propagation": "rprivate"
            },
            {
                "Type": "bind",
                "Source": "/lzcsys/data/document",
                "Destination": "/lzcapp/run/mnt/home",
                "Mode": "",
                "RW": true,
                "Propagation": "slave"
            },
            {
                "Type": "bind",
                "Source": "/lzcsys/run/app/cloud.lazycat.aipod.rag",
                "Destination": "/lzcapp/run",
                "Mode": "rw",
                "RW": true,
                "Propagation": "rprivate"
            },
            {
                "Type": "bind",
                "Source": "/usr/share/zoneinfo",
                "Destination": "/usr/share/zoneinfo",
                "Mode": "ro",
                "RW": false,
                "Propagation": "rprivate"
            },
            {
                "Type": "bind",
                "Source": "/lzcsys/data/system/pkgm/apps/cloud.lazycat.aipod.rag/pkg",
                "Destination": "/lzcapp/pkg",
                "Mode": "",
                "RW": false,
                "Propagation": "rprivate"
            },
            {
                "Type": "bind",
                "Source": "/run/lzc-sys",
                "Destination": "/lzcapp/run/sys",
                "Mode": "rw",
                "RW": true,
                "Propagation": "rprivate"
            },
            {
                "Type": "bind",
                "Source": "/lzcsys/data/appcache/cloud.lazycat.aipod.rag",
                "Destination": "/lzcapp/cache",
                "Mode": "",
                "RW": true,
                "Propagation": "shared"
            }
        ],
        "Config": {
            "Hostname": "f7504ce4803c",
            "Domainname": "",
            "User": "",
            "AttachStdin": false,
            "AttachStdout": true,
            "AttachStderr": true,
            "Tty": false,
            "OpenStdin": false,
            "StdinOnce": false,
            "Env": [
                "LZCAPP_API_GATEWAY_ADDRESS=app.cloud.lazycat.aipod.rag.lzcapp:81",
                "LAZYCAT_BOX_DOMAIN=axy.heiyu.space",
                "LAZYCAT_APP_SERVICE_NAME=backend",
                "LAZYCAT_BOX_NAME=axy",
                "OCR_BASE_URL=https://ocr-ai.axy.heiyu.space",
                "APP_VIDEORAG_CACHE_DIR=/lzcapp/var/videorag_v2",
                "KEYWORD_BGE_M3_BASE_URL=https://bgem3vllm2-ai.axy.heiyu.space",
                "BGE_RERANKER_BASE_URL=https://bgererankerv2m3vllm-ai.axy.heiyu.space",
                "LAZYCAT_APP_DOMAIN=rag.axy.heiyu.space",
                "LAZYCAT_APP_ID=cloud.lazycat.aipod.rag",
                "BGE_M3_BASE_URL=https://bgem3vllm-ai.axy.heiyu.space",
                "LAZYCAT_USER_ID=",
                "LAZYCAT_APP_DEPLOY_UID=",
                "PATH=/usr/local/bin:/usr/local/sbin:/usr/local/bin:/usr/sbin:/usr/bin:/sbin:/bin",
                "LANG=C.UTF-8",
                "GPG_KEY=7169605F62C751356D054A26A821E680E5FA6305",
                "PYTHON_VERSION=3.12.10",
                "PYTHON_SHA256=07ab697474595e06f06647417d3c7fa97ded07afc1a7e4454c5639919b46eaea"
            ],
            "Cmd": null,
            "Image": "registry.lazycat.cloud/catdogai/backend:20250625",
            "Volumes": null,
            "WorkingDir": "",
            "Entrypoint": [
                "/lzcapp/pkg/content/server.amd64"
            ],
            "OnBuild": null,
            "Labels": {
                "com.docker.compose.config-hash": "e6705281199efc7208977d1394c544f6f71a0dd6c6b9ca96de27737e589fb40a",
                "com.docker.compose.container-number": "1",
                "com.docker.compose.depends_on": "postgres:service_healthy:false,backend_rag:service_healthy:false",
                "com.docker.compose.image": "sha256:85a3a62b82f042b3f82dd5c97f79bd0f8f2657431d433578604e680f2758203d",
                "com.docker.compose.oneoff": "False",
                "com.docker.compose.project": "cloudlazycataipodrag",
                "com.docker.compose.project.config_files": "/lzcsys/data/system/pkgm/run/cloud.lazycat.aipod.rag/docker-compose.yml",
                "com.docker.compose.project.working_dir": "/lzcsys/data/system/pkgm/run/cloud.lazycat.aipod.rag",
                "com.docker.compose.service": "backend",
                "com.docker.compose.version": "2.32.4",
                "lzcapp.app-id": "cloud.lazycat.aipod.rag",
                "lzcapp.user-id": ""
            }
        },
        "NetworkSettings": {
            "Bridge": "",
            "SandboxID": "8f94dfb97d9017aab48a50f80591e9c5eca1d70e2090dd8bd7f86de8c4090cb1",
            "SandboxKey": "/lzcsys/run/lzc-docker/docker/netns/8f94dfb97d90",
            "Ports": {},
            "HairpinMode": false,
            "LinkLocalIPv6Address": "",
            "LinkLocalIPv6PrefixLen": 0,
            "SecondaryIPAddresses": null,
            "SecondaryIPv6Addresses": null,
            "EndpointID": "",
            "Gateway": "",
            "GlobalIPv6Address": "",
            "GlobalIPv6PrefixLen": 0,
            "IPAddress": "",
            "IPPrefixLen": 0,
            "IPv6Gateway": "",
            "MacAddress": "",
            "Networks": {
                "cloudlazycataipodrag_default": {
                    "IPAMConfig": null,
                    "Links": null,
                    "Aliases": [
                        "cloudlazycataipodrag-backend-1",
                        "backend"
                    ],
                    "MacAddress": "02:42:ac:1c:04:49",
                    "DriverOpts": null,
                    "NetworkID": "89e6ebcad0a5e2c0c75bc52ed8a8e85faf3c32ca872dad2cfe57c2ee34ed09f0",
                    "EndpointID": "d4d2573bb2a9f2283343f380192df69843e7a55f67d49fd27360c2cdd5dee44a",
                    "Gateway": "172.28.4.65",
                    "IPAddress": "172.28.4.73",
                    "IPPrefixLen": 26,
                    "IPv6Gateway": "fd03:1136:3800::441",
                    "GlobalIPv6Address": "fd03:1136:3800::449",
                    "GlobalIPv6PrefixLen": 122,
                    "DNSNames": [
                        "cloudlazycataipodrag-backend-1",
                        "backend",
                        "f7504ce4803c"
                    ]
                }
            }
        }
    }
]
