[
    {
        "Id": "b01803726dd1cb727618515d23e5b0e9db58bcdf711a7d12036d74e42712721e",
        "Created": "2025-11-15T09:44:24.567013124Z",
        "Path": "/usr/bin/dumb-init",
        "Args": [
            "--",
            "tsx",
            "./backend/index.ts"
        ],
        "State": {
            "Status": "running",
            "Running": true,
            "Paused": false,
            "Restarting": false,
            "OOMKilled": false,
            "Dead": false,
            "Pid": 631266,
            "ExitCode": 0,
            "Error": "",
            "StartedAt": "2025-11-15T09:44:27.500536676Z",
            "FinishedAt": "0001-01-01T00:00:00Z",
            "Health": {
                "Status": "healthy",
                "FailingStreak": 0,
                "Log": [
                    {
                        "Start": "2025-11-16T20:41:05.401819886+08:00",
                        "End": "2025-11-16T20:41:05.457482488+08:00",
                        "ExitCode": 0,
                        "Output": "2025/11/16 12:41:05 Checking http://127.0.0.1:5001\n2025/11/16 12:41:05 Health Check OK [Res Code: 200]\n"
                    },
                    {
                        "Start": "2025-11-16T20:42:05.458559904+08:00",
                        "End": "2025-11-16T20:42:05.513859663+08:00",
                        "ExitCode": 0,
                        "Output": "2025/11/16 12:42:05 Checking http://127.0.0.1:5001\n2025/11/16 12:42:05 Health Check OK [Res Code: 200]\n"
                    },
                    {
                        "Start": "2025-11-16T20:43:05.515248968+08:00",
                        "End": "2025-11-16T20:43:05.576836864+08:00",
                        "ExitCode": 0,
                        "Output": "2025/11/16 12:43:05 Checking http://127.0.0.1:5001\n2025/11/16 12:43:05 Health Check OK [Res Code: 200]\n"
                    },
                    {
                        "Start": "2025-11-16T20:44:05.578096805+08:00",
                        "End": "2025-11-16T20:44:05.604877892+08:00",
                        "ExitCode": 0,
                        "Output": "2025/11/16 12:44:05 Checking http://127.0.0.1:5001\n2025/11/16 12:44:05 Health Check OK [Res Code: 200]\n"
                    },
                    {
                        "Start": "2025-11-16T20:45:05.605819291+08:00",
                        "End": "2025-11-16T20:45:05.667001386+08:00",
                        "ExitCode": 0,
                        "Output": "2025/11/16 12:45:05 Checking http://127.0.0.1:5001\n2025/11/16 12:45:05 Health Check OK [Res Code: 200]\n"
                    }
                ]
            }
        },
        "Image": "sha256:2057c8b4e17b4260fa69fe381c58217a8bbbab12599636866bd45e72d691f7a3",
        "ResolvConfPath": "/lzcsys/data/system/docker/containers/b01803726dd1cb727618515d23e5b0e9db58bcdf711a7d12036d74e42712721e/resolv.conf",
        "HostnamePath": "/lzcsys/data/system/docker/containers/b01803726dd1cb727618515d23e5b0e9db58bcdf711a7d12036d74e42712721e/hostname",
        "HostsPath": "/lzcsys/data/system/docker/containers/b01803726dd1cb727618515d23e5b0e9db58bcdf711a7d12036d74e42712721e/hosts",
        "LogPath": "",
        "Name": "/cloudlazycatappdockge-back-1",
        "RestartCount": 0,
        "Driver": "overlay2",
        "Platform": "linux",
        "MountLabel": "",
        "ProcessLabel": "",
        "AppArmorProfile": "",
        "ExecIDs": null,
        "HostConfig": {
            "Binds": [
                "/lzcsys/run/app/cloud.lazycat.app.dockge:/lzcapp/run:rw",
                "/run/lzc-sys:/lzcapp/run/sys:rw",
                "/lzcsys/data/system/pkgm/run/cloud.lazycat.app.dockge/pkg/manifest.yml:/lzcapp/run/manifest.yml:rw",
                "/usr/share/zoneinfo:/usr/share/zoneinfo:ro",
                "/lzcsys/data/appvar/cloud.lazycat.app.dockge:/app/data:rw",
                "/lzcsys/data/appvar/cloud.lazycat.app.dockge:/lzcapp/var:rw",
                "/data/playground:/lzcapp/run/playground:rw",
                "/lzcsys/run/app/cloud.lazycat.app.dockge/playground/docker.sock:/var/run/docker.sock:rw",
                "/etc/localtime:/etc/localtime:rw"
            ],
            "ContainerIDFile": "",
            "LogConfig": {
                "Type": "lzc-logging-driver",
                "Config": {
                    "max-backups": "5",
                    "max-size": "20m"
                }
            },
            "NetworkMode": "cloudlazycatappdockge_default",
            "PortBindings": {},
            "RestartPolicy": {
                "Name": "no",
                "MaximumRetryCount": 0
            },
            "AutoRemove": false,
            "VolumeDriver": "",
            "VolumesFrom": null,
            "ConsoleSize": [
                0,
                0
            ],
            "CapAdd": null,
            "CapDrop": null,
            "CgroupnsMode": "private",
            "Dns": [
                "172.18.0.1"
            ],
            "DnsOptions": null,
            "DnsSearch": null,
            "ExtraHosts": [],
            "GroupAdd": null,
            "IpcMode": "private",
            "Cgroup": "",
            "Links": null,
            "OomScoreAdj": 500,
            "PidMode": "",
            "Privileged": false,
            "PublishAllPorts": false,
            "ReadonlyRootfs": false,
            "SecurityOpt": null,
            "UTSMode": "",
            "UsernsMode": "",
            "ShmSize": 67108864,
            "Runtime": "runc",
            "Isolation": "",
            "CpuShares": 0,
            "Memory": 0,
            "NanoCpus": 0,
            "CgroupParent": "lzcapp-cloud.lazycat.app.dockge.slice",
            "BlkioWeight": 0,
            "BlkioWeightDevice": null,
            "BlkioDeviceReadBps": null,
            "BlkioDeviceWriteBps": null,
            "BlkioDeviceReadIOps": null,
            "BlkioDeviceWriteIOps": null,
            "CpuPeriod": 0,
            "CpuQuota": 0,
            "CpuRealtimePeriod": 0,
            "CpuRealtimeRuntime": 0,
            "CpusetCpus": "",
            "CpusetMems": "",
            "Devices": [
                {
                    "PathOnHost": "/dev/fuse",
                    "PathInContainer": "/dev/fuse",
                    "CgroupPermissions": "rwm"
                }
            ],
            "DeviceCgroupRules": null,
            "DeviceRequests": null,
            "MemoryReservation": 0,
            "MemorySwap": 0,
            "MemorySwappiness": null,
            "OomKillDisable": null,
            "PidsLimit": null,
            "Ulimits": null,
            "CpuCount": 0,
            "CpuPercent": 0,
            "IOMaximumIOps": 0,
            "IOMaximumBandwidth": 0,
            "Mounts": [
                {
                    "Type": "bind",
                    "Source": "/lzcsys/sspks/lzc-runtime/lzcinit",
                    "Target": "/lzcinit/cloud.lazycat.app.dockge",
                    "BindOptions": {}
                },
                {
                    "Type": "bind",
                    "Source": "/lzcsys/data/appcache/cloud.lazycat.app.dockge",
                    "Target": "/lzcapp/cache",
                    "BindOptions": {
                        "Propagation": "shared"
                    }
                },
                {
                    "Type": "bind",
                    "Source": "/lzcsys/data/document/",
                    "Target": "/lzcapp/run/mnt/home",
                    "BindOptions": {
                        "Propagation": "slave",
                        "CreateMountpoint": true
                    }
                },
                {
                    "Type": "bind",
                    "Source": "/lzcsys/data/document/",
                    "Target": "/lzcapp/document",
                    "BindOptions": {
                        "Propagation": "slave",
                        "CreateMountpoint": true
                    }
                },
                {
                    "Type": "bind",
                    "Source": "/lzcsys/data/system/pkgm/apps/cloud.lazycat.app.dockge/pkg",
                    "Target": "/lzcapp/pkg",
                    "ReadOnly": true,
                    "BindOptions": {}
                },
                {
                    "Type": "bind",
                    "Source": "/etc/ssl/certs/ca-certificates.crt",
                    "Target": "/etc/ssl/certs/ca-certificates.crt",
                    "ReadOnly": true,
                    "BindOptions": {}
                }
            ],
            "MaskedPaths": [
                "/proc/asound",
                "/proc/acpi",
                "/proc/kcore",
                "/proc/keys",
                "/proc/latency_stats",
                "/proc/timer_list",
                "/proc/timer_stats",
                "/proc/sched_debug",
                "/proc/scsi",
                "/sys/firmware",
                "/sys/devices/virtual/powercap"
            ],
            "ReadonlyPaths": [
                "/proc/bus",
                "/proc/fs",
                "/proc/irq",
                "/proc/sys",
                "/proc/sysrq-trigger"
            ],
            "Init": false
        },
        "GraphDriver": {
            "Data": {
                "LowerDir": "/lzcsys/data/system/docker/overlay2/3e12004d4aa94dcfaa857563693c78f69031f66632117a8b72b7f401fab1995e-init/diff:/lzcsys/data/system/docker/overlay2/2f32460ea6bffa337f38b55e1f96fb5cfc54fa2a89257f68738c3e97a17468ff/diff:/lzcsys/data/system/docker/overlay2/18a37395f615a99672788315cd3ed05097524b3e0376cbdcaaf50f8852d0ca40/diff:/lzcsys/data/system/docker/overlay2/9d18d2e1c2f8c01edc26f8d51d4dc6f8774eb01f5c6dcf468601845eaf4b5fd4/diff:/lzcsys/data/system/docker/overlay2/a5da9dd97b586333861767753470a097a2328266924276bc2f2b88669a777a23/diff:/lzcsys/data/system/docker/overlay2/6c1833cdebeb56de43f43e2f8739322972a106209e6a388ef0f6661ce039574c/diff:/lzcsys/data/system/docker/overlay2/ce6fe658f4c5edc522f65896e1df7b5b449110eb8e07124f60103da708419ba4/diff:/lzcsys/data/system/docker/overlay2/42259602008a87a6edbb06f0b08b2b508045989280b091aede41a998d1106d8d/diff:/lzcsys/data/system/docker/overlay2/a772685aecdd06f393cd6a6b46ef1ea0198fabae846c7469513fb34af87340c0/diff:/lzcsys/data/system/docker/overlay2/db8fb33f20d5b22d0ba82ea480c0371126fce90d68eafb2ae08d0ba6d0062352/diff:/lzcsys/data/system/docker/overlay2/73d2b29febdf9b3837eb3bb4e61498743c9fcbcf40e7e28e8d6e4bf0ead3cc47/diff:/lzcsys/data/system/docker/overlay2/578f1dcc1b93c93bfb576ccb7a6b01851f95b72aa5de51a5d2a7e01ef7035467/diff",
                "MergedDir": "/lzcsys/data/system/docker/overlay2/3e12004d4aa94dcfaa857563693c78f69031f66632117a8b72b7f401fab1995e/merged",
                "UpperDir": "/lzcsys/data/system/docker/overlay2/3e12004d4aa94dcfaa857563693c78f69031f66632117a8b72b7f401fab1995e/diff",
                "WorkDir": "/lzcsys/data/system/docker/overlay2/3e12004d4aa94dcfaa857563693c78f69031f66632117a8b72b7f401fab1995e/work"
            },
            "Name": "overlay2"
        },
        "Mounts": [
            {
                "Type": "bind",
                "Source": "/lzcsys/data/system/pkgm/run/cloud.lazycat.app.dockge/pkg/manifest.yml",
                "Destination": "/lzcapp/run/manifest.yml",
                "Mode": "rw",
                "RW": true,
                "Propagation": "rprivate"
            },
            {
                "Type": "bind",
                "Source": "/etc/localtime",
                "Destination": "/etc/localtime",
                "Mode": "rw",
                "RW": true,
                "Propagation": "rprivate"
            },
            {
                "Type": "bind",
                "Source": "/lzcsys/sspks/lzc-runtime/lzcinit",
                "Destination": "/lzcinit/cloud.lazycat.app.dockge",
                "Mode": "",
                "RW": true,
                "Propagation": "rprivate"
            },
            {
                "Type": "bind",
                "Source": "/lzcsys/run/app/cloud.lazycat.app.dockge",
                "Destination": "/lzcapp/run",
                "Mode": "rw",
                "RW": true,
                "Propagation": "rprivate"
            },
            {
                "Type": "bind",
                "Source": "/data/playground",
                "Destination": "/lzcapp/run/playground",
                "Mode": "rw",
                "RW": true,
                "Propagation": "rprivate"
            },
            {
                "Type": "bind",
                "Source": "/lzcsys/data/document",
                "Destination": "/lzcapp/document",
                "Mode": "",
                "RW": true,
                "Propagation": "slave"
            },
            {
                "Type": "bind",
                "Source": "/lzcsys/data/system/pkgm/apps/cloud.lazycat.app.dockge/pkg",
                "Destination": "/lzcapp/pkg",
                "Mode": "",
                "RW": false,
                "Propagation": "rprivate"
            },
            {
                "Type": "bind",
                "Source": "/etc/ssl/certs/ca-certificates.crt",
                "Destination": "/etc/ssl/certs/ca-certificates.crt",
                "Mode": "",
                "RW": false,
                "Propagation": "rprivate"
            },
            {
                "Type": "bind",
                "Source": "/lzcsys/data/appvar/cloud.lazycat.app.dockge",
                "Destination": "/lzcapp/var",
                "Mode": "rw",
                "RW": true,
                "Propagation": "rprivate"
            },
            {
                "Type": "bind",
                "Source": "/lzcsys/data/appcache/cloud.lazycat.app.dockge",
                "Destination": "/lzcapp/cache",
                "Mode": "",
                "RW": true,
                "Propagation": "shared"
            },
            {
                "Type": "bind",
                "Source": "/run/lzc-sys",
                "Destination": "/lzcapp/run/sys",
                "Mode": "rw",
                "RW": true,
                "Propagation": "rprivate"
            },
            {
                "Type": "bind",
                "Source": "/usr/share/zoneinfo",
                "Destination": "/usr/share/zoneinfo",
                "Mode": "ro",
                "RW": false,
                "Propagation": "rprivate"
            },
            {
                "Type": "bind",
                "Source": "/lzcsys/data/appvar/cloud.lazycat.app.dockge",
                "Destination": "/app/data",
                "Mode": "rw",
                "RW": true,
                "Propagation": "rprivate"
            },
            {
                "Type": "bind",
                "Source": "/lzcsys/run/app/cloud.lazycat.app.dockge/playground/docker.sock",
                "Destination": "/var/run/docker.sock",
                "Mode": "rw",
                "RW": true,
                "Propagation": "rprivate"
            },
            {
                "Type": "bind",
                "Source": "/lzcsys/data/document",
                "Destination": "/lzcapp/run/mnt/home",
                "Mode": "",
                "RW": true,
                "Propagation": "slave"
            }
        ],
        "Config": {
            "Hostname": "b01803726dd1",
            "Domainname": "",
            "User": "",
            "AttachStdin": false,
            "AttachStdout": true,
            "AttachStderr": true,
            "ExposedPorts": {
                "5001/tcp": {}
            },
            "Tty": false,
            "OpenStdin": false,
            "StdinOnce": false,
            "Env": [
                "LAZYCAT_USER_ID=",
                "LAZYCAT_APP_DEPLOY_UID=",
                "LAZYCAT_BOX_NAME=axy",
                "LZCAPP_API_GATEWAY_ADDRESS=app.cloud.lazycat.app.dockge.lzcapp:81",
                "LAZYCAT_APP_SERVICE_NAME=back",
                "LAZYCAT_BOX_DOMAIN=axy.heiyu.space",
                "DOCKER_HOST=unix:///lzcapp/run/playground/docker.sock",
                "LAZYCAT_APP_ID=cloud.lazycat.app.dockge",
                "DOCKGE_STACKS_DIR=/lzcapp/var/stacks",
                "LAZYCAT_APP_DOMAIN=dockge.axy.heiyu.space",
                "PATH=/pnpm:/usr/local/sbin:/usr/local/bin:/usr/sbin:/usr/bin:/sbin:/bin",
                "NODE_VERSION=22.12.0",
                "YARN_VERSION=1.22.22",
                "PNPM_HOME=/pnpm",
                "UV_USE_IO_URING=0"
            ],
            "Cmd": [
                "tsx",
                "./backend/index.ts"
            ],
            "Healthcheck": {
                "Test": [
                    "CMD-SHELL",
                    "extra/healthcheck"
                ],
                "Interval": 60000000000,
                "Timeout": 30000000000,
                "StartPeriod": 60000000000,
                "Retries": 5
            },
            "Image": "registry.lazycat.cloud/louislam/dockge:0.0.4",
            "Volumes": {
                "/app/data": {}
            },
            "WorkingDir": "/app",
            "Entrypoint": [
                "/usr/bin/dumb-init",
                "--"
            ],
            "OnBuild": null,
            "Labels": {
                "com.docker.compose.config-hash": "602f121c4c36382ec9be299da6e103dcff3780313b31cdaadbf6693c81c2292c",
                "com.docker.compose.container-number": "1",
                "com.docker.compose.depends_on": "",
                "com.docker.compose.image": "sha256:2057c8b4e17b4260fa69fe381c58217a8bbbab12599636866bd45e72d691f7a3",
                "com.docker.compose.oneoff": "False",
                "com.docker.compose.project": "cloudlazycatappdockge",
                "com.docker.compose.project.config_files": "/lzcsys/data/system/pkgm/run/cloud.lazycat.app.dockge/docker-compose.yml,/lzcsys/data/system/pkgm/run/cloud.lazycat.app.dockge/compose.override.yml",
                "com.docker.compose.project.working_dir": "/lzcsys/data/system/pkgm/run/cloud.lazycat.app.dockge",
                "com.docker.compose.service": "back",
                "com.docker.compose.version": "2.32.4",
                "lzcapp.app-id": "cloud.lazycat.app.dockge",
                "lzcapp.user-id": ""
            }
        },
        "NetworkSettings": {
            "Bridge": "",
            "SandboxID": "f4f3db9f15cbe74fb805cb7dd888ffe264058929c8152b2a4335a16ddce52ec0",
            "SandboxKey": "/lzcsys/run/lzc-docker/docker/netns/f4f3db9f15cb",
            "Ports": {
                "5001/tcp": null
            },
            "HairpinMode": false,
            "LinkLocalIPv6Address": "",
            "LinkLocalIPv6PrefixLen": 0,
            "SecondaryIPAddresses": null,
            "SecondaryIPv6Addresses": null,
            "EndpointID": "",
            "Gateway": "",
            "GlobalIPv6Address": "",
            "GlobalIPv6PrefixLen": 0,
            "IPAddress": "",
            "IPPrefixLen": 0,
            "IPv6Gateway": "",
            "MacAddress": "",
            "Networks": {
                "cloudlazycatappdockge_default": {
                    "IPAMConfig": null,
                    "Links": null,
                    "Aliases": [
                        "cloudlazycatappdockge-back-1",
                        "back"
                    ],
                    "MacAddress": "02:42:ac:1c:01:83",
                    "DriverOpts": null,
                    "NetworkID": "02f076718cf00d532b22b42cad160566542c0b1919856bb7565211e7eda3aad9",
                    "EndpointID": "706845474d29fdb5e55d9563e8cb20503420bc7d79e13f6bf0595a3fb77d56e3",
                    "Gateway": "172.28.1.129",
                    "IPAddress": "172.28.1.131",
                    "IPPrefixLen": 26,
                    "IPv6Gateway": "fd03:1136:3800::181",
                    "GlobalIPv6Address": "fd03:1136:3800::183",
                    "GlobalIPv6PrefixLen": 122,
                    "DNSNames": [
                        "cloudlazycatappdockge-back-1",
                        "back",
                        "b01803726dd1"
                    ]
                }
            }
        }
    }
]
