[
    {
        "Id": "86cac99ecb3e5831748d6328cbf96d3a84006b33737dcf168c198bc81f487462",
        "Created": "2025-11-16T04:59:00.347954207Z",
        "Path": "python3",
        "Args": [
            "server.py"
        ],
        "State": {
            "Status": "running",
            "Running": true,
            "Paused": false,
            "Restarting": false,
            "OOMKilled": false,
            "Dead": false,
            "Pid": 3415453,
            "ExitCode": 0,
            "Error": "",
            "StartedAt": "2025-11-16T04:59:10.488019132Z",
            "FinishedAt": "0001-01-01T00:00:00Z",
            "Health": {
                "Status": "healthy",
                "FailingStreak": 0,
                "Log": [
                    {
                        "Start": "2025-11-16T20:43:33.513314125+08:00",
                        "End": "2025-11-16T20:43:33.567941907+08:00",
                        "ExitCode": 0,
                        "Output": "  % Total    % Received % Xferd  Average Speed   Time    Time     Time  Current\n                                 Dload  Upload   Total   Spent    Left  Speed\n\r  0     0    0     0    0     0      0      0 --:--:-- --:--:-- --:--:--     0{\"status\":\"ok\"}\r100    15  100    15    0     0   8581      0 --:--:-- --:--:-- --:--:-- 15000\n"
                    },
                    {
                        "Start": "2025-11-16T20:44:03.568752758+08:00",
                        "End": "2025-11-16T20:44:03.628653571+08:00",
                        "ExitCode": 0,
                        "Output": "  % Total    % Received % Xferd  Average Speed   Time    Time     Time  Current\n                                 Dload  Upload   Total   Spent    Left  Speed\n\r  0     0    0     0    0     0      0      0 --:--:-- --:--:-- --:--:--     0\r100    15  100    15    0     0   7641      0 --:--:-- --:--:-- --:--:-- 15000\n{\"status\":\"ok\"}"
                    },
                    {
                        "Start": "2025-11-16T20:44:33.629312424+08:00",
                        "End": "2025-11-16T20:44:33.758939705+08:00",
                        "ExitCode": 0,
                        "Output": "  % Total    % Received % Xferd  Average Speed   Time    Time     Time  Current\n                                 Dload  Upload   Total   Spent    Left  Speed\n\r  0     0    0     0    0     0      0      0 --:--:-- --:--:-- --:--:--     0\r100    15  100    15    0     0   5804      0 --:--:-- --:--:-- --:--:--  7500\n{\"status\":\"ok\"}"
                    },
                    {
                        "Start": "2025-11-16T20:45:03.760245989+08:00",
                        "End": "2025-11-16T20:45:03.87656112+08:00",
                        "ExitCode": 0,
                        "Output": "  % Total    % Received % Xferd  Average Speed   Time    Time     Time  Current\n                                 Dload  Upload   Total   Spent    Left  Speed\n\r  0     0    0     0    0     0      0      0 --:--:-- --:--:-- --:--:--     0\r100    15  100    15    0     0   6513      0 --:--:-- --:--:-- --:--:--  7500\n{\"status\":\"ok\"}"
                    },
                    {
                        "Start": "2025-11-16T20:45:33.877765113+08:00",
                        "End": "2025-11-16T20:45:33.961910021+08:00",
                        "ExitCode": 0,
                        "Output": "  % Total    % Received % Xferd  Average Speed   Time    Time     Time  Current\n                                 Dload  Upload   Total   Spent    Left  Speed\n\r  0     0    0     0    0     0      0      0 --:--:-- --:--:-- --:--:--     0\r100    15  100    15    0     0   3512      0 --:--:-- --:--:-- --:--:--  3750\n{\"status\":\"ok\"}"
                    }
                ]
            }
        },
        "Image": "sha256:62367466e4eb9cb8cec14a33e7cccababc85657b086a6f39ee6826d456ff25af",
        "ResolvConfPath": "/lzcsys/data/system/docker/containers/86cac99ecb3e5831748d6328cbf96d3a84006b33737dcf168c198bc81f487462/resolv.conf",
        "HostnamePath": "/lzcsys/data/system/docker/containers/86cac99ecb3e5831748d6328cbf96d3a84006b33737dcf168c198bc81f487462/hostname",
        "HostsPath": "/lzcsys/data/system/docker/containers/86cac99ecb3e5831748d6328cbf96d3a84006b33737dcf168c198bc81f487462/hosts",
        "LogPath": "",
        "Name": "/cloudlazycataipodrag-backend_videorag-1",
        "RestartCount": 0,
        "Driver": "overlay2",
        "Platform": "linux",
        "MountLabel": "",
        "ProcessLabel": "",
        "AppArmorProfile": "",
        "ExecIDs": null,
        "HostConfig": {
            "Binds": [
                "/lzcsys/data/system/pkgm/run/cloud.lazycat.aipod.rag/pkg/manifest.yml:/lzcapp/run/manifest.yml:rw",
                "/usr/share/zoneinfo:/usr/share/zoneinfo:ro",
                "/etc/localtime:/etc/localtime:rw",
                "/lzcsys/data/appvar/cloud.lazycat.aipod.rag:/lzcapp/var:rw",
                "/lzcsys/run/app/cloud.lazycat.aipod.rag:/lzcapp/run:rw",
                "/run/lzc-sys:/lzcapp/run/sys:rw"
            ],
            "ContainerIDFile": "",
            "LogConfig": {
                "Type": "lzc-logging-driver",
                "Config": {
                    "max-backups": "5",
                    "max-size": "20m"
                }
            },
            "NetworkMode": "cloudlazycataipodrag_default",
            "PortBindings": {},
            "RestartPolicy": {
                "Name": "no",
                "MaximumRetryCount": 0
            },
            "AutoRemove": false,
            "VolumeDriver": "",
            "VolumesFrom": null,
            "ConsoleSize": [
                0,
                0
            ],
            "CapAdd": [
                "SYS_ADMIN"
            ],
            "CapDrop": null,
            "CgroupnsMode": "private",
            "Dns": [
                "172.18.0.1"
            ],
            "DnsOptions": null,
            "DnsSearch": null,
            "ExtraHosts": [],
            "GroupAdd": null,
            "IpcMode": "private",
            "Cgroup": "",
            "Links": null,
            "OomScoreAdj": 500,
            "PidMode": "",
            "Privileged": false,
            "PublishAllPorts": false,
            "ReadonlyRootfs": false,
            "SecurityOpt": null,
            "UTSMode": "",
            "UsernsMode": "",
            "ShmSize": 67108864,
            "Runtime": "runc",
            "Isolation": "",
            "CpuShares": 0,
            "Memory": 5368709120,
            "NanoCpus": 0,
            "CgroupParent": "lzcapp-cloud.lazycat.aipod.rag.slice",
            "BlkioWeight": 0,
            "BlkioWeightDevice": null,
            "BlkioDeviceReadBps": null,
            "BlkioDeviceWriteBps": null,
            "BlkioDeviceReadIOps": null,
            "BlkioDeviceWriteIOps": null,
            "CpuPeriod": 0,
            "CpuQuota": 0,
            "CpuRealtimePeriod": 0,
            "CpuRealtimeRuntime": 0,
            "CpusetCpus": "",
            "CpusetMems": "",
            "Devices": [
                {
                    "PathOnHost": "/dev/fuse",
                    "PathInContainer": "/dev/fuse",
                    "CgroupPermissions": "rwm"
                },
                {
                    "PathOnHost": "/dev/dri",
                    "PathInContainer": "/dev/dri",
                    "CgroupPermissions": "rwm"
                }
            ],
            "DeviceCgroupRules": null,
            "DeviceRequests": null,
            "MemoryReservation": 0,
            "MemorySwap": 10737418240,
            "MemorySwappiness": null,
            "OomKillDisable": null,
            "PidsLimit": null,
            "Ulimits": null,
            "CpuCount": 0,
            "CpuPercent": 0,
            "IOMaximumIOps": 0,
            "IOMaximumBandwidth": 0,
            "Mounts": [
                {
                    "Type": "bind",
                    "Source": "/lzcsys/data/system/pkgm/apps/cloud.lazycat.aipod.rag/pkg",
                    "Target": "/lzcapp/pkg",
                    "ReadOnly": true,
                    "BindOptions": {}
                },
                {
                    "Type": "bind",
                    "Source": "/lzcsys/run/media",
                    "Target": "/lzcapp/run/mnt/media",
                    "BindOptions": {
                        "Propagation": "shared",
                        "CreateMountpoint": true
                    }
                },
                {
                    "Type": "bind",
                    "Source": "/lzcsys/sspks/lzc-runtime/lzcinit",
                    "Target": "/lzcinit/cloud.lazycat.aipod.rag",
                    "BindOptions": {}
                },
                {
                    "Type": "bind",
                    "Source": "/lzcsys/data/document/",
                    "Target": "/lzcapp/run/mnt/home",
                    "BindOptions": {
                        "Propagation": "slave",
                        "CreateMountpoint": true
                    }
                },
                {
                    "Type": "bind",
                    "Source": "/etc/ssl/certs/ca-certificates.crt",
                    "Target": "/etc/ssl/certs/ca-certificates.crt",
                    "ReadOnly": true,
                    "BindOptions": {}
                },
                {
                    "Type": "bind",
                    "Source": "/lzcsys/data/document/",
                    "Target": "/lzcapp/document",
                    "BindOptions": {
                        "Propagation": "slave",
                        "CreateMountpoint": true
                    }
                },
                {
                    "Type": "bind",
                    "Source": "/lzcsys/data/appcache/cloud.lazycat.aipod.rag",
                    "Target": "/lzcapp/cache",
                    "BindOptions": {
                        "Propagation": "shared"
                    }
                },
                {
                    "Type": "bind",
                    "Source": "/lzcsys/run/media",
                    "Target": "/lzcapp/media",
                    "BindOptions": {
                        "Propagation": "shared",
                        "CreateMountpoint": true
                    }
                }
            ],
            "MaskedPaths": [
                "/proc/asound",
                "/proc/acpi",
                "/proc/kcore",
                "/proc/keys",
                "/proc/latency_stats",
                "/proc/timer_list",
                "/proc/timer_stats",
                "/proc/sched_debug",
                "/proc/scsi",
                "/sys/firmware",
                "/sys/devices/virtual/powercap"
            ],
            "ReadonlyPaths": [
                "/proc/bus",
                "/proc/fs",
                "/proc/irq",
                "/proc/sys",
                "/proc/sysrq-trigger"
            ],
            "Init": true
        },
        "GraphDriver": {
            "Data": {
                "LowerDir": "/lzcsys/data/system/docker/overlay2/ead481aa328f9b0fdcaf4b087184509d576b744c44851f75a22e849b0232374d-init/diff:/lzcsys/data/system/docker/overlay2/c0cc3072b27cd55660126139f7e8b9f96e87afb705ec6ff95aa57fb587064a41/diff:/lzcsys/data/system/docker/overlay2/2f06f153df5b511375c1791093b2a502b13a88c58b57a1f5612b139853c391c5/diff:/lzcsys/data/system/docker/overlay2/4cce0e708eec7f369a540caabf41dd47fe510c7c34f524fbc189e26acc7edad5/diff:/lzcsys/data/system/docker/overlay2/309d8db50c4c1518a49cd42032b4ec4a71f3a06b14c546d58ed211d5ddd26399/diff:/lzcsys/data/system/docker/overlay2/dfb14e19247ededc974b61ea8027eca0fdd28f58ca4f5a30a3361aeb2838b545/diff:/lzcsys/data/system/docker/overlay2/65b00e84317e41f16f7ccc950572a9ecbe361b8b608d981d8f24c7309a12e56d/diff:/lzcsys/data/system/docker/overlay2/1db9fe061a224879ed54afac913199be127d724e123d60bd6494e36952445d54/diff:/lzcsys/data/system/docker/overlay2/46e5edbc78f48f8b7b52c194d94b448ddd84682f721b9ae985af9cbfc6e4151b/diff:/lzcsys/data/system/docker/overlay2/a60f6652a1977e261e37fefaa938dc21da985d589d702a3faa71b792ca100d59/diff:/lzcsys/data/system/docker/overlay2/c35cf2f37e6e27d21f2984695f58e72d1cc8d1f4a62309a49795914291449b36/diff:/lzcsys/data/system/docker/overlay2/37ed8a197e831c915fd15f99a3bbcc36e7d42c2fdf890691ef1f6de9545e2667/diff",
                "MergedDir": "/lzcsys/data/system/docker/overlay2/ead481aa328f9b0fdcaf4b087184509d576b744c44851f75a22e849b0232374d/merged",
                "UpperDir": "/lzcsys/data/system/docker/overlay2/ead481aa328f9b0fdcaf4b087184509d576b744c44851f75a22e849b0232374d/diff",
                "WorkDir": "/lzcsys/data/system/docker/overlay2/ead481aa328f9b0fdcaf4b087184509d576b744c44851f75a22e849b0232374d/work"
            },
            "Name": "overlay2"
        },
        "Mounts": [
            {
                "Type": "bind",
                "Source": "/usr/share/zoneinfo",
                "Destination": "/usr/share/zoneinfo",
                "Mode": "ro",
                "RW": false,
                "Propagation": "rprivate"
            },
            {
                "Type": "bind",
                "Source": "/lzcsys/run/media",
                "Destination": "/lzcapp/run/mnt/media",
                "Mode": "",
                "RW": true,
                "Propagation": "shared"
            },
            {
                "Type": "bind",
                "Source": "/lzcsys/data/appcache/cloud.lazycat.aipod.rag",
                "Destination": "/lzcapp/cache",
                "Mode": "",
                "RW": true,
                "Propagation": "shared"
            },
            {
                "Type": "bind",
                "Source": "/lzcsys/run/app/cloud.lazycat.aipod.rag",
                "Destination": "/lzcapp/run",
                "Mode": "rw",
                "RW": true,
                "Propagation": "rprivate"
            },
            {
                "Type": "bind",
                "Source": "/run/lzc-sys",
                "Destination": "/lzcapp/run/sys",
                "Mode": "rw",
                "RW": true,
                "Propagation": "rprivate"
            },
            {
                "Type": "bind",
                "Source": "/lzcsys/sspks/lzc-runtime/lzcinit",
                "Destination": "/lzcinit/cloud.lazycat.aipod.rag",
                "Mode": "",
                "RW": true,
                "Propagation": "rprivate"
            },
            {
                "Type": "bind",
                "Source": "/lzcsys/data/document",
                "Destination": "/lzcapp/run/mnt/home",
                "Mode": "",
                "RW": true,
                "Propagation": "slave"
            },
            {
                "Type": "bind",
                "Source": "/lzcsys/data/appvar/cloud.lazycat.aipod.rag",
                "Destination": "/lzcapp/var",
                "Mode": "rw",
                "RW": true,
                "Propagation": "rprivate"
            },
            {
                "Type": "bind",
                "Source": "/lzcsys/run/media",
                "Destination": "/lzcapp/media",
                "Mode": "",
                "RW": true,
                "Propagation": "shared"
            },
            {
                "Type": "bind",
                "Source": "/lzcsys/data/document",
                "Destination": "/lzcapp/document",
                "Mode": "",
                "RW": true,
                "Propagation": "slave"
            },
            {
                "Type": "bind",
                "Source": "/lzcsys/data/system/pkgm/run/cloud.lazycat.aipod.rag/pkg/manifest.yml",
                "Destination": "/lzcapp/run/manifest.yml",
                "Mode": "rw",
                "RW": true,
                "Propagation": "rprivate"
            },
            {
                "Type": "bind",
                "Source": "/etc/localtime",
                "Destination": "/etc/localtime",
                "Mode": "rw",
                "RW": true,
                "Propagation": "rprivate"
            },
            {
                "Type": "bind",
                "Source": "/lzcsys/data/system/pkgm/apps/cloud.lazycat.aipod.rag/pkg",
                "Destination": "/lzcapp/pkg",
                "Mode": "",
                "RW": false,
                "Propagation": "rprivate"
            },
            {
                "Type": "bind",
                "Source": "/etc/ssl/certs/ca-certificates.crt",
                "Destination": "/etc/ssl/certs/ca-certificates.crt",
                "Mode": "",
                "RW": false,
                "Propagation": "rprivate"
            }
        ],
        "Config": {
            "Hostname": "86cac99ecb3e",
            "Domainname": "",
            "User": "",
            "AttachStdin": false,
            "AttachStdout": true,
            "AttachStderr": true,
            "ExposedPorts": {
                "3000/tcp": {}
            },
            "Tty": false,
            "OpenStdin": false,
            "StdinOnce": false,
            "Env": [
                "LAZYCAT_APP_DEPLOY_UID=",
                "LAZYCAT_USER_ID=",
                "LAZYCAT_BOX_DOMAIN=axy.heiyu.space",
                "LAZYCAT_APP_SERVICE_NAME=backend_videorag",
                "BLIP_URL=https://blip-ai.axy.heiyu.space",
                "CLIP_URL=https://clip-ai.axy.heiyu.space",
                "LZCAPP_API_GATEWAY_ADDRESS=app.cloud.lazycat.aipod.rag.lzcapp:81",
                "LAZYCAT_APP_ID=cloud.lazycat.aipod.rag",
                "LAZYCAT_BOX_NAME=axy",
                "ASR_URL=https://asr-ai.axy.heiyu.space",
                "LAZYCAT_APP_DOMAIN=rag.axy.heiyu.space",
                "CACHE_DIR=/lzcapp/var/videorag_v2",
                "PATH=/usr/local/bin:/usr/local/sbin:/usr/local/bin:/usr/sbin:/usr/bin:/sbin:/bin",
                "LANG=C.UTF-8",
                "GPG_KEY=7169605F62C751356D054A26A821E680E5FA6305",
                "PYTHON_VERSION=3.12.11",
                "PYTHON_SHA256=c30bb24b7f1e9a19b11b55a546434f74e739bb4c271a3e3a80ff4380d49f7adb",
                "DEBIAN_FRONTEND=noninteractive",
                "HF_ENDPOINT=https://hf-mirror.com",
                "HF_HOME=/app/models"
            ],
            "Cmd": [
                "python3",
                "server.py"
            ],
            "Healthcheck": {
                "Test": [
                    "CMD",
                    "curl",
                    "-f",
                    "http://localhost:3000/health"
                ],
                "StartPeriod": 60000000000,
                "StartInterval": 1000000000
            },
            "Image": "registry.lazycat.cloud/x/videorag/rag:93c36f3",
            "Volumes": null,
            "WorkingDir": "/app",
            "Entrypoint": null,
            "OnBuild": null,
            "Labels": {
                "com.docker.compose.config-hash": "45dede4eed11984f373b9deebb797944b17193f612954cb28c1eb5dca89d93e7",
                "com.docker.compose.container-number": "1",
                "com.docker.compose.depends_on": "",
                "com.docker.compose.image": "sha256:62367466e4eb9cb8cec14a33e7cccababc85657b086a6f39ee6826d456ff25af",
                "com.docker.compose.oneoff": "False",
                "com.docker.compose.project": "cloudlazycataipodrag",
                "com.docker.compose.project.config_files": "/lzcsys/data/system/pkgm/run/cloud.lazycat.aipod.rag/docker-compose.yml",
                "com.docker.compose.project.working_dir": "/lzcsys/data/system/pkgm/run/cloud.lazycat.aipod.rag",
                "com.docker.compose.service": "backend_videorag",
                "com.docker.compose.version": "2.32.4",
                "lzcapp.app-id": "cloud.lazycat.aipod.rag",
                "lzcapp.user-id": ""
            }
        },
        "NetworkSettings": {
            "Bridge": "",
            "SandboxID": "ab8c4da869d756c4156fd1ff4bf48b5dc9433cedc2d323da71c26c827125081e",
            "SandboxKey": "/lzcsys/run/lzc-docker/docker/netns/ab8c4da869d7",
            "Ports": {
                "3000/tcp": null
            },
            "HairpinMode": false,
            "LinkLocalIPv6Address": "",
            "LinkLocalIPv6PrefixLen": 0,
            "SecondaryIPAddresses": null,
            "SecondaryIPv6Addresses": null,
            "EndpointID": "",
            "Gateway": "",
            "GlobalIPv6Address": "",
            "GlobalIPv6PrefixLen": 0,
            "IPAddress": "",
            "IPPrefixLen": 0,
            "IPv6Gateway": "",
            "MacAddress": "",
            "Networks": {
                "cloudlazycataipodrag_default": {
                    "IPAMConfig": null,
                    "Links": null,
                    "Aliases": [
                        "cloudlazycataipodrag-backend_videorag-1",
                        "backend_videorag"
                    ],
                    "MacAddress": "02:42:ac:1c:04:46",
                    "DriverOpts": null,
                    "NetworkID": "89e6ebcad0a5e2c0c75bc52ed8a8e85faf3c32ca872dad2cfe57c2ee34ed09f0",
                    "EndpointID": "d01ffacf02ec0f7bc8a9f0ff3c139b6c2b957b9c947373fdee10d7f1745486e0",
                    "Gateway": "172.28.4.65",
                    "IPAddress": "172.28.4.70",
                    "IPPrefixLen": 26,
                    "IPv6Gateway": "fd03:1136:3800::441",
                    "GlobalIPv6Address": "fd03:1136:3800::446",
                    "GlobalIPv6PrefixLen": 122,
                    "DNSNames": [
                        "cloudlazycataipodrag-backend_videorag-1",
                        "backend_videorag",
                        "86cac99ecb3e"
                    ]
                }
            }
        }
    }
]
