[
    {
        "Id": "a8168fa366c60c75822cac38e5c9e7826cf1c6351b9f94b609231afc4ccd5444",
        "Created": "2025-11-14T15:45:37.545116715Z",
        "Path": "/lzcinit/cloud.lazycat.app.ai",
        "Args": [
            "-setup-script",
            "caddy"
        ],
        "State": {
            "Status": "running",
            "Running": true,
            "Paused": false,
            "Restarting": false,
            "OOMKilled": false,
            "Dead": false,
            "Pid": 12541,
            "ExitCode": 0,
            "Error": "",
            "StartedAt": "2025-11-14T15:46:18.182970677Z",
            "FinishedAt": "0001-01-01T00:00:00Z"
        },
        "Image": "sha256:11fc999a50826c05412b9175590fcf1c1b5ef6c98a08a872e6af4d2ee1c0b617",
        "ResolvConfPath": "/lzcsys/data/system/docker/containers/a8168fa366c60c75822cac38e5c9e7826cf1c6351b9f94b609231afc4ccd5444/resolv.conf",
        "HostnamePath": "/lzcsys/data/system/docker/containers/a8168fa366c60c75822cac38e5c9e7826cf1c6351b9f94b609231afc4ccd5444/hostname",
        "HostsPath": "/lzcsys/data/system/docker/containers/a8168fa366c60c75822cac38e5c9e7826cf1c6351b9f94b609231afc4ccd5444/hosts",
        "LogPath": "",
        "Name": "/cloudlazycatappai-caddy-1",
        "RestartCount": 0,
        "Driver": "overlay2",
        "Platform": "linux",
        "MountLabel": "",
        "ProcessLabel": "",
        "AppArmorProfile": "",
        "ExecIDs": null,
        "HostConfig": {
            "Binds": [
                "/lzcsys/run/app/cloud.lazycat.app.ai:/lzcapp/run:rw",
                "/lzcsys/data/appvar/cloud.lazycat.app.ai:/lzcapp/var:rw",
                "/run/lzc-sys:/lzcapp/run/sys:rw",
                "/lzcsys/data/system/pkgm/run/cloud.lazycat.app.ai/pkg/manifest.yml:/lzcapp/run/manifest.yml:rw",
                "/usr/share/zoneinfo:/usr/share/zoneinfo:ro",
                "/etc/localtime:/etc/localtime:rw"
            ],
            "ContainerIDFile": "",
            "LogConfig": {
                "Type": "lzc-logging-driver",
                "Config": {
                    "max-backups": "5",
                    "max-size": "20m"
                }
            },
            "NetworkMode": "cloudlazycatappai_default",
            "PortBindings": {},
            "RestartPolicy": {
                "Name": "no",
                "MaximumRetryCount": 0
            },
            "AutoRemove": false,
            "VolumeDriver": "",
            "VolumesFrom": null,
            "ConsoleSize": [
                0,
                0
            ],
            "CapAdd": null,
            "CapDrop": null,
            "CgroupnsMode": "private",
            "Dns": [
                "172.18.0.1"
            ],
            "DnsOptions": null,
            "DnsSearch": null,
            "ExtraHosts": [],
            "GroupAdd": null,
            "IpcMode": "private",
            "Cgroup": "",
            "Links": null,
            "OomScoreAdj": 500,
            "PidMode": "",
            "Privileged": false,
            "PublishAllPorts": false,
            "ReadonlyRootfs": false,
            "SecurityOpt": null,
            "UTSMode": "",
            "UsernsMode": "",
            "ShmSize": 67108864,
            "Runtime": "runc",
            "Isolation": "",
            "CpuShares": 0,
            "Memory": 0,
            "NanoCpus": 0,
            "CgroupParent": "lzcapp-cloud.lazycat.app.ai.slice",
            "BlkioWeight": 0,
            "BlkioWeightDevice": null,
            "BlkioDeviceReadBps": null,
            "BlkioDeviceWriteBps": null,
            "BlkioDeviceReadIOps": null,
            "BlkioDeviceWriteIOps": null,
            "CpuPeriod": 0,
            "CpuQuota": 0,
            "CpuRealtimePeriod": 0,
            "CpuRealtimeRuntime": 0,
            "CpusetCpus": "",
            "CpusetMems": "",
            "Devices": [
                {
                    "PathOnHost": "/dev/fuse",
                    "PathInContainer": "/dev/fuse",
                    "CgroupPermissions": "rwm"
                }
            ],
            "DeviceCgroupRules": null,
            "DeviceRequests": null,
            "MemoryReservation": 0,
            "MemorySwap": 0,
            "MemorySwappiness": null,
            "OomKillDisable": null,
            "PidsLimit": null,
            "Ulimits": null,
            "CpuCount": 0,
            "CpuPercent": 0,
            "IOMaximumIOps": 0,
            "IOMaximumBandwidth": 0,
            "Mounts": [
                {
                    "Type": "bind",
                    "Source": "/lzcsys/sspks/lzc-runtime/lzcinit",
                    "Target": "/lzcinit/cloud.lazycat.app.ai",
                    "BindOptions": {}
                },
                {
                    "Type": "bind",
                    "Source": "/lzcsys/data/system/pkgm/apps/cloud.lazycat.app.ai/pkg",
                    "Target": "/lzcapp/pkg",
                    "ReadOnly": true,
                    "BindOptions": {}
                },
                {
                    "Type": "bind",
                    "Source": "/etc/ssl/certs/ca-certificates.crt",
                    "Target": "/etc/ssl/certs/ca-certificates.crt",
                    "ReadOnly": true,
                    "BindOptions": {}
                },
                {
                    "Type": "bind",
                    "Source": "/lzcsys/data/document/",
                    "Target": "/lzcapp/run/mnt/home",
                    "BindOptions": {
                        "Propagation": "slave",
                        "CreateMountpoint": true
                    }
                },
                {
                    "Type": "bind",
                    "Source": "/lzcsys/data/document/",
                    "Target": "/lzcapp/document",
                    "BindOptions": {
                        "Propagation": "slave",
                        "CreateMountpoint": true
                    }
                },
                {
                    "Type": "bind",
                    "Source": "/lzcsys/data/appcache/cloud.lazycat.app.ai",
                    "Target": "/lzcapp/cache",
                    "BindOptions": {
                        "Propagation": "shared"
                    }
                }
            ],
            "MaskedPaths": [
                "/proc/asound",
                "/proc/acpi",
                "/proc/kcore",
                "/proc/keys",
                "/proc/latency_stats",
                "/proc/timer_list",
                "/proc/timer_stats",
                "/proc/sched_debug",
                "/proc/scsi",
                "/sys/firmware",
                "/sys/devices/virtual/powercap"
            ],
            "ReadonlyPaths": [
                "/proc/bus",
                "/proc/fs",
                "/proc/irq",
                "/proc/sys",
                "/proc/sysrq-trigger"
            ],
            "Init": false
        },
        "GraphDriver": {
            "Data": {
                "LowerDir": "/lzcsys/data/system/docker/overlay2/c1620bfea80bc0650a93c3e0779f295a53cfdfd3cd6f9227d91b4af998086224-init/diff:/lzcsys/data/system/docker/overlay2/5953213f4576d293703052d918472a508e4938f598c941d35758476a8a4357e1/diff:/lzcsys/data/system/docker/overlay2/adbb533947bb77fbeed6a4eb94654c3ea0f6b0ec62909a5844641323be5feedd/diff:/lzcsys/data/system/docker/overlay2/ecfb20fd55f4ffba7e9d3638597d6b36a56811315cbad2782e213cba82403e64/diff:/lzcsys/data/system/docker/overlay2/d71c58e7f880804d705e9c4c727aaffb45972bb29d98df5c9e5dd4bed1c2702b/diff:/lzcsys/data/system/docker/overlay2/2231abda7154e074b53b85cc9816aaa29d031edeef193fc7328d8e4265ff147e/diff:/lzcsys/data/system/docker/overlay2/6972f6d8f45a9b61e94b87582bb5828aabadd54df9b38d0ef5acee318c760deb/diff:/lzcsys/data/system/docker/overlay2/38620462f2ee1364be04cd47e7f0260d1292b232a4272bed4991da039f00174d/diff",
                "MergedDir": "/lzcsys/data/system/docker/overlay2/c1620bfea80bc0650a93c3e0779f295a53cfdfd3cd6f9227d91b4af998086224/merged",
                "UpperDir": "/lzcsys/data/system/docker/overlay2/c1620bfea80bc0650a93c3e0779f295a53cfdfd3cd6f9227d91b4af998086224/diff",
                "WorkDir": "/lzcsys/data/system/docker/overlay2/c1620bfea80bc0650a93c3e0779f295a53cfdfd3cd6f9227d91b4af998086224/work"
            },
            "Name": "overlay2"
        },
        "Mounts": [
            {
                "Type": "bind",
                "Source": "/lzcsys/run/app/cloud.lazycat.app.ai",
                "Destination": "/lzcapp/run",
                "Mode": "rw",
                "RW": true,
                "Propagation": "rprivate"
            },
            {
                "Type": "bind",
                "Source": "/lzcsys/data/appvar/cloud.lazycat.app.ai",
                "Destination": "/lzcapp/var",
                "Mode": "rw",
                "RW": true,
                "Propagation": "rprivate"
            },
            {
                "Type": "bind",
                "Source": "/lzcsys/data/system/pkgm/run/cloud.lazycat.app.ai/pkg/manifest.yml",
                "Destination": "/lzcapp/run/manifest.yml",
                "Mode": "rw",
                "RW": true,
                "Propagation": "rprivate"
            },
            {
                "Type": "bind",
                "Source": "/usr/share/zoneinfo",
                "Destination": "/usr/share/zoneinfo",
                "Mode": "ro",
                "RW": false,
                "Propagation": "rprivate"
            },
            {
                "Type": "bind",
                "Source": "/lzcsys/data/document",
                "Destination": "/lzcapp/run/mnt/home",
                "Mode": "",
                "RW": true,
                "Propagation": "slave"
            },
            {
                "Type": "bind",
                "Source": "/lzcsys/data/document",
                "Destination": "/lzcapp/document",
                "Mode": "",
                "RW": true,
                "Propagation": "slave"
            },
            {
                "Type": "bind",
                "Source": "/run/lzc-sys",
                "Destination": "/lzcapp/run/sys",
                "Mode": "rw",
                "RW": true,
                "Propagation": "rprivate"
            },
            {
                "Type": "bind",
                "Source": "/etc/localtime",
                "Destination": "/etc/localtime",
                "Mode": "rw",
                "RW": true,
                "Propagation": "rprivate"
            },
            {
                "Type": "bind",
                "Source": "/lzcsys/sspks/lzc-runtime/lzcinit",
                "Destination": "/lzcinit/cloud.lazycat.app.ai",
                "Mode": "",
                "RW": true,
                "Propagation": "rprivate"
            },
            {
                "Type": "bind",
                "Source": "/lzcsys/data/system/pkgm/apps/cloud.lazycat.app.ai/pkg",
                "Destination": "/lzcapp/pkg",
                "Mode": "",
                "RW": false,
                "Propagation": "rprivate"
            },
            {
                "Type": "bind",
                "Source": "/etc/ssl/certs/ca-certificates.crt",
                "Destination": "/etc/ssl/certs/ca-certificates.crt",
                "Mode": "",
                "RW": false,
                "Propagation": "rprivate"
            },
            {
                "Type": "bind",
                "Source": "/lzcsys/data/appcache/cloud.lazycat.app.ai",
                "Destination": "/lzcapp/cache",
                "Mode": "",
                "RW": true,
                "Propagation": "shared"
            }
        ],
        "Config": {
            "Hostname": "a8168fa366c6",
            "Domainname": "",
            "User": "0",
            "AttachStdin": false,
            "AttachStdout": true,
            "AttachStderr": true,
            "ExposedPorts": {
                "2019/tcp": {},
                "443/tcp": {},
                "443/udp": {},
                "80/tcp": {}
            },
            "Tty": false,
            "OpenStdin": false,
            "StdinOnce": false,
            "Env": [
                "LAZYCAT_APP_DEPLOY_UID=",
                "LAZYCAT_APP_DOMAIN=ai.axy.heiyu.space",
                "LAZYCAT_APP_ID=cloud.lazycat.app.ai",
                "LAZYCAT_APP_SERVICE_NAME=caddy",
                "LAZYCAT_BOX_DOMAIN=axy.heiyu.space",
                "LAZYCAT_BOX_NAME=axy",
                "LAZYCAT_USER_ID=",
                "LZCAPP_API_GATEWAY_ADDRESS=app.cloud.lazycat.app.ai.lzcapp:81",
                "PATH=/usr/local/sbin:/usr/local/bin:/usr/sbin:/usr/bin:/sbin:/bin",
                "CADDY_VERSION=v2.10.2",
                "XDG_CONFIG_HOME=/config",
                "XDG_DATA_HOME=/data"
            ],
            "Cmd": [
                "-setup-script",
                "caddy"
            ],
            "Image": "registry.lazycat.cloud/catdogai/caddy-aipod:6c2f94c3",
            "Volumes": null,
            "WorkingDir": "/srv",
            "Entrypoint": [
                "/lzcinit/cloud.lazycat.app.ai"
            ],
            "OnBuild": null,
            "Labels": {
                "com.docker.compose.config-hash": "e0163f43180cce9c8bb0bca8803fffd0bddba1cde577e4da2150a7f769c67be4",
                "com.docker.compose.container-number": "1",
                "com.docker.compose.depends_on": "",
                "com.docker.compose.image": "sha256:11fc999a50826c05412b9175590fcf1c1b5ef6c98a08a872e6af4d2ee1c0b617",
                "com.docker.compose.oneoff": "False",
                "com.docker.compose.project": "cloudlazycatappai",
                "com.docker.compose.project.config_files": "/lzcsys/data/system/pkgm/run/cloud.lazycat.app.ai/docker-compose.yml,/lzcsys/data/system/pkgm/run/cloud.lazycat.app.ai/compose.override.yml",
                "com.docker.compose.project.working_dir": "/lzcsys/data/system/pkgm/run/cloud.lazycat.app.ai",
                "com.docker.compose.service": "caddy",
                "com.docker.compose.version": "2.32.4",
                "lzcapp.app-id": "cloud.lazycat.app.ai",
                "lzcapp.user-id": "",
                "org.opencontainers.image.description": "a powerful, enterprise-ready, open source web server with automatic HTTPS written in Go",
                "org.opencontainers.image.documentation": "https://caddyserver.com/docs",
                "org.opencontainers.image.licenses": "Apache-2.0",
                "org.opencontainers.image.source": "https://github.com/caddyserver/caddy-docker",
                "org.opencontainers.image.title": "Caddy",
                "org.opencontainers.image.url": "https://caddyserver.com",
                "org.opencontainers.image.vendor": "Light Code Labs",
                "org.opencontainers.image.version": "v2.10.2"
            }
        },
        "NetworkSettings": {
            "Bridge": "",
            "SandboxID": "fddcce1db207d953d28de8ba75accd309fe0c48d8616b70142c9331a1db1fb41",
            "SandboxKey": "/lzcsys/run/lzc-docker/docker/netns/fddcce1db207",
            "Ports": {
                "2019/tcp": null,
                "443/tcp": null,
                "443/udp": null,
                "80/tcp": null
            },
            "HairpinMode": false,
            "LinkLocalIPv6Address": "",
            "LinkLocalIPv6PrefixLen": 0,
            "SecondaryIPAddresses": null,
            "SecondaryIPv6Addresses": null,
            "EndpointID": "",
            "Gateway": "",
            "GlobalIPv6Address": "",
            "GlobalIPv6PrefixLen": 0,
            "IPAddress": "",
            "IPPrefixLen": 0,
            "IPv6Gateway": "",
            "MacAddress": "",
            "Networks": {
                "cloudlazycatappai_default": {
                    "IPAMConfig": null,
                    "Links": null,
                    "Aliases": [
                        "cloudlazycatappai-caddy-1",
                        "caddy"
                    ],
                    "MacAddress": "02:42:ac:1c:00:c5",
                    "DriverOpts": null,
                    "NetworkID": "5bbcae0c6078732adb14c824dc7bccaed257ee2dca05a6e328554e2227693914",
                    "EndpointID": "2a9f0e3ebb5925d229174dde8ec7594ba7902b2dcf1b21d4fc68a1fe05a95cc7",
                    "Gateway": "172.28.0.193",
                    "IPAddress": "172.28.0.197",
                    "IPPrefixLen": 26,
                    "IPv6Gateway": "fd03:1136:3800::c1",
                    "GlobalIPv6Address": "fd03:1136:3800::c5",
                    "GlobalIPv6PrefixLen": 122,
                    "DNSNames": [
                        "cloudlazycatappai-caddy-1",
                        "caddy",
                        "a8168fa366c6"
                    ]
                }
            }
        }
    }
]
