[
    {
        "Id": "d2068bff4daf0304e528af628d2d6e40e8753d3176dddc91b04b7dade634638c",
        "Created": "2025-11-14T15:45:11.336356954Z",
        "Path": "/lzcinit/cloud.lazycat.shell.files",
        "Args": [
            "-listen",
            ":80",
            "-grpc_listen",
            ":81"
        ],
        "State": {
            "Status": "running",
            "Running": true,
            "Paused": false,
            "Restarting": false,
            "OOMKilled": false,
            "Dead": false,
            "Pid": 8716,
            "ExitCode": 0,
            "Error": "",
            "StartedAt": "2025-11-14T15:45:37.738962032Z",
            "FinishedAt": "0001-01-01T00:00:00Z",
            "Health": {
                "Status": "healthy",
                "FailingStreak": 0,
                "Log": [
                    {
                        "Start": "2025-11-16T20:43:33.512388233+08:00",
                        "End": "2025-11-16T20:43:33.56805258+08:00",
                        "ExitCode": 0,
                        "Output": ""
                    },
                    {
                        "Start": "2025-11-16T20:44:03.568757478+08:00",
                        "End": "2025-11-16T20:44:03.632026082+08:00",
                        "ExitCode": 0,
                        "Output": ""
                    },
                    {
                        "Start": "2025-11-16T20:44:33.634398938+08:00",
                        "End": "2025-11-16T20:44:33.754012066+08:00",
                        "ExitCode": 0,
                        "Output": ""
                    },
                    {
                        "Start": "2025-11-16T20:45:03.755013162+08:00",
                        "End": "2025-11-16T20:45:03.882850279+08:00",
                        "ExitCode": 0,
                        "Output": ""
                    },
                    {
                        "Start": "2025-11-16T20:45:33.883883044+08:00",
                        "End": "2025-11-16T20:45:33.960558642+08:00",
                        "ExitCode": 0,
                        "Output": ""
                    }
                ]
            }
        },
        "Image": "sha256:c138b5108df5be24ac86431b3f7390e6d94a8ce8ecaac5bc283e6e8613105672",
        "ResolvConfPath": "/lzcsys/data/system/docker/containers/d2068bff4daf0304e528af628d2d6e40e8753d3176dddc91b04b7dade634638c/resolv.conf",
        "HostnamePath": "/lzcsys/data/system/docker/containers/d2068bff4daf0304e528af628d2d6e40e8753d3176dddc91b04b7dade634638c/hostname",
        "HostsPath": "/lzcsys/data/system/docker/containers/d2068bff4daf0304e528af628d2d6e40e8753d3176dddc91b04b7dade634638c/hosts",
        "LogPath": "",
        "Name": "/cloudlazycatshellfiles-app-1",
        "RestartCount": 0,
        "Driver": "overlay2",
        "Platform": "linux",
        "MountLabel": "",
        "ProcessLabel": "",
        "AppArmorProfile": "",
        "ExecIDs": null,
        "HostConfig": {
            "Binds": [
                "/lzcsys/data/system/pkgm/run/cloud.lazycat.shell.files/pkg/manifest.yml:/lzcapp/run/manifest.yml:rw",
                "/lzcsys/run/app/cloud.lazycat.shell.files:/lzcapp/run:rw",
                "/run/lzc-sys:/lzcapp/run/sys:rw",
                "/data/snapshot:/lzcapp/run/mnt/media/snapshot:rw",
                "/lzcsys/data/appvar/cloud.lazycat.shell.files:/lzcapp/var:rw",
                "/etc/localtime:/etc/localtime:rw",
                "/usr/share/zoneinfo:/usr/share/zoneinfo:ro"
            ],
            "ContainerIDFile": "",
            "LogConfig": {
                "Type": "lzc-logging-driver",
                "Config": {
                    "max-backups": "5",
                    "max-size": "20m"
                }
            },
            "NetworkMode": "cloudlazycatshellfiles_default",
            "PortBindings": {},
            "RestartPolicy": {
                "Name": "no",
                "MaximumRetryCount": 0
            },
            "AutoRemove": false,
            "VolumeDriver": "",
            "VolumesFrom": null,
            "ConsoleSize": [
                0,
                0
            ],
            "CapAdd": [
                "SYS_ADMIN"
            ],
            "CapDrop": null,
            "CgroupnsMode": "private",
            "Dns": [
                "172.18.0.1"
            ],
            "DnsOptions": null,
            "DnsSearch": null,
            "ExtraHosts": [],
            "GroupAdd": null,
            "IpcMode": "private",
            "Cgroup": "",
            "Links": null,
            "OomScoreAdj": 500,
            "PidMode": "",
            "Privileged": false,
            "PublishAllPorts": false,
            "ReadonlyRootfs": false,
            "SecurityOpt": null,
            "UTSMode": "",
            "UsernsMode": "",
            "ShmSize": 67108864,
            "Runtime": "runc",
            "Isolation": "",
            "CpuShares": 0,
            "Memory": 0,
            "NanoCpus": 0,
            "CgroupParent": "lzcapp-cloud.lazycat.shell.files.slice",
            "BlkioWeight": 0,
            "BlkioWeightDevice": null,
            "BlkioDeviceReadBps": null,
            "BlkioDeviceWriteBps": null,
            "BlkioDeviceReadIOps": null,
            "BlkioDeviceWriteIOps": null,
            "CpuPeriod": 0,
            "CpuQuota": 0,
            "CpuRealtimePeriod": 0,
            "CpuRealtimeRuntime": 0,
            "CpusetCpus": "",
            "CpusetMems": "",
            "Devices": [
                {
                    "PathOnHost": "/dev/fuse",
                    "PathInContainer": "/dev/fuse",
                    "CgroupPermissions": "rwm"
                },
                {
                    "PathOnHost": "/dev/dri",
                    "PathInContainer": "/dev/dri",
                    "CgroupPermissions": "rwm"
                }
            ],
            "DeviceCgroupRules": null,
            "DeviceRequests": null,
            "MemoryReservation": 0,
            "MemorySwap": 0,
            "MemorySwappiness": null,
            "OomKillDisable": null,
            "PidsLimit": null,
            "Ulimits": null,
            "CpuCount": 0,
            "CpuPercent": 0,
            "IOMaximumIOps": 0,
            "IOMaximumBandwidth": 0,
            "Mounts": [
                {
                    "Type": "bind",
                    "Source": "/lzcsys/run/media",
                    "Target": "/lzcapp/run/mnt/media",
                    "BindOptions": {
                        "Propagation": "shared",
                        "CreateMountpoint": true
                    }
                },
                {
                    "Type": "bind",
                    "Source": "/lzcsys/data/appvar/",
                    "Target": "/lzcapp/run/data/app/var",
                    "BindOptions": {
                        "Propagation": "slave",
                        "CreateMountpoint": true
                    }
                },
                {
                    "Type": "bind",
                    "Source": "/lzcsys/data/appcache/",
                    "Target": "/lzcapp/run/data/app/cache",
                    "BindOptions": {
                        "Propagation": "slave",
                        "CreateMountpoint": true
                    }
                },
                {
                    "Type": "bind",
                    "Source": "/lzcsys/sspks/lzc-runtime/lzcinit",
                    "Target": "/lzcinit/cloud.lazycat.shell.files",
                    "BindOptions": {}
                },
                {
                    "Type": "bind",
                    "Source": "/lzcsys/data/appcache/cloud.lazycat.shell.files",
                    "Target": "/lzcapp/cache",
                    "BindOptions": {
                        "Propagation": "shared"
                    }
                },
                {
                    "Type": "bind",
                    "Source": "/lzcsys/run/media",
                    "Target": "/lzcapp/media",
                    "BindOptions": {
                        "Propagation": "shared",
                        "CreateMountpoint": true
                    }
                },
                {
                    "Type": "bind",
                    "Source": "/lzcsys/data/system/pkgm/apps/cloud.lazycat.shell.files/pkg",
                    "Target": "/lzcapp/pkg",
                    "ReadOnly": true,
                    "BindOptions": {}
                },
                {
                    "Type": "bind",
                    "Source": "/lzcsys/data/document/",
                    "Target": "/lzcapp/run/mnt/home",
                    "BindOptions": {
                        "Propagation": "slave",
                        "CreateMountpoint": true
                    }
                },
                {
                    "Type": "bind",
                    "Source": "/lzcsys/data/document/",
                    "Target": "/lzcapp/document",
                    "BindOptions": {
                        "Propagation": "slave",
                        "CreateMountpoint": true
                    }
                },
                {
                    "Type": "bind",
                    "Source": "/lzcsys/run/file_handler/globs2",
                    "Target": "/usr/share/mime/globs2",
                    "ReadOnly": true,
                    "BindOptions": {}
                },
                {
                    "Type": "bind",
                    "Source": "/etc/ssl/certs/ca-certificates.crt",
                    "Target": "/etc/ssl/certs/ca-certificates.crt",
                    "ReadOnly": true,
                    "BindOptions": {}
                }
            ],
            "MaskedPaths": [
                "/proc/asound",
                "/proc/acpi",
                "/proc/kcore",
                "/proc/keys",
                "/proc/latency_stats",
                "/proc/timer_list",
                "/proc/timer_stats",
                "/proc/sched_debug",
                "/proc/scsi",
                "/sys/firmware",
                "/sys/devices/virtual/powercap"
            ],
            "ReadonlyPaths": [
                "/proc/bus",
                "/proc/fs",
                "/proc/irq",
                "/proc/sys",
                "/proc/sysrq-trigger"
            ]
        },
        "GraphDriver": {
            "Data": {
                "LowerDir": "/lzcsys/data/system/docker/overlay2/911033bb1ccbc43c5e305190f5f35f951da76efbc0d510a32c334fd862a3add2-init/diff:/lzcsys/data/system/docker/overlay2/928c95f827aab8f62f1ad5b82b8f0c83bc539bf50e5607054cc3a76af3ceb623/diff:/lzcsys/data/system/docker/overlay2/85bcabf8b3a170f105721c995dd83f50d8d333583fa7d5c4f145f82735329acc/diff:/lzcsys/data/system/docker/overlay2/2c6b7779dc2360655bf0efa24df85e58b8ff963ce0ec4b4636889fccfd0e66bf/diff:/lzcsys/data/system/docker/overlay2/85d16901c8ac138bbfd0a18155c240fd08cb445509635e759ba05bcc23e3d6af/diff:/lzcsys/data/system/docker/overlay2/3f24c5daa6f32f2e7caedbd708d6e26db07a1ec9d2618b72f4eabd0f1b1e07be/diff:/lzcsys/data/system/docker/overlay2/6f6d7e08eed82d6441a73277bcac4c51bcb8c9628afcb6062289fe6ba45bf69c/diff:/lzcsys/data/system/docker/overlay2/eb56cb3c47d6a9945445982431fff094e91814c88481eaa055bfc4fce43c10a4/diff:/lzcsys/data/system/docker/overlay2/e88a8a6e4c66828e887aa1e1b37d275e4e17d78d3bb88c90321c6db3a72bde3e/diff:/lzcsys/data/system/docker/overlay2/cb2f763ed83f8b88b7cc5776ce43909f220d9d7e48c89f0a0d5d3ddaeeaf3f27/diff:/lzcsys/data/system/docker/overlay2/9aefdfb04e57b51aa9e6a8923d5bbcf847dd913d3a6b3ca80cd68c8c53b6a81b/diff:/lzcsys/data/system/docker/overlay2/2ece027c44410da6ef213b35c1b863d7cd0bd942fddb674b5de8e9574876f172/diff:/lzcsys/data/system/docker/overlay2/cab6361182e033b3b83a1b3c5ebc2feef48f40bd7ed563f2c28a96063ea92c0f/diff:/lzcsys/data/system/docker/overlay2/2b5c3d806e70648c8ba8e52802aa5ecd0150b8cf1ef1931bb3205a92806c4ebe/diff:/lzcsys/data/system/docker/overlay2/c2366974125328468d83d9c585616b8ca5abe621387d2772509a1bf8e0c798fd/diff:/lzcsys/data/system/docker/overlay2/3ddcab8ff69a1c0e022229ceba6611930580a773a4d27fe2a95b46a205893460/diff:/lzcsys/data/system/docker/overlay2/72a83b5a511a55a7d2e6555d83c8e6375016d71960e3708497874e18fe5fc428/diff:/lzcsys/data/system/docker/overlay2/373e68755b73378430973f195bd03169846feb3a8125aa86c524eb1b6120eb19/diff:/lzcsys/data/system/docker/overlay2/f7b692b9f0236f12f6897be3e2f2087944257e2e5bb80f74a46feb9134936f51/diff:/lzcsys/data/system/docker/overlay2/11ee6657b0686a6d5ba9285e5b78cc73865611a37f12c6bcbd2ec82afc34feca/diff:/lzcsys/data/system/docker/overlay2/bbb6c69684e3b54661d839b7ce2cf3680e3d4ec4065d0c080659c6aad177c51d/diff:/lzcsys/data/system/docker/overlay2/6de3a832b2576a372b7698f95e9d5ced3283d4bdb7668e47f7e3c514265cd786/diff:/lzcsys/data/system/docker/overlay2/d3441a46e118a7d3ea25451eb9960bd6c7751b1a80610d58f936e07634d3b7e2/diff:/lzcsys/data/system/docker/overlay2/10a934692e881bd0a3d82e1f76be7a1c7d95f66b693f20a0007b9dca5b18d7f8/diff",
                "MergedDir": "/lzcsys/data/system/docker/overlay2/911033bb1ccbc43c5e305190f5f35f951da76efbc0d510a32c334fd862a3add2/merged",
                "UpperDir": "/lzcsys/data/system/docker/overlay2/911033bb1ccbc43c5e305190f5f35f951da76efbc0d510a32c334fd862a3add2/diff",
                "WorkDir": "/lzcsys/data/system/docker/overlay2/911033bb1ccbc43c5e305190f5f35f951da76efbc0d510a32c334fd862a3add2/work"
            },
            "Name": "overlay2"
        },
        "Mounts": [
            {
                "Type": "bind",
                "Source": "/lzcsys/data/appvar/cloud.lazycat.shell.files",
                "Destination": "/lzcapp/var",
                "Mode": "rw",
                "RW": true,
                "Propagation": "rprivate"
            },
            {
                "Type": "bind",
                "Source": "/lzcsys/data/appvar",
                "Destination": "/lzcapp/run/data/app/var",
                "Mode": "",
                "RW": true,
                "Propagation": "slave"
            },
            {
                "Type": "bind",
                "Source": "/lzcsys/data/appcache",
                "Destination": "/lzcapp/run/data/app/cache",
                "Mode": "",
                "RW": true,
                "Propagation": "slave"
            },
            {
                "Type": "bind",
                "Source": "/lzcsys/run/media",
                "Destination": "/lzcapp/media",
                "Mode": "",
                "RW": true,
                "Propagation": "shared"
            },
            {
                "Type": "bind",
                "Source": "/lzcsys/data/system/pkgm/apps/cloud.lazycat.shell.files/pkg",
                "Destination": "/lzcapp/pkg",
                "Mode": "",
                "RW": false,
                "Propagation": "rprivate"
            },
            {
                "Type": "bind",
                "Source": "/data/snapshot",
                "Destination": "/lzcapp/run/mnt/media/snapshot",
                "Mode": "rw",
                "RW": true,
                "Propagation": "rprivate"
            },
            {
                "Type": "bind",
                "Source": "/usr/share/zoneinfo",
                "Destination": "/usr/share/zoneinfo",
                "Mode": "ro",
                "RW": false,
                "Propagation": "rprivate"
            },
            {
                "Type": "bind",
                "Source": "/lzcsys/run/media",
                "Destination": "/lzcapp/run/mnt/media",
                "Mode": "",
                "RW": true,
                "Propagation": "shared"
            },
            {
                "Type": "bind",
                "Source": "/lzcsys/sspks/lzc-runtime/lzcinit",
                "Destination": "/lzcinit/cloud.lazycat.shell.files",
                "Mode": "",
                "RW": true,
                "Propagation": "rprivate"
            },
            {
                "Type": "bind",
                "Source": "/lzcsys/data/document",
                "Destination": "/lzcapp/run/mnt/home",
                "Mode": "",
                "RW": true,
                "Propagation": "slave"
            },
            {
                "Type": "bind",
                "Source": "/lzcsys/run/file_handler/globs2",
                "Destination": "/usr/share/mime/globs2",
                "Mode": "",
                "RW": false,
                "Propagation": "rprivate"
            },
            {
                "Type": "bind",
                "Source": "/etc/ssl/certs/ca-certificates.crt",
                "Destination": "/etc/ssl/certs/ca-certificates.crt",
                "Mode": "",
                "RW": false,
                "Propagation": "rprivate"
            },
            {
                "Type": "bind",
                "Source": "/etc/localtime",
                "Destination": "/etc/localtime",
                "Mode": "rw",
                "RW": true,
                "Propagation": "rprivate"
            },
            {
                "Type": "bind",
                "Source": "/lzcsys/run/app/cloud.lazycat.shell.files",
                "Destination": "/lzcapp/run",
                "Mode": "rw",
                "RW": true,
                "Propagation": "rprivate"
            },
            {
                "Type": "bind",
                "Source": "/lzcsys/data/appcache/cloud.lazycat.shell.files",
                "Destination": "/lzcapp/cache",
                "Mode": "",
                "RW": true,
                "Propagation": "shared"
            },
            {
                "Type": "bind",
                "Source": "/lzcsys/data/system/pkgm/run/cloud.lazycat.shell.files/pkg/manifest.yml",
                "Destination": "/lzcapp/run/manifest.yml",
                "Mode": "rw",
                "RW": true,
                "Propagation": "rprivate"
            },
            {
                "Type": "bind",
                "Source": "/lzcsys/data/document",
                "Destination": "/lzcapp/document",
                "Mode": "",
                "RW": true,
                "Propagation": "slave"
            },
            {
                "Type": "bind",
                "Source": "/run/lzc-sys",
                "Destination": "/lzcapp/run/sys",
                "Mode": "rw",
                "RW": true,
                "Propagation": "rprivate"
            }
        ],
        "Config": {
            "Hostname": "d2068bff4daf",
            "Domainname": "",
            "User": "",
            "AttachStdin": false,
            "AttachStdout": true,
            "AttachStderr": true,
            "Tty": false,
            "OpenStdin": false,
            "StdinOnce": false,
            "Env": [
                "LZCAPP_API_GATEWAY_ADDRESS=app.cloud.lazycat.shell.files.lzcapp:81",
                "LAZYCAT_APP_DEPLOY_UID=",
                "LAZYCAT_APP_DOMAIN=file.axy.heiyu.space",
                "LAZYCAT_APP_ID=cloud.lazycat.shell.files",
                "LAZYCAT_APP_SERVICE_NAME=app",
                "LAZYCAT_BOX_DOMAIN=axy.heiyu.space",
                "LAZYCAT_BOX_NAME=axy",
                "LAZYCAT_USER_ID=",
                "PATH=/usr/local/sbin:/usr/local/bin:/usr/sbin:/usr/bin:/sbin:/bin",
                "DEBIAN_FRONTEND=noninteractive",
                "LC_ALL=zh_CN.UTF-8",
                "HOME=/lzcapp/cache"
            ],
            "Cmd": [
                "/lzcinit/cloud.lazycat.shell.files",
                "-listen",
                ":80",
                "-grpc_listen",
                ":81"
            ],
            "Healthcheck": {
                "Test": [
                    "CMD",
                    "/lzcinit/cloud.lazycat.shell.files",
                    "-healthcheck"
                ],
                "StartPeriod": 300000000000,
                "StartInterval": 1000000000
            },
            "Image": "registry.lazycat.cloud/lzc/lzc-files:v0.1.55",
            "Volumes": null,
            "WorkingDir": "",
            "Entrypoint": null,
            "OnBuild": null,
            "Labels": {
                "com.docker.compose.config-hash": "d9da2084f0dd42b63dcfc5f33e400aa155658ce4001aa4d1934852a39886fed3",
                "com.docker.compose.container-number": "1",
                "com.docker.compose.depends_on": "",
                "com.docker.compose.image": "sha256:c138b5108df5be24ac86431b3f7390e6d94a8ce8ecaac5bc283e6e8613105672",
                "com.docker.compose.oneoff": "False",
                "com.docker.compose.project": "cloudlazycatshellfiles",
                "com.docker.compose.project.config_files": "/lzcsys/data/system/pkgm/run/cloud.lazycat.shell.files/docker-compose.yml,/lzcsys/data/system/pkgm/run/cloud.lazycat.shell.files/compose.override.yml",
                "com.docker.compose.project.working_dir": "/lzcsys/data/system/pkgm/run/cloud.lazycat.shell.files",
                "com.docker.compose.service": "app",
                "com.docker.compose.version": "2.32.4",
                "lzcapp.app-id": "cloud.lazycat.shell.files",
                "lzcapp.user-id": ""
            }
        },
        "NetworkSettings": {
            "Bridge": "",
            "SandboxID": "12ef0517c88cee4210a3601b5cc8dd2bfc8e85a5cea7be06875087c22de6185e",
            "SandboxKey": "/lzcsys/run/lzc-docker/docker/netns/12ef0517c88c",
            "Ports": {},
            "HairpinMode": false,
            "LinkLocalIPv6Address": "",
            "LinkLocalIPv6PrefixLen": 0,
            "SecondaryIPAddresses": null,
            "SecondaryIPv6Addresses": null,
            "EndpointID": "",
            "Gateway": "",
            "GlobalIPv6Address": "",
            "GlobalIPv6PrefixLen": 0,
            "IPAddress": "",
            "IPPrefixLen": 0,
            "IPv6Gateway": "",
            "MacAddress": "",
            "Networks": {
                "cloudlazycatshellfiles_default": {
                    "IPAMConfig": null,
                    "Links": null,
                    "Aliases": [
                        "cloudlazycatshellfiles-app-1",
                        "app"
                    ],
                    "MacAddress": "02:42:ac:1c:00:46",
                    "DriverOpts": null,
                    "NetworkID": "e53208727f16c5e37b8f178247e75e99135a9f81809775ef80397e64c615d422",
                    "EndpointID": "ab683f5c8cd079ce158b40345458c0928a1f191626af783197cd378a72e0a182",
                    "Gateway": "172.28.0.65",
                    "IPAddress": "172.28.0.70",
                    "IPPrefixLen": 26,
                    "IPv6Gateway": "fd03:1136:3800::41",
                    "GlobalIPv6Address": "fd03:1136:3800::46",
                    "GlobalIPv6PrefixLen": 122,
                    "DNSNames": [
                        "cloudlazycatshellfiles-app-1",
                        "app",
                        "d2068bff4daf"
                    ]
                }
            }
        }
    }
]
