[
    {
        "Id": "4d426929027afb81bdaba75cd7cad45746a2921971fa9d1f0d623f957f1632c5",
        "Created": "2025-11-16T00:58:36.962464711Z",
        "Path": "python",
        "Args": [
            "/app/app.py"
        ],
        "State": {
            "Status": "running",
            "Running": true,
            "Paused": false,
            "Restarting": false,
            "OOMKilled": false,
            "Dead": false,
            "Pid": 759243,
            "ExitCode": 0,
            "Error": "",
            "StartedAt": "2025-11-16T00:58:39.910733985Z",
            "FinishedAt": "0001-01-01T00:00:00Z"
        },
        "Image": "sha256:5fcfaa401882ea57404ded60ea34c7d7332ed8fb0d00e57f2931c2655b4d5553",
        "ResolvConfPath": "/lzcsys/data/system/docker/containers/4d426929027afb81bdaba75cd7cad45746a2921971fa9d1f0d623f957f1632c5/resolv.conf",
        "HostnamePath": "/lzcsys/data/system/docker/containers/4d426929027afb81bdaba75cd7cad45746a2921971fa9d1f0d623f957f1632c5/hostname",
        "HostsPath": "/lzcsys/data/system/docker/containers/4d426929027afb81bdaba75cd7cad45746a2921971fa9d1f0d623f957f1632c5/hosts",
        "LogPath": "",
        "Name": "/cloudlazycatapplogviewer-webapp-1",
        "RestartCount": 0,
        "Driver": "overlay2",
        "Platform": "linux",
        "MountLabel": "",
        "ProcessLabel": "",
        "AppArmorProfile": "",
        "ExecIDs": null,
        "HostConfig": {
            "Binds": [
                "/lzcsys/data/appvar/cloud.lazycat.app.logviewer:/storage/zips:rw",
                "/lzcsys/data/system/pkgm/apps/cloud.lazycat.app.logviewer/pkg/content:/app:rw",
                "/lzcsys/data/appvar/cloud.lazycat.app.logviewer:/lzcapp/var:rw",
                "/lzcsys/run/app/cloud.lazycat.app.logviewer:/lzcapp/run:rw",
                "/run/lzc-sys:/lzcapp/run/sys:rw",
                "/lzcsys/data/system/pkgm/run/cloud.lazycat.app.logviewer/pkg/manifest.yml:/lzcapp/run/manifest.yml:rw",
                "/usr/share/zoneinfo:/usr/share/zoneinfo:ro",
                "/etc/localtime:/etc/localtime:rw"
            ],
            "ContainerIDFile": "",
            "LogConfig": {
                "Type": "lzc-logging-driver",
                "Config": {
                    "max-backups": "5",
                    "max-size": "20m"
                }
            },
            "NetworkMode": "cloudlazycatapplogviewer_default",
            "PortBindings": {},
            "RestartPolicy": {
                "Name": "no",
                "MaximumRetryCount": 0
            },
            "AutoRemove": false,
            "VolumeDriver": "",
            "VolumesFrom": null,
            "ConsoleSize": [
                0,
                0
            ],
            "CapAdd": null,
            "CapDrop": null,
            "CgroupnsMode": "private",
            "Dns": [
                "172.18.0.1"
            ],
            "DnsOptions": null,
            "DnsSearch": null,
            "ExtraHosts": [],
            "GroupAdd": null,
            "IpcMode": "private",
            "Cgroup": "",
            "Links": null,
            "OomScoreAdj": 500,
            "PidMode": "",
            "Privileged": false,
            "PublishAllPorts": false,
            "ReadonlyRootfs": false,
            "SecurityOpt": null,
            "UTSMode": "",
            "UsernsMode": "",
            "ShmSize": 67108864,
            "Runtime": "runc",
            "Isolation": "",
            "CpuShares": 0,
            "Memory": 0,
            "NanoCpus": 0,
            "CgroupParent": "lzcapp-cloud.lazycat.app.logviewer.slice",
            "BlkioWeight": 0,
            "BlkioWeightDevice": null,
            "BlkioDeviceReadBps": null,
            "BlkioDeviceWriteBps": null,
            "BlkioDeviceReadIOps": null,
            "BlkioDeviceWriteIOps": null,
            "CpuPeriod": 0,
            "CpuQuota": 0,
            "CpuRealtimePeriod": 0,
            "CpuRealtimeRuntime": 0,
            "CpusetCpus": "",
            "CpusetMems": "",
            "Devices": [
                {
                    "PathOnHost": "/dev/fuse",
                    "PathInContainer": "/dev/fuse",
                    "CgroupPermissions": "rwm"
                }
            ],
            "DeviceCgroupRules": null,
            "DeviceRequests": null,
            "MemoryReservation": 0,
            "MemorySwap": 0,
            "MemorySwappiness": null,
            "OomKillDisable": null,
            "PidsLimit": null,
            "Ulimits": null,
            "CpuCount": 0,
            "CpuPercent": 0,
            "IOMaximumIOps": 0,
            "IOMaximumBandwidth": 0,
            "Mounts": [
                {
                    "Type": "bind",
                    "Source": "/lzcsys/data/appcache/cloud.lazycat.app.logviewer",
                    "Target": "/lzcapp/cache",
                    "BindOptions": {
                        "Propagation": "shared"
                    }
                },
                {
                    "Type": "bind",
                    "Source": "/etc/ssl/certs/ca-certificates.crt",
                    "Target": "/etc/ssl/certs/ca-certificates.crt",
                    "ReadOnly": true,
                    "BindOptions": {}
                },
                {
                    "Type": "bind",
                    "Source": "/lzcsys/sspks/lzc-runtime/lzcinit",
                    "Target": "/lzcinit/cloud.lazycat.app.logviewer",
                    "BindOptions": {}
                },
                {
                    "Type": "bind",
                    "Source": "/lzcsys/data/system/pkgm/apps/cloud.lazycat.app.logviewer/pkg",
                    "Target": "/lzcapp/pkg",
                    "ReadOnly": true,
                    "BindOptions": {}
                },
                {
                    "Type": "bind",
                    "Source": "/lzcsys/data/document/",
                    "Target": "/lzcapp/run/mnt/home",
                    "BindOptions": {
                        "Propagation": "slave",
                        "CreateMountpoint": true
                    }
                },
                {
                    "Type": "bind",
                    "Source": "/lzcsys/data/document/",
                    "Target": "/lzcapp/document",
                    "BindOptions": {
                        "Propagation": "slave",
                        "CreateMountpoint": true
                    }
                }
            ],
            "MaskedPaths": [
                "/proc/asound",
                "/proc/acpi",
                "/proc/kcore",
                "/proc/keys",
                "/proc/latency_stats",
                "/proc/timer_list",
                "/proc/timer_stats",
                "/proc/sched_debug",
                "/proc/scsi",
                "/sys/firmware",
                "/sys/devices/virtual/powercap"
            ],
            "ReadonlyPaths": [
                "/proc/bus",
                "/proc/fs",
                "/proc/irq",
                "/proc/sys",
                "/proc/sysrq-trigger"
            ],
            "Init": false
        },
        "GraphDriver": {
            "Data": {
                "LowerDir": "/lzcsys/data/system/docker/overlay2/742db932b2aec8d9a631756b9d611ad879aa53ad7c56bf44fb2d2738557fd4e6-init/diff:/lzcsys/data/system/docker/overlay2/e7b70dd0893588d90a132ca6746363c3ceb0fb9548617c397b46add1e1227f03/diff:/lzcsys/data/system/docker/overlay2/cba52ab5fd4148f091aaa4e44b847312fb5f8d8dbecb1674247dabb6c4f18553/diff:/lzcsys/data/system/docker/overlay2/165651ab952f603c07f21d2cfeaad683161d9229b6e1c0baa03ff4fa6e28e5af/diff:/lzcsys/data/system/docker/overlay2/614c468abca4788a64ef445e4ebdae99e6242dc0943fb58ac0710810c03f07fe/diff:/lzcsys/data/system/docker/overlay2/1130330fce53ca609abeea78a15af3e3af1bf9467bec1ac153d5197cdefde3e7/diff:/lzcsys/data/system/docker/overlay2/11f4258436335f29a941677389df8482d6e0f993c06b9348cf56c055704df667/diff:/lzcsys/data/system/docker/overlay2/da97fcbe6c603d6e9bde4fdef110f2c2b1e5d6fcc5d1f1d7d11a32916921e2cc/diff:/lzcsys/data/system/docker/overlay2/6fa20488f50a2e1d59b3b428e98f1694192b28172ae772d32c668234a914e2a5/diff:/lzcsys/data/system/docker/overlay2/773bff02d862638209997a55e6cebf15273a46cce15c090112d01cbbd16e4914/diff",
                "MergedDir": "/lzcsys/data/system/docker/overlay2/742db932b2aec8d9a631756b9d611ad879aa53ad7c56bf44fb2d2738557fd4e6/merged",
                "UpperDir": "/lzcsys/data/system/docker/overlay2/742db932b2aec8d9a631756b9d611ad879aa53ad7c56bf44fb2d2738557fd4e6/diff",
                "WorkDir": "/lzcsys/data/system/docker/overlay2/742db932b2aec8d9a631756b9d611ad879aa53ad7c56bf44fb2d2738557fd4e6/work"
            },
            "Name": "overlay2"
        },
        "Mounts": [
            {
                "Type": "bind",
                "Source": "/lzcsys/data/appvar/cloud.lazycat.app.logviewer",
                "Destination": "/storage/zips",
                "Mode": "rw",
                "RW": true,
                "Propagation": "rprivate"
            },
            {
                "Type": "bind",
                "Source": "/lzcsys/data/appcache/cloud.lazycat.app.logviewer",
                "Destination": "/lzcapp/cache",
                "Mode": "",
                "RW": true,
                "Propagation": "shared"
            },
            {
                "Type": "bind",
                "Source": "/run/lzc-sys",
                "Destination": "/lzcapp/run/sys",
                "Mode": "rw",
                "RW": true,
                "Propagation": "rprivate"
            },
            {
                "Type": "bind",
                "Source": "/etc/localtime",
                "Destination": "/etc/localtime",
                "Mode": "rw",
                "RW": true,
                "Propagation": "rprivate"
            },
            {
                "Type": "bind",
                "Source": "/lzcsys/data/system/pkgm/apps/cloud.lazycat.app.logviewer/pkg",
                "Destination": "/lzcapp/pkg",
                "Mode": "",
                "RW": false,
                "Propagation": "rprivate"
            },
            {
                "Type": "bind",
                "Source": "/lzcsys/data/system/pkgm/apps/cloud.lazycat.app.logviewer/pkg/content",
                "Destination": "/app",
                "Mode": "rw",
                "RW": true,
                "Propagation": "rprivate"
            },
            {
                "Type": "bind",
                "Source": "/lzcsys/data/appvar/cloud.lazycat.app.logviewer",
                "Destination": "/lzcapp/var",
                "Mode": "rw",
                "RW": true,
                "Propagation": "rprivate"
            },
            {
                "Type": "bind",
                "Source": "/lzcsys/run/app/cloud.lazycat.app.logviewer",
                "Destination": "/lzcapp/run",
                "Mode": "rw",
                "RW": true,
                "Propagation": "rprivate"
            },
            {
                "Type": "bind",
                "Source": "/lzcsys/data/system/pkgm/run/cloud.lazycat.app.logviewer/pkg/manifest.yml",
                "Destination": "/lzcapp/run/manifest.yml",
                "Mode": "rw",
                "RW": true,
                "Propagation": "rprivate"
            },
            {
                "Type": "bind",
                "Source": "/etc/ssl/certs/ca-certificates.crt",
                "Destination": "/etc/ssl/certs/ca-certificates.crt",
                "Mode": "",
                "RW": false,
                "Propagation": "rprivate"
            },
            {
                "Type": "bind",
                "Source": "/lzcsys/data/document",
                "Destination": "/lzcapp/run/mnt/home",
                "Mode": "",
                "RW": true,
                "Propagation": "slave"
            },
            {
                "Type": "bind",
                "Source": "/usr/share/zoneinfo",
                "Destination": "/usr/share/zoneinfo",
                "Mode": "ro",
                "RW": false,
                "Propagation": "rprivate"
            },
            {
                "Type": "bind",
                "Source": "/lzcsys/sspks/lzc-runtime/lzcinit",
                "Destination": "/lzcinit/cloud.lazycat.app.logviewer",
                "Mode": "",
                "RW": true,
                "Propagation": "rprivate"
            },
            {
                "Type": "bind",
                "Source": "/lzcsys/data/document",
                "Destination": "/lzcapp/document",
                "Mode": "",
                "RW": true,
                "Propagation": "slave"
            }
        ],
        "Config": {
            "Hostname": "4d426929027a",
            "Domainname": "",
            "User": "",
            "AttachStdin": false,
            "AttachStdout": true,
            "AttachStderr": true,
            "ExposedPorts": {
                "5000/tcp": {}
            },
            "Tty": false,
            "OpenStdin": false,
            "StdinOnce": false,
            "Env": [
                "LAZYCAT_APP_SERVICE_NAME=webapp",
                "LAZYCAT_BOX_DOMAIN=axy.heiyu.space",
                "LZCAPP_API_GATEWAY_ADDRESS=app.cloud.lazycat.app.logviewer.lzcapp:81",
                "LAZYCAT_APP_DOMAIN=logviewer.axy.heiyu.space",
                "LAZYCAT_APP_ID=cloud.lazycat.app.logviewer",
                "PYTHONUNBUFFERED=1",
                "LAZYCAT_APP_DEPLOY_UID=",
                "LAZYCAT_BOX_NAME=axy",
                "LAZYCAT_USER_ID=",
                "PATH=/usr/local/bin:/usr/local/sbin:/usr/local/bin:/usr/sbin:/usr/bin:/sbin:/bin",
                "LANG=C.UTF-8",
                "GPG_KEY=E3FF2839C048B25C084DEBE9B26995E310250568",
                "PYTHON_VERSION=3.9.24",
                "PYTHON_SHA256=668391afabd5083faafa4543753d190f82f33ce6ba22d6e9ac728b43644b278a",
                "PYTHONDONTWRITEBYTECODE=1"
            ],
            "Cmd": [
                "python",
                "/app/app.py"
            ],
            "Image": "registry.cn-hangzhou.aliyuncs.com/axy5920/logview:1.4",
            "Volumes": null,
            "WorkingDir": "/app",
            "Entrypoint": null,
            "OnBuild": null,
            "Labels": {
                "com.docker.compose.config-hash": "2da5e7927b4d13db011a9869a31de5053c8d6c2496d52dad314a97963d1f3d18",
                "com.docker.compose.container-number": "1",
                "com.docker.compose.depends_on": "",
                "com.docker.compose.image": "sha256:5fcfaa401882ea57404ded60ea34c7d7332ed8fb0d00e57f2931c2655b4d5553",
                "com.docker.compose.oneoff": "False",
                "com.docker.compose.project": "cloudlazycatapplogviewer",
                "com.docker.compose.project.config_files": "/lzcsys/data/system/pkgm/run/cloud.lazycat.app.logviewer/docker-compose.yml",
                "com.docker.compose.project.working_dir": "/lzcsys/data/system/pkgm/run/cloud.lazycat.app.logviewer",
                "com.docker.compose.service": "webapp",
                "com.docker.compose.version": "2.32.4",
                "lzcapp.app-id": "cloud.lazycat.app.logviewer",
                "lzcapp.user-id": ""
            }
        },
        "NetworkSettings": {
            "Bridge": "",
            "SandboxID": "d2cb589e78faf2fe8f95cd6db7504a09fcd6bd8ae42a13dc5330f422a9c2227f",
            "SandboxKey": "/lzcsys/run/lzc-docker/docker/netns/d2cb589e78fa",
            "Ports": {
                "5000/tcp": null
            },
            "HairpinMode": false,
            "LinkLocalIPv6Address": "",
            "LinkLocalIPv6PrefixLen": 0,
            "SecondaryIPAddresses": null,
            "SecondaryIPv6Addresses": null,
            "EndpointID": "",
            "Gateway": "",
            "GlobalIPv6Address": "",
            "GlobalIPv6PrefixLen": 0,
            "IPAddress": "",
            "IPPrefixLen": 0,
            "IPv6Gateway": "",
            "MacAddress": "",
            "Networks": {
                "cloudlazycatapplogviewer_default": {
                    "IPAMConfig": null,
                    "Links": null,
                    "Aliases": [
                        "cloudlazycatapplogviewer-webapp-1",
                        "webapp"
                    ],
                    "MacAddress": "02:42:ac:1c:02:83",
                    "DriverOpts": null,
                    "NetworkID": "d7fb3c08f0892fe9bede7d1e4fdff73e0e12c34212dd20ad55ff0d51e3ad4fe3",
                    "EndpointID": "91b3527d6f0c2bcbc6032a6b471d91fe15b407faf969112b7a2c8dd7f90bbc21",
                    "Gateway": "172.28.2.129",
                    "IPAddress": "172.28.2.131",
                    "IPPrefixLen": 26,
                    "IPv6Gateway": "fd03:1136:3800::281",
                    "GlobalIPv6Address": "fd03:1136:3800::283",
                    "GlobalIPv6PrefixLen": 122,
                    "DNSNames": [
                        "cloudlazycatapplogviewer-webapp-1",
                        "webapp",
                        "4d426929027a"
                    ]
                }
            }
        }
    }
]
