[
    {
        "Id": "b967afcb364a24f1fcaf644f6a668f09b29b851311d1e57af431e4a33954a013",
        "Created": "2025-11-16T02:21:51.145840449Z",
        "Path": "docker-entrypoint.sh",
        "Args": [
            "-c",
            "config_file=/etc/postgresql.conf"
        ],
        "State": {
            "Status": "running",
            "Running": true,
            "Paused": false,
            "Restarting": false,
            "OOMKilled": false,
            "Dead": false,
            "Pid": 1628977,
            "ExitCode": 0,
            "Error": "",
            "StartedAt": "2025-11-16T02:21:58.706722179Z",
            "FinishedAt": "0001-01-01T00:00:00Z",
            "Health": {
                "Status": "healthy",
                "FailingStreak": 0,
                "Log": [
                    {
                        "Start": "2025-11-16T20:43:40.272854227+08:00",
                        "End": "2025-11-16T20:43:40.383454221+08:00",
                        "ExitCode": 0,
                        "Output": "/var/run/postgresql:5432 - accepting connections\n"
                    },
                    {
                        "Start": "2025-11-16T20:44:10.384631605+08:00",
                        "End": "2025-11-16T20:44:10.451682798+08:00",
                        "ExitCode": 0,
                        "Output": "/var/run/postgresql:5432 - accepting connections\n"
                    },
                    {
                        "Start": "2025-11-16T20:44:40.452990612+08:00",
                        "End": "2025-11-16T20:44:40.531065514+08:00",
                        "ExitCode": 0,
                        "Output": "/var/run/postgresql:5432 - accepting connections\n"
                    },
                    {
                        "Start": "2025-11-16T20:45:10.532218974+08:00",
                        "End": "2025-11-16T20:45:10.589351743+08:00",
                        "ExitCode": 0,
                        "Output": "/var/run/postgresql:5432 - accepting connections\n"
                    },
                    {
                        "Start": "2025-11-16T20:45:40.590477577+08:00",
                        "End": "2025-11-16T20:45:40.704063155+08:00",
                        "ExitCode": 0,
                        "Output": "/var/run/postgresql:5432 - accepting connections\n"
                    }
                ]
            }
        },
        "Image": "sha256:5054c3a0d3fa09a6a93c327e6c510c9e73eef0257ce9ce324d5ab48a13a7f0b2",
        "ResolvConfPath": "/lzcsys/data/system/docker/containers/b967afcb364a24f1fcaf644f6a668f09b29b851311d1e57af431e4a33954a013/resolv.conf",
        "HostnamePath": "/lzcsys/data/system/docker/containers/b967afcb364a24f1fcaf644f6a668f09b29b851311d1e57af431e4a33954a013/hostname",
        "HostsPath": "/lzcsys/data/system/docker/containers/b967afcb364a24f1fcaf644f6a668f09b29b851311d1e57af431e4a33954a013/hosts",
        "LogPath": "",
        "Name": "/cloudlazycataipodknowledge-postgres-1",
        "RestartCount": 0,
        "Driver": "overlay2",
        "Platform": "linux",
        "MountLabel": "",
        "ProcessLabel": "",
        "AppArmorProfile": "",
        "ExecIDs": null,
        "HostConfig": {
            "Binds": [
                "/lzcsys/data/system/pkgm/apps/cloud.lazycat.aipod.knowledge/pkg/content/pg_hba.conf:/var/lib/postgresql/data/pg_hba.conf:rw",
                "/lzcsys/data/appvar/cloud.lazycat.aipod.knowledge:/lzcapp/var:rw",
                "/usr/share/zoneinfo:/usr/share/zoneinfo:ro",
                "/lzcsys/run/app/cloud.lazycat.aipod.knowledge:/lzcapp/run:rw",
                "/run/lzc-sys:/lzcapp/run/sys:rw",
                "/lzcsys/data/system/pkgm/run/cloud.lazycat.aipod.knowledge/pkg/manifest.yml:/lzcapp/run/manifest.yml:rw",
                "/etc/localtime:/etc/localtime:rw",
                "/lzcsys/data/appvar/cloud.lazycat.aipod.knowledge/pg-v4:/var/lib/postgresql/data:rw",
                "/lzcsys/data/system/pkgm/apps/cloud.lazycat.aipod.knowledge/pkg/content/postgresql.conf:/etc/postgresql.conf:rw"
            ],
            "ContainerIDFile": "",
            "LogConfig": {
                "Type": "lzc-logging-driver",
                "Config": {
                    "max-backups": "5",
                    "max-size": "20m"
                }
            },
            "NetworkMode": "cloudlazycataipodknowledge_default",
            "PortBindings": {},
            "RestartPolicy": {
                "Name": "no",
                "MaximumRetryCount": 0
            },
            "AutoRemove": false,
            "VolumeDriver": "",
            "VolumesFrom": null,
            "ConsoleSize": [
                0,
                0
            ],
            "CapAdd": [
                "SYS_ADMIN"
            ],
            "CapDrop": null,
            "CgroupnsMode": "private",
            "Dns": [
                "172.18.0.1"
            ],
            "DnsOptions": null,
            "DnsSearch": null,
            "ExtraHosts": [],
            "GroupAdd": null,
            "IpcMode": "private",
            "Cgroup": "",
            "Links": null,
            "OomScoreAdj": 500,
            "PidMode": "",
            "Privileged": false,
            "PublishAllPorts": false,
            "ReadonlyRootfs": false,
            "SecurityOpt": null,
            "UTSMode": "",
            "UsernsMode": "",
            "ShmSize": 5368709120,
            "Runtime": "runc",
            "Isolation": "",
            "CpuShares": 0,
            "Memory": 0,
            "NanoCpus": 0,
            "CgroupParent": "lzcapp-cloud.lazycat.aipod.knowledge.slice",
            "BlkioWeight": 0,
            "BlkioWeightDevice": null,
            "BlkioDeviceReadBps": null,
            "BlkioDeviceWriteBps": null,
            "BlkioDeviceReadIOps": null,
            "BlkioDeviceWriteIOps": null,
            "CpuPeriod": 0,
            "CpuQuota": 0,
            "CpuRealtimePeriod": 0,
            "CpuRealtimeRuntime": 0,
            "CpusetCpus": "",
            "CpusetMems": "",
            "Devices": [
                {
                    "PathOnHost": "/dev/fuse",
                    "PathInContainer": "/dev/fuse",
                    "CgroupPermissions": "rwm"
                },
                {
                    "PathOnHost": "/dev/dri",
                    "PathInContainer": "/dev/dri",
                    "CgroupPermissions": "rwm"
                }
            ],
            "DeviceCgroupRules": null,
            "DeviceRequests": null,
            "MemoryReservation": 0,
            "MemorySwap": 0,
            "MemorySwappiness": null,
            "OomKillDisable": null,
            "PidsLimit": null,
            "Ulimits": null,
            "CpuCount": 0,
            "CpuPercent": 0,
            "IOMaximumIOps": 0,
            "IOMaximumBandwidth": 0,
            "Mounts": [
                {
                    "Type": "bind",
                    "Source": "/lzcsys/run/media",
                    "Target": "/lzcapp/run/mnt/media",
                    "BindOptions": {
                        "Propagation": "shared",
                        "CreateMountpoint": true
                    }
                },
                {
                    "Type": "bind",
                    "Source": "/lzcsys/run/media",
                    "Target": "/lzcapp/media",
                    "BindOptions": {
                        "Propagation": "shared",
                        "CreateMountpoint": true
                    }
                },
                {
                    "Type": "bind",
                    "Source": "/lzcsys/sspks/lzc-runtime/lzcinit",
                    "Target": "/lzcinit/cloud.lazycat.aipod.knowledge",
                    "BindOptions": {}
                },
                {
                    "Type": "bind",
                    "Source": "/etc/ssl/certs/ca-certificates.crt",
                    "Target": "/etc/ssl/certs/ca-certificates.crt",
                    "ReadOnly": true,
                    "BindOptions": {}
                },
                {
                    "Type": "bind",
                    "Source": "/lzcsys/data/document/",
                    "Target": "/lzcapp/document",
                    "BindOptions": {
                        "Propagation": "slave",
                        "CreateMountpoint": true
                    }
                },
                {
                    "Type": "bind",
                    "Source": "/lzcsys/data/system/pkgm/apps/cloud.lazycat.aipod.knowledge/pkg",
                    "Target": "/lzcapp/pkg",
                    "ReadOnly": true,
                    "BindOptions": {}
                },
                {
                    "Type": "bind",
                    "Source": "/lzcsys/data/appcache/cloud.lazycat.aipod.knowledge",
                    "Target": "/lzcapp/cache",
                    "BindOptions": {
                        "Propagation": "shared"
                    }
                },
                {
                    "Type": "bind",
                    "Source": "/lzcsys/data/document/",
                    "Target": "/lzcapp/run/mnt/home",
                    "BindOptions": {
                        "Propagation": "slave",
                        "CreateMountpoint": true
                    }
                }
            ],
            "MaskedPaths": [
                "/proc/asound",
                "/proc/acpi",
                "/proc/kcore",
                "/proc/keys",
                "/proc/latency_stats",
                "/proc/timer_list",
                "/proc/timer_stats",
                "/proc/sched_debug",
                "/proc/scsi",
                "/sys/firmware",
                "/sys/devices/virtual/powercap"
            ],
            "ReadonlyPaths": [
                "/proc/bus",
                "/proc/fs",
                "/proc/irq",
                "/proc/sys",
                "/proc/sysrq-trigger"
            ],
            "Init": false
        },
        "GraphDriver": {
            "Data": {
                "LowerDir": "/lzcsys/data/system/docker/overlay2/f295b063d96742e68955655fd0873906c5908ac13c00533115dd4bce9aed7633-init/diff:/lzcsys/data/system/docker/overlay2/f947158d739e3cb36b4fff1928a6c1a7d7da60ccae11091bb4a1f97fae0eb46a/diff:/lzcsys/data/system/docker/overlay2/f1208e205c77771d04f77e92741ccbee78072f5cac8b32cd3d295d396ae4e448/diff:/lzcsys/data/system/docker/overlay2/b75c2b7e0dffb442c0b67b612b7e40c7b7129437785e7b640d974777560da18f/diff:/lzcsys/data/system/docker/overlay2/da42ae374813032adc9db96c63c9f4597e8b9a6df70a77d33aa37e6b209437ae/diff:/lzcsys/data/system/docker/overlay2/0eb4aeafe75ab68a801d0169cc2f914a6c70fc6c250b6cfd8ae3aa96e6e6676c/diff:/lzcsys/data/system/docker/overlay2/0c1d78873eec6080a518f65011dbdffe509ab601dfcff4f437f504e5c56e1184/diff:/lzcsys/data/system/docker/overlay2/ff173ed263430187ba99ee9ef862bc76e0f23d2ebe63f41e6e14f25290687415/diff:/lzcsys/data/system/docker/overlay2/d79e366d8302d744e25ada31b1f200b75f36664e29f1cea79252f2db8dcc3b72/diff:/lzcsys/data/system/docker/overlay2/85073c578308d3758d6c58f2d926da52ff47554309e920951f28adf26ba60787/diff:/lzcsys/data/system/docker/overlay2/36d70d6a0e85d1b275e2d74824162db2f6c9e6fd9e27b46bd5209a18e196a97d/diff:/lzcsys/data/system/docker/overlay2/b8e2e645559b9221b481329a9070389bbe637c9cf8f9a96701f33dd5173c4a11/diff:/lzcsys/data/system/docker/overlay2/e41146ae0e3c305cedd14ad3b40b29926f749c488b915796c8e3cc313d446e66/diff:/lzcsys/data/system/docker/overlay2/217af39f6fe83e2cd9c831bb70fead5154d1be394f987b3f1a79111ebf1f00e2/diff:/lzcsys/data/system/docker/overlay2/f1a7aabe188f4a3c3ce97bac8d2c98ae62891365038368d6c2e83c8fe8b03917/diff:/lzcsys/data/system/docker/overlay2/aa6ca84a60a303cf8c3d2a236e505fd41476546d7bad65763e86408002775dc2/diff:/lzcsys/data/system/docker/overlay2/6675e2e91729830b28f86c606c3910a38b1dad004cc0ac07a8193e6f11d558ef/diff:/lzcsys/data/system/docker/overlay2/4862ae8878ffd0da4e0c7aa8f0d0bda0134af104a3d53c57cc32aa9cab156cde/diff:/lzcsys/data/system/docker/overlay2/e2102f006eda8d62e6246e39ab7f18d5f8dc27ae6bd975d9564b9d2de85d51a8/diff:/lzcsys/data/system/docker/overlay2/610a1db3f96f5a3348525cffa2ca024fca9f340497eead8dcd23567c40ab46fd/diff:/lzcsys/data/system/docker/overlay2/0a61441d9b290606af750a4629e54afcf13dff759c4996cbc72964d24ea0c8dc/diff:/lzcsys/data/system/docker/overlay2/e1e3a3e592970599ff9a498d6ea06be8b536d123d75b8dd43b16cfb2c5fc09a7/diff",
                "MergedDir": "/lzcsys/data/system/docker/overlay2/f295b063d96742e68955655fd0873906c5908ac13c00533115dd4bce9aed7633/merged",
                "UpperDir": "/lzcsys/data/system/docker/overlay2/f295b063d96742e68955655fd0873906c5908ac13c00533115dd4bce9aed7633/diff",
                "WorkDir": "/lzcsys/data/system/docker/overlay2/f295b063d96742e68955655fd0873906c5908ac13c00533115dd4bce9aed7633/work"
            },
            "Name": "overlay2"
        },
        "Mounts": [
            {
                "Type": "bind",
                "Source": "/lzcsys/data/document",
                "Destination": "/lzcapp/run/mnt/home",
                "Mode": "",
                "RW": true,
                "Propagation": "slave"
            },
            {
                "Type": "bind",
                "Source": "/lzcsys/data/appcache/cloud.lazycat.aipod.knowledge",
                "Destination": "/lzcapp/cache",
                "Mode": "",
                "RW": true,
                "Propagation": "shared"
            },
            {
                "Type": "bind",
                "Source": "/lzcsys/data/appvar/cloud.lazycat.aipod.knowledge",
                "Destination": "/lzcapp/var",
                "Mode": "rw",
                "RW": true,
                "Propagation": "rprivate"
            },
            {
                "Type": "bind",
                "Source": "/run/lzc-sys",
                "Destination": "/lzcapp/run/sys",
                "Mode": "rw",
                "RW": true,
                "Propagation": "rprivate"
            },
            {
                "Type": "bind",
                "Source": "/lzcsys/data/appvar/cloud.lazycat.aipod.knowledge/pg-v4",
                "Destination": "/var/lib/postgresql/data",
                "Mode": "rw",
                "RW": true,
                "Propagation": "rprivate"
            },
            {
                "Type": "bind",
                "Source": "/lzcsys/data/system/pkgm/apps/cloud.lazycat.aipod.knowledge/pkg/content/postgresql.conf",
                "Destination": "/etc/postgresql.conf",
                "Mode": "rw",
                "RW": true,
                "Propagation": "rprivate"
            },
            {
                "Type": "bind",
                "Source": "/lzcsys/run/media",
                "Destination": "/lzcapp/run/mnt/media",
                "Mode": "",
                "RW": true,
                "Propagation": "shared"
            },
            {
                "Type": "bind",
                "Source": "/lzcsys/run/media",
                "Destination": "/lzcapp/media",
                "Mode": "",
                "RW": true,
                "Propagation": "shared"
            },
            {
                "Type": "bind",
                "Source": "/etc/ssl/certs/ca-certificates.crt",
                "Destination": "/etc/ssl/certs/ca-certificates.crt",
                "Mode": "",
                "RW": false,
                "Propagation": "rprivate"
            },
            {
                "Type": "bind",
                "Source": "/lzcsys/data/system/pkgm/apps/cloud.lazycat.aipod.knowledge/pkg/content/pg_hba.conf",
                "Destination": "/var/lib/postgresql/data/pg_hba.conf",
                "Mode": "rw",
                "RW": true,
                "Propagation": "rprivate"
            },
            {
                "Type": "bind",
                "Source": "/etc/localtime",
                "Destination": "/etc/localtime",
                "Mode": "rw",
                "RW": true,
                "Propagation": "rprivate"
            },
            {
                "Type": "bind",
                "Source": "/lzcsys/data/document",
                "Destination": "/lzcapp/document",
                "Mode": "",
                "RW": true,
                "Propagation": "slave"
            },
            {
                "Type": "bind",
                "Source": "/usr/share/zoneinfo",
                "Destination": "/usr/share/zoneinfo",
                "Mode": "ro",
                "RW": false,
                "Propagation": "rprivate"
            },
            {
                "Type": "bind",
                "Source": "/lzcsys/run/app/cloud.lazycat.aipod.knowledge",
                "Destination": "/lzcapp/run",
                "Mode": "rw",
                "RW": true,
                "Propagation": "rprivate"
            },
            {
                "Type": "bind",
                "Source": "/lzcsys/data/system/pkgm/run/cloud.lazycat.aipod.knowledge/pkg/manifest.yml",
                "Destination": "/lzcapp/run/manifest.yml",
                "Mode": "rw",
                "RW": true,
                "Propagation": "rprivate"
            },
            {
                "Type": "bind",
                "Source": "/lzcsys/sspks/lzc-runtime/lzcinit",
                "Destination": "/lzcinit/cloud.lazycat.aipod.knowledge",
                "Mode": "",
                "RW": true,
                "Propagation": "rprivate"
            },
            {
                "Type": "bind",
                "Source": "/lzcsys/data/system/pkgm/apps/cloud.lazycat.aipod.knowledge/pkg",
                "Destination": "/lzcapp/pkg",
                "Mode": "",
                "RW": false,
                "Propagation": "rprivate"
            }
        ],
        "Config": {
            "Hostname": "b967afcb364a",
            "Domainname": "",
            "User": "",
            "AttachStdin": false,
            "AttachStdout": true,
            "AttachStderr": true,
            "ExposedPorts": {
                "5432/tcp": {}
            },
            "Tty": false,
            "OpenStdin": false,
            "StdinOnce": false,
            "Env": [
                "LZCAPP_API_GATEWAY_ADDRESS=app.cloud.lazycat.aipod.knowledge.lzcapp:81",
                "LAZYCAT_BOX_DOMAIN=axy.heiyu.space",
                "LAZYCAT_APP_DEPLOY_UID=",
                "POSTGRES_PASSWORD=temppassword",
                "PGUSER=postgres",
                "LAZYCAT_APP_ID=cloud.lazycat.aipod.knowledge",
                "LAZYCAT_USER_ID=",
                "LAZYCAT_BOX_NAME=axy",
                "LAZYCAT_APP_SERVICE_NAME=postgres",
                "LAZYCAT_APP_DOMAIN=knowledge.axy.heiyu.space",
                "PGDATA=/var/lib/postgresql/data/pgdata",
                "PATH=/usr/local/sbin:/usr/local/bin:/usr/sbin:/usr/bin:/sbin:/bin:/usr/lib/postgresql/17/bin",
                "GOSU_VERSION=1.17",
                "LANG=en_US.utf8",
                "PG_MAJOR=17",
                "PG_VERSION=17.4-1.pgdg120+2",
                "PGROONGA_VERSION=4.0.2-1",
                "POSTGRESQL_VERSION=17"
            ],
            "Cmd": [
                "-c",
                "config_file=/etc/postgresql.conf"
            ],
            "Healthcheck": {
                "Test": [
                    "CMD",
                    "pg_isready",
                    "-U",
                    "postgres"
                ],
                "StartPeriod": 60000000000,
                "StartInterval": 1000000000
            },
            "Image": "registry.lazycat.cloud/x/lzc-knowledge-db:bbbd89a",
            "Volumes": {
                "/var/lib/postgresql/data": {}
            },
            "WorkingDir": "",
            "Entrypoint": [
                "docker-entrypoint.sh"
            ],
            "OnBuild": null,
            "Labels": {
                "com.docker.compose.config-hash": "98f42ed2d4f4ab126eb00fc63979bc8dc850ae4862ae03495121a0304d89b131",
                "com.docker.compose.container-number": "1",
                "com.docker.compose.depends_on": "",
                "com.docker.compose.image": "sha256:5054c3a0d3fa09a6a93c327e6c510c9e73eef0257ce9ce324d5ab48a13a7f0b2",
                "com.docker.compose.oneoff": "False",
                "com.docker.compose.project": "cloudlazycataipodknowledge",
                "com.docker.compose.project.config_files": "/lzcsys/data/system/pkgm/run/cloud.lazycat.aipod.knowledge/docker-compose.yml,/lzcsys/data/system/pkgm/run/cloud.lazycat.aipod.knowledge/compose.override.yml",
                "com.docker.compose.project.working_dir": "/lzcsys/data/system/pkgm/run/cloud.lazycat.aipod.knowledge",
                "com.docker.compose.service": "postgres",
                "com.docker.compose.version": "2.32.4",
                "lzcapp.app-id": "cloud.lazycat.aipod.knowledge",
                "lzcapp.user-id": ""
            },
            "StopSignal": "SIGINT"
        },
        "NetworkSettings": {
            "Bridge": "",
            "SandboxID": "f0ed985dddcb9b48b40e8f2510bcb5312a642fbc1617fd0b44ae0620af695276",
            "SandboxKey": "/lzcsys/run/lzc-docker/docker/netns/f0ed985dddcb",
            "Ports": {
                "5432/tcp": null
            },
            "HairpinMode": false,
            "LinkLocalIPv6Address": "",
            "LinkLocalIPv6PrefixLen": 0,
            "SecondaryIPAddresses": null,
            "SecondaryIPv6Addresses": null,
            "EndpointID": "",
            "Gateway": "",
            "GlobalIPv6Address": "",
            "GlobalIPv6PrefixLen": 0,
            "IPAddress": "",
            "IPPrefixLen": 0,
            "IPv6Gateway": "",
            "MacAddress": "",
            "Networks": {
                "cloudlazycataipodknowledge_default": {
                    "IPAMConfig": null,
                    "Links": null,
                    "Aliases": [
                        "cloudlazycataipodknowledge-postgres-1",
                        "postgres"
                    ],
                    "MacAddress": "02:42:ac:1c:03:45",
                    "DriverOpts": null,
                    "NetworkID": "8cdda0968518fdc519ac9d5daaf4a7bb1c2d1e1241dd96ebd87ac385a4f5f4fb",
                    "EndpointID": "f0f2c1dc6ff63e5e59e6d8704c302d3b774b7153d4592802f76d4556383327c9",
                    "Gateway": "172.28.3.65",
                    "IPAddress": "172.28.3.69",
                    "IPPrefixLen": 26,
                    "IPv6Gateway": "fd03:1136:3800::341",
                    "GlobalIPv6Address": "fd03:1136:3800::345",
                    "GlobalIPv6PrefixLen": 122,
                    "DNSNames": [
                        "cloudlazycataipodknowledge-postgres-1",
                        "postgres",
                        "b967afcb364a"
                    ]
                }
            }
        }
    }
]
