[
    {
        "Id": "da928bbc14df60919e4c9442fcfda7beca595d6e03ec1e7315e4f4e376c6f8a2",
        "Created": "2025-11-16T02:51:40.798038069Z",
        "Path": "/lzcinit/xyz.mxue.maxkb",
        "Args": [
            "-listen",
            ":80",
            "-grpc_listen",
            ":81"
        ],
        "State": {
            "Status": "running",
            "Running": true,
            "Paused": false,
            "Restarting": false,
            "OOMKilled": false,
            "Dead": false,
            "Pid": 1954562,
            "ExitCode": 0,
            "Error": "",
            "StartedAt": "2025-11-16T02:51:45.4681254Z",
            "FinishedAt": "0001-01-01T00:00:00Z",
            "Health": {
                "Status": "healthy",
                "FailingStreak": 0,
                "Log": [
                    {
                        "Start": "2025-11-16T20:43:24.967012789+08:00",
                        "End": "2025-11-16T20:43:25.023539427+08:00",
                        "ExitCode": 0,
                        "Output": ""
                    },
                    {
                        "Start": "2025-11-16T20:43:55.024510255+08:00",
                        "End": "2025-11-16T20:43:55.079102122+08:00",
                        "ExitCode": 0,
                        "Output": ""
                    },
                    {
                        "Start": "2025-11-16T20:44:25.07948039+08:00",
                        "End": "2025-11-16T20:44:25.166214155+08:00",
                        "ExitCode": 0,
                        "Output": ""
                    },
                    {
                        "Start": "2025-11-16T20:44:55.167650065+08:00",
                        "End": "2025-11-16T20:44:55.202469578+08:00",
                        "ExitCode": 0,
                        "Output": ""
                    },
                    {
                        "Start": "2025-11-16T20:45:25.203076404+08:00",
                        "End": "2025-11-16T20:45:25.261262692+08:00",
                        "ExitCode": 0,
                        "Output": ""
                    }
                ]
            }
        },
        "Image": "sha256:ba7a533c869a26d89e83bdc5ddb978df5a3502ac91452422a649d0d3cf52190b",
        "ResolvConfPath": "/lzcsys/data/system/docker/containers/da928bbc14df60919e4c9442fcfda7beca595d6e03ec1e7315e4f4e376c6f8a2/resolv.conf",
        "HostnamePath": "/lzcsys/data/system/docker/containers/da928bbc14df60919e4c9442fcfda7beca595d6e03ec1e7315e4f4e376c6f8a2/hostname",
        "HostsPath": "/lzcsys/data/system/docker/containers/da928bbc14df60919e4c9442fcfda7beca595d6e03ec1e7315e4f4e376c6f8a2/hosts",
        "LogPath": "",
        "Name": "/xyzmxuemaxkb-app-1",
        "RestartCount": 0,
        "Driver": "overlay2",
        "Platform": "linux",
        "MountLabel": "",
        "ProcessLabel": "",
        "AppArmorProfile": "",
        "ExecIDs": null,
        "HostConfig": {
            "Binds": [
                "/lzcsys/data/appvar/xyz.mxue.maxkb:/lzcapp/var:rw",
                "/lzcsys/run/app/xyz.mxue.maxkb:/lzcapp/run:rw",
                "/lzcsys/data/system/pkgm/run/xyz.mxue.maxkb/pkg/manifest.yml:/lzcapp/run/manifest.yml:rw",
                "/run/lzc-sys:/lzcapp/run/sys:rw",
                "/usr/share/zoneinfo:/usr/share/zoneinfo:ro",
                "/etc/localtime:/etc/localtime:rw"
            ],
            "ContainerIDFile": "",
            "LogConfig": {
                "Type": "lzc-logging-driver",
                "Config": {
                    "max-backups": "5",
                    "max-size": "20m"
                }
            },
            "NetworkMode": "xyzmxuemaxkb_default",
            "PortBindings": {},
            "RestartPolicy": {
                "Name": "no",
                "MaximumRetryCount": 0
            },
            "AutoRemove": false,
            "VolumeDriver": "",
            "VolumesFrom": null,
            "ConsoleSize": [
                0,
                0
            ],
            "CapAdd": null,
            "CapDrop": null,
            "CgroupnsMode": "private",
            "Dns": [
                "172.18.0.1"
            ],
            "DnsOptions": null,
            "DnsSearch": null,
            "ExtraHosts": [],
            "GroupAdd": null,
            "IpcMode": "private",
            "Cgroup": "",
            "Links": null,
            "OomScoreAdj": 500,
            "PidMode": "",
            "Privileged": false,
            "PublishAllPorts": false,
            "ReadonlyRootfs": false,
            "SecurityOpt": null,
            "UTSMode": "",
            "UsernsMode": "",
            "ShmSize": 67108864,
            "Runtime": "runc",
            "Isolation": "",
            "CpuShares": 0,
            "Memory": 0,
            "NanoCpus": 0,
            "CgroupParent": "lzcapp-xyz.mxue.maxkb.slice",
            "BlkioWeight": 0,
            "BlkioWeightDevice": null,
            "BlkioDeviceReadBps": null,
            "BlkioDeviceWriteBps": null,
            "BlkioDeviceReadIOps": null,
            "BlkioDeviceWriteIOps": null,
            "CpuPeriod": 0,
            "CpuQuota": 0,
            "CpuRealtimePeriod": 0,
            "CpuRealtimeRuntime": 0,
            "CpusetCpus": "",
            "CpusetMems": "",
            "Devices": [
                {
                    "PathOnHost": "/dev/fuse",
                    "PathInContainer": "/dev/fuse",
                    "CgroupPermissions": "rwm"
                }
            ],
            "DeviceCgroupRules": null,
            "DeviceRequests": null,
            "MemoryReservation": 0,
            "MemorySwap": 0,
            "MemorySwappiness": null,
            "OomKillDisable": null,
            "PidsLimit": null,
            "Ulimits": null,
            "CpuCount": 0,
            "CpuPercent": 0,
            "IOMaximumIOps": 0,
            "IOMaximumBandwidth": 0,
            "Mounts": [
                {
                    "Type": "bind",
                    "Source": "/etc/ssl/certs/ca-certificates.crt",
                    "Target": "/etc/ssl/certs/ca-certificates.crt",
                    "ReadOnly": true,
                    "BindOptions": {}
                },
                {
                    "Type": "bind",
                    "Source": "/lzcsys/data/document/",
                    "Target": "/lzcapp/run/mnt/home",
                    "BindOptions": {
                        "Propagation": "slave",
                        "CreateMountpoint": true
                    }
                },
                {
                    "Type": "bind",
                    "Source": "/lzcsys/sspks/lzc-runtime/lzcinit",
                    "Target": "/lzcinit/xyz.mxue.maxkb",
                    "BindOptions": {}
                },
                {
                    "Type": "bind",
                    "Source": "/lzcsys/data/system/pkgm/apps/xyz.mxue.maxkb/pkg",
                    "Target": "/lzcapp/pkg",
                    "ReadOnly": true,
                    "BindOptions": {}
                },
                {
                    "Type": "bind",
                    "Source": "/lzcsys/data/appcache/xyz.mxue.maxkb",
                    "Target": "/lzcapp/cache",
                    "BindOptions": {
                        "Propagation": "shared"
                    }
                },
                {
                    "Type": "bind",
                    "Source": "/lzcsys/data/document/",
                    "Target": "/lzcapp/document",
                    "BindOptions": {
                        "Propagation": "slave",
                        "CreateMountpoint": true
                    }
                }
            ],
            "MaskedPaths": [
                "/proc/asound",
                "/proc/acpi",
                "/proc/kcore",
                "/proc/keys",
                "/proc/latency_stats",
                "/proc/timer_list",
                "/proc/timer_stats",
                "/proc/sched_debug",
                "/proc/scsi",
                "/sys/firmware",
                "/sys/devices/virtual/powercap"
            ],
            "ReadonlyPaths": [
                "/proc/bus",
                "/proc/fs",
                "/proc/irq",
                "/proc/sys",
                "/proc/sysrq-trigger"
            ]
        },
        "GraphDriver": {
            "Data": {
                "LowerDir": "/lzcsys/data/system/docker/overlay2/db0a15c03357d18fab0f261fee77fdae39835ce0614ee4c28e7c6d2269e3946a-init/diff:/lzcsys/data/system/docker/overlay2/d316be3a5cdcca1f668738a2ac8b2542f0bd34de02e7c89cf9de224612dbb260/diff:/lzcsys/data/system/docker/overlay2/0ce49772722a9829cc56a156e1e55332fd611bc125be3cd6f733669f1cea594d/diff:/lzcsys/data/system/docker/overlay2/27bcb349dbbf2cd1767ad18e53f4ada4ad4c84832f51828f6e4d6da6237d940a/diff",
                "MergedDir": "/lzcsys/data/system/docker/overlay2/db0a15c03357d18fab0f261fee77fdae39835ce0614ee4c28e7c6d2269e3946a/merged",
                "UpperDir": "/lzcsys/data/system/docker/overlay2/db0a15c03357d18fab0f261fee77fdae39835ce0614ee4c28e7c6d2269e3946a/diff",
                "WorkDir": "/lzcsys/data/system/docker/overlay2/db0a15c03357d18fab0f261fee77fdae39835ce0614ee4c28e7c6d2269e3946a/work"
            },
            "Name": "overlay2"
        },
        "Mounts": [
            {
                "Type": "bind",
                "Source": "/etc/localtime",
                "Destination": "/etc/localtime",
                "Mode": "rw",
                "RW": true,
                "Propagation": "rprivate"
            },
            {
                "Type": "bind",
                "Source": "/lzcsys/data/appvar/xyz.mxue.maxkb",
                "Destination": "/lzcapp/var",
                "Mode": "rw",
                "RW": true,
                "Propagation": "rprivate"
            },
            {
                "Type": "bind",
                "Source": "/lzcsys/run/app/xyz.mxue.maxkb",
                "Destination": "/lzcapp/run",
                "Mode": "rw",
                "RW": true,
                "Propagation": "rprivate"
            },
            {
                "Type": "bind",
                "Source": "/lzcsys/data/system/pkgm/run/xyz.mxue.maxkb/pkg/manifest.yml",
                "Destination": "/lzcapp/run/manifest.yml",
                "Mode": "rw",
                "RW": true,
                "Propagation": "rprivate"
            },
            {
                "Type": "bind",
                "Source": "/run/lzc-sys",
                "Destination": "/lzcapp/run/sys",
                "Mode": "rw",
                "RW": true,
                "Propagation": "rprivate"
            },
            {
                "Type": "bind",
                "Source": "/usr/share/zoneinfo",
                "Destination": "/usr/share/zoneinfo",
                "Mode": "ro",
                "RW": false,
                "Propagation": "rprivate"
            },
            {
                "Type": "bind",
                "Source": "/lzcsys/data/document",
                "Destination": "/lzcapp/document",
                "Mode": "",
                "RW": true,
                "Propagation": "slave"
            },
            {
                "Type": "bind",
                "Source": "/etc/ssl/certs/ca-certificates.crt",
                "Destination": "/etc/ssl/certs/ca-certificates.crt",
                "Mode": "",
                "RW": false,
                "Propagation": "rprivate"
            },
            {
                "Type": "bind",
                "Source": "/lzcsys/data/document",
                "Destination": "/lzcapp/run/mnt/home",
                "Mode": "",
                "RW": true,
                "Propagation": "slave"
            },
            {
                "Type": "bind",
                "Source": "/lzcsys/sspks/lzc-runtime/lzcinit",
                "Destination": "/lzcinit/xyz.mxue.maxkb",
                "Mode": "",
                "RW": true,
                "Propagation": "rprivate"
            },
            {
                "Type": "bind",
                "Source": "/lzcsys/data/system/pkgm/apps/xyz.mxue.maxkb/pkg",
                "Destination": "/lzcapp/pkg",
                "Mode": "",
                "RW": false,
                "Propagation": "rprivate"
            },
            {
                "Type": "bind",
                "Source": "/lzcsys/data/appcache/xyz.mxue.maxkb",
                "Destination": "/lzcapp/cache",
                "Mode": "",
                "RW": true,
                "Propagation": "shared"
            }
        ],
        "Config": {
            "Hostname": "da928bbc14df",
            "Domainname": "",
            "User": "",
            "AttachStdin": false,
            "AttachStdout": true,
            "AttachStderr": true,
            "Tty": false,
            "OpenStdin": false,
            "StdinOnce": false,
            "Env": [
                "LAZYCAT_APP_ID=xyz.mxue.maxkb",
                "LAZYCAT_APP_SERVICE_NAME=app",
                "LAZYCAT_BOX_DOMAIN=axy.heiyu.space",
                "LAZYCAT_BOX_NAME=axy",
                "LAZYCAT_USER_ID=",
                "LZCAPP_API_GATEWAY_ADDRESS=app.xyz.mxue.maxkb.lzcapp:81",
                "LAZYCAT_APP_DEPLOY_UID=",
                "LAZYCAT_APP_DOMAIN=maxkb.axy.heiyu.space",
                "PATH=/usr/local/sbin:/usr/local/bin:/usr/sbin:/usr/bin:/sbin:/bin"
            ],
            "Cmd": [
                "/lzcinit/xyz.mxue.maxkb",
                "-listen",
                ":80",
                "-grpc_listen",
                ":81"
            ],
            "Healthcheck": {
                "Test": [
                    "CMD",
                    "/lzcinit/xyz.mxue.maxkb",
                    "-healthcheck"
                ],
                "StartPeriod": 300000000000,
                "StartInterval": 1000000000
            },
            "Image": "registry.lazycat.cloud/lzc/lzcapp:3.20.3",
            "Volumes": null,
            "WorkingDir": "/",
            "Entrypoint": null,
            "OnBuild": null,
            "Labels": {
                "com.docker.compose.config-hash": "fa873835d070c7eba5e905eaeb317748b8c1adf7b297fecd6f268b9054512d5e",
                "com.docker.compose.container-number": "1",
                "com.docker.compose.depends_on": "",
                "com.docker.compose.image": "sha256:ba7a533c869a26d89e83bdc5ddb978df5a3502ac91452422a649d0d3cf52190b",
                "com.docker.compose.oneoff": "False",
                "com.docker.compose.project": "xyzmxuemaxkb",
                "com.docker.compose.project.config_files": "/lzcsys/data/system/pkgm/run/xyz.mxue.maxkb/docker-compose.yml",
                "com.docker.compose.project.working_dir": "/lzcsys/data/system/pkgm/run/xyz.mxue.maxkb",
                "com.docker.compose.service": "app",
                "com.docker.compose.version": "2.32.4",
                "lzcapp.app-id": "xyz.mxue.maxkb",
                "lzcapp.user-id": ""
            }
        },
        "NetworkSettings": {
            "Bridge": "",
            "SandboxID": "acd80bc3d63bc83751fd266d6de807fb5a86d23befd99c458c42dfee18bad6ed",
            "SandboxKey": "/lzcsys/run/lzc-docker/docker/netns/acd80bc3d63b",
            "Ports": {},
            "HairpinMode": false,
            "LinkLocalIPv6Address": "",
            "LinkLocalIPv6PrefixLen": 0,
            "SecondaryIPAddresses": null,
            "SecondaryIPv6Addresses": null,
            "EndpointID": "",
            "Gateway": "",
            "GlobalIPv6Address": "",
            "GlobalIPv6PrefixLen": 0,
            "IPAddress": "",
            "IPPrefixLen": 0,
            "IPv6Gateway": "",
            "MacAddress": "",
            "Networks": {
                "xyzmxuemaxkb_default": {
                    "IPAMConfig": null,
                    "Links": null,
                    "Aliases": [
                        "xyzmxuemaxkb-app-1",
                        "app"
                    ],
                    "MacAddress": "02:42:ac:1c:03:c2",
                    "DriverOpts": null,
                    "NetworkID": "f33e52322e798c4fc20fe981a7ec8e684c30d18eb66e3891fcd92efa9be36226",
                    "EndpointID": "29f38fce91d23209abec34d4a362dfaeac143d53a49712d2e1edfdabe13ead49",
                    "Gateway": "172.28.3.193",
                    "IPAddress": "172.28.3.194",
                    "IPPrefixLen": 26,
                    "IPv6Gateway": "fd03:1136:3800::3c1",
                    "GlobalIPv6Address": "fd03:1136:3800::3c2",
                    "GlobalIPv6PrefixLen": 122,
                    "DNSNames": [
                        "xyzmxuemaxkb-app-1",
                        "app",
                        "da928bbc14df"
                    ]
                }
            }
        }
    }
]
