[
    {
        "Id": "sha256:6341b9ecf0a9a4f94dfce609bd2b6c9b9821b994f3ce6b79cf99a3e0082202e8",
        "RepoTags": [
            "registry.lazycat.cloud/lzc-media/lzc-media:bdfcdbe5"
        ],
        "RepoDigests": [
            "registry.lazycat.cloud/lzc-media/lzc-media@sha256:092628049919f5d1ff6d5ef1a714ee506d94fd23ffae535178b0172d2a9d3dfd"
        ],
        "Parent": "",
        "Comment": "buildkit.dockerfile.v0",
        "Created": "2025-07-23T18:15:28.301651644+08:00",
        "DockerVersion": "",
        "Author": "",
        "Config": {
            "Hostname": "",
            "Domainname": "",
            "User": "",
            "AttachStdin": false,
            "AttachStdout": false,
            "AttachStderr": false,
            "Tty": false,
            "OpenStdin": false,
            "StdinOnce": false,
            "Env": [
                "PATH=/lzc-media/bin:/usr/local/sbin:/usr/local/bin:/usr/sbin:/usr/bin:/sbin:/bin",
                "GOPROXY=https://goproxy.cn"
            ],
            "Cmd": null,
            "Image": "",
            "Volumes": null,
            "WorkingDir": "/",
            "Entrypoint": [
                "/lzc-media/bin/lzc-media-service-static",
                "-config",
                "/lzc-media/defaultConfig.json"
            ],
            "OnBuild": null,
            "Labels": {
                "maintainer": "luhuaei@gmail.com"
            }
        },
        "Architecture": "amd64",
        "Os": "linux",
        "Size": 2881349371,
        "GraphDriver": {
            "Data": {
                "LowerDir": "/lzcsys/data/system/docker/overlay2/7d059e13dc52fd7921fb42a3365bdd06313ce034e4c84b7e59db35736adcb586/diff:/lzcsys/data/system/docker/overlay2/bbfeeda00c5aff50b3ea5c350953a3a0b8005858ac4e264983406cfb9494443f/diff:/lzcsys/data/system/docker/overlay2/19687ab29b2c570e34335bc211b01b7f0c0f62c0b5bdd33ab59f97c88cdb2a50/diff:/lzcsys/data/system/docker/overlay2/18bb315dabcc3ae349d97ff103b40f42d5157832dcbb82d0350b345fc9ff9fba/diff:/lzcsys/data/system/docker/overlay2/ce0c7656d62e51c36cf06f03eddb85950f2e785aee5da42de615d50b91157f87/diff:/lzcsys/data/system/docker/overlay2/e08a64c530c2a9c84810330e98685f8a72931b1f0bc46246352e166ecea8b100/diff:/lzcsys/data/system/docker/overlay2/c26945a526f28e4410e6599af5fbdb04d1ea2a83b872e4ad62f0ccfcfab6d32e/diff:/lzcsys/data/system/docker/overlay2/431c7b3fd03af610b9faf2aa212c14b8bc7aaedbf7299913799778f22e39cc2b/diff:/lzcsys/data/system/docker/overlay2/3c5dbc1b68eb08da53e0ba0c9513da33124c3979327814dcee6d0d486f73cb34/diff:/lzcsys/data/system/docker/overlay2/c7e3b4bbbe3d69f132b7d582f71a897ba236b7d58cdd59b679ef2e8d1a1f0f80/diff:/lzcsys/data/system/docker/overlay2/19cfa7803f2ae0cab0be4326c97e60ff1fe8b04d7b53a345c09635c5cad7c4ab/diff:/lzcsys/data/system/docker/overlay2/c609fa4b9d96c7427659241f74a6f8c5cacf9f3409549a35e5cf1f01d1391420/diff:/lzcsys/data/system/docker/overlay2/9f57fba212b352e9b6e3de5d294548f6acc8e4676b4916d1e9dfb7ffd6314c87/diff:/lzcsys/data/system/docker/overlay2/e54210eb7966dd999c9b04d0c40efe4ac1c901c9983608d06fdcad1fc349f4ab/diff:/lzcsys/data/system/docker/overlay2/78b5c66cf35f4deaf5478fc30dc73f2ae1c016654bb76e6110b692df4b9d9313/diff:/lzcsys/data/system/docker/overlay2/ca52c022068bc9cbcf806eb7fc6a957be6e9d4ff951844265931e0fca1e4e7c4/diff:/lzcsys/data/system/docker/overlay2/639525a825f8c198c4bc06b2c0e61f55ae156fb1d6b908a7ae6d1e2ff2b6155e/diff:/lzcsys/data/system/docker/overlay2/bc999a325e41e9876cfa59370d26cac4b58312bf5dd7ce75f06ce134bf973918/diff:/lzcsys/data/system/docker/overlay2/31fdb0fd64f073a371e76e1377f3d1de23755ac9ece6ab2132aff6cfa017a3fb/diff:/lzcsys/data/system/docker/overlay2/8e3c815a0d639357b1ae64961dce5824ab7be906061d978e7a8ed1427fd276a4/diff",
                "MergedDir": "/lzcsys/data/system/docker/overlay2/12279afe7367012f37e0bcff994f72ad510af7faff26a04dd8548fe550540fe8/merged",
                "UpperDir": "/lzcsys/data/system/docker/overlay2/12279afe7367012f37e0bcff994f72ad510af7faff26a04dd8548fe550540fe8/diff",
                "WorkDir": "/lzcsys/data/system/docker/overlay2/12279afe7367012f37e0bcff994f72ad510af7faff26a04dd8548fe550540fe8/work"
            },
            "Name": "overlay2"
        },
        "RootFS": {
            "Type": "layers",
            "Layers": [
                "sha256:5f1ee22ffb5e68686db3dcb6584eb1c73b5570615b0f14fabb070b96117e351d",
                "sha256:a49a3b7c9593f25b342c2a11550a73cf24fa0a3cb558f960d6ef9b8e8f121bf8",
                "sha256:3bd699227133f1de743b85ba518798da00f30dc451eee1c0ab1d5baf8db994c6",
                "sha256:10b183621a377192f0a85497c8169861a71f286bc4725649ec5c5481f6e3ba0d",
                "sha256:5f70bf18a086007016e948b04aed3b82103a36bea41755b6cddfaf10ace3c6ef",
                "sha256:9dadd919d5a38bdc8fda4004bc63e5c0ff1593bc4036aa4934b980452cd8dfe4",
                "sha256:18437e406732bce29c0b252e4fccb16c525652f69b18586a12a4f6c6aa3ceea0",
                "sha256:96a396501d474c541bf38385772fb761318875c6b04b2aee463512b980e51654",
                "sha256:3dd2c5ee67b13732ab4a1379f1b7f4b9a94a1be247e8b847e525f720ec59955e",
                "sha256:f2d42265ad69d8a55a3f9ad3e2891362ebe8cc1f025b5b2676ec577e63d780ac",
                "sha256:5f70bf18a086007016e948b04aed3b82103a36bea41755b6cddfaf10ace3c6ef",
                "sha256:fd196987c71529c571d08051425240f7bc1899b77b8a8dc1a2f9cf8784198391",
                "sha256:ce55013a2eea5ac596fae037561026e5d3f66e3fc123d22a906a367b696b46e3",
                "sha256:c36de7ecc01f8c9ca17873c3b05cafaa3940097b30029dd919bb4f377a06c7b7",
                "sha256:28918b3350e4b81291b143b75d1fac305679f00dd3795372cf93301dc49ef10e",
                "sha256:f64dc914676e9ae16b0c4ae4699854117dac09e41b934fc1039d88151706b762",
                "sha256:15ea69cfa0309774e838882cef03bff915a16215f8a469cc5a204b49ce0e310d",
                "sha256:378e2d6993505fadf66ecbee7dad040a2bbf9f6e11ea6f3021d5cbcabbf62de7",
                "sha256:5eade58fb28d0f5acd0ce4cc18f4133c281dfcadb2a3cd548e4a506a3ba5daef",
                "sha256:61f22325ddda0d9c5b17bb8f18b4bd44c270e92d43d15dde2e49357eacdb9421",
                "sha256:f8a6478c4d92a3cac44c1a8bda2f202105b64b0cc5866103770f39ff11f73a3d"
            ]
        },
        "Metadata": {
            "LastTagTime": "0001-01-01T00:00:00Z"
        }
    }
]
