[
    {
        "Id": "sha256:e96e78bce264407a611209d87a577f9bd67415cb2d9667fe3bbb82986fdb2814",
        "RepoTags": [
            "crpi-kyqfans5x5yi0xen.cn-hangzhou.personal.cr.aliyuncs.com/lonng_image/lzc-query:0.1.6"
        ],
        "RepoDigests": [
            "crpi-kyqfans5x5yi0xen.cn-hangzhou.personal.cr.aliyuncs.com/lonng_image/lzc-query@sha256:a47ac53341759e13047e06465c54fe7c7d31dec1e1259ba77e624eb1cc316c86"
        ],
        "Parent": "",
        "Comment": "buildkit.dockerfile.v0",
        "Created": "2025-11-02T11:16:22.986904069+08:00",
        "DockerVersion": "",
        "Author": "",
        "Config": {
            "Hostname": "",
            "Domainname": "",
            "User": "",
            "AttachStdin": false,
            "AttachStdout": false,
            "AttachStderr": false,
            "ExposedPorts": {
                "8080/tcp": {}
            },
            "Tty": false,
            "OpenStdin": false,
            "StdinOnce": false,
            "Env": [
                "PATH=/usr/local/bin:/usr/local/sbin:/usr/local/bin:/usr/sbin:/usr/bin:/sbin:/bin",
                "LANG=C.UTF-8",
                "GPG_KEY=A035C8C19219BA821ECEA86B64E628F8D684696D",
                "PYTHON_VERSION=3.11.9",
                "PYTHON_PIP_VERSION=24.0",
                "PYTHON_SETUPTOOLS_VERSION=65.5.1",
                "PYTHON_GET_PIP_URL=https://github.com/pypa/get-pip/raw/def4aec84b261b939137dd1c69eff0aabb4a7bf4/public/get-pip.py",
                "PYTHON_GET_PIP_SHA256=bc37786ec99618416cc0a0ca32833da447f4d91ab51d2c138dd15b7af21e8e9a"
            ],
            "Cmd": [
                "python",
                "/app/main.py"
            ],
            "ArgsEscaped": true,
            "Image": "",
            "Volumes": null,
            "WorkingDir": "/app",
            "Entrypoint": null,
            "OnBuild": null,
            "Labels": null
        },
        "Architecture": "amd64",
        "Os": "linux",
        "Size": 450476744,
        "GraphDriver": {
            "Data": {
                "LowerDir": "/lzcsys/data/system/docker/overlay2/84d811078b560c30e6375d20543796d395455817cf39c583d48cebcf81253a0a/diff:/lzcsys/data/system/docker/overlay2/9b9bafeaca3d8309ffebbb9b2f7238d93a0d262ce955a183afa16adc34a2b427/diff:/lzcsys/data/system/docker/overlay2/7e4215490146b0e4d9530404f99187f15cf498e4401c1b1a104a7c7119b930dc/diff:/lzcsys/data/system/docker/overlay2/47824bfff70fe4e9dddef382639078479de887022ec5c7e17a8d16472ffc1bbb/diff:/lzcsys/data/system/docker/overlay2/9fab0bf364bbe5c8be13c54b2db0fda5e5db3a5e7c0defad51c5e84dc2d9f4af/diff:/lzcsys/data/system/docker/overlay2/3de7e41cf93909d54d9c0ee392dace0d42b67cac510a245d773e78730a07aef8/diff:/lzcsys/data/system/docker/overlay2/394e46c2a745a5addd4d1cd91a5af54a95fb3654ef0917e3c4175118058bf770/diff:/lzcsys/data/system/docker/overlay2/dfc036796732ae9f92da0a8e41192aa7173b5dad4e631f3408c5c0053bc955bb/diff",
                "MergedDir": "/lzcsys/data/system/docker/overlay2/facb67544adad5787cbaa0817604631848177fc20cb26058c51a24705c315782/merged",
                "UpperDir": "/lzcsys/data/system/docker/overlay2/facb67544adad5787cbaa0817604631848177fc20cb26058c51a24705c315782/diff",
                "WorkDir": "/lzcsys/data/system/docker/overlay2/facb67544adad5787cbaa0817604631848177fc20cb26058c51a24705c315782/work"
            },
            "Name": "overlay2"
        },
        "RootFS": {
            "Type": "layers",
            "Layers": [
                "sha256:63ca1fbb43ae5034640e5e6cb3e083e05c290072c5366fcaa9d62435a4cced85",
                "sha256:68eec67de7ccb1b50edbb9bdbb3a3581bc219d4ecd751e324eb754ff0d057ee0",
                "sha256:0b27ce6eece7ea3502c2047a90beafe0c82f4808a6c725a68583bb54e6baa9af",
                "sha256:0b694b27cb8adbab8130466bd4c72749351ca3e7046e245b9a666f5ac27ce603",
                "sha256:91f987837fbc841e6aed2e6eb11d104c0b0514882147318fb56e219dbafe39a0",
                "sha256:0688de40120a72d3e478d1a926883efd48b1fe352be18edb3d361bf1a1a2585a",
                "sha256:12a6067583392b37dd1897a3687c67f5319720fa431b6b50047a72e6246d9f4e",
                "sha256:36f9044dad9ba690a7db06debf151202a4736821abced2d1937000c768ad2482",
                "sha256:6340c4c80ccb5ffb7962ca83cf2ec8f79f690204e2b311bd2321926dccd5bee2"
            ]
        },
        "Metadata": {
            "LastTagTime": "0001-01-01T00:00:00Z"
        }
    }
]
