[
    {
        "Id": "sha256:2057c8b4e17b4260fa69fe381c58217a8bbbab12599636866bd45e72d691f7a3",
        "RepoTags": [
            "registry.lazycat.cloud/louislam/dockge:0.0.4"
        ],
        "RepoDigests": [
            "registry.lazycat.cloud/louislam/dockge@sha256:10ec5ec7b822a55a5a4a6a24ea3be3716e220cfad4648fbe301df80be6e4fd2a"
        ],
        "Parent": "",
        "Comment": "buildkit.dockerfile.v0",
        "Created": "2025-02-20T16:44:02.753254552+08:00",
        "DockerVersion": "",
        "Author": "",
        "Config": {
            "Hostname": "",
            "Domainname": "",
            "User": "",
            "AttachStdin": false,
            "AttachStdout": false,
            "AttachStderr": false,
            "ExposedPorts": {
                "5001/tcp": {}
            },
            "Tty": false,
            "OpenStdin": false,
            "StdinOnce": false,
            "Env": [
                "PATH=/pnpm:/usr/local/sbin:/usr/local/bin:/usr/sbin:/usr/bin:/sbin:/bin",
                "NODE_VERSION=22.12.0",
                "YARN_VERSION=1.22.22",
                "PNPM_HOME=/pnpm",
                "UV_USE_IO_URING=0"
            ],
            "Cmd": [
                "tsx",
                "./backend/index.ts"
            ],
            "Healthcheck": {
                "Test": [
                    "CMD-SHELL",
                    "extra/healthcheck"
                ],
                "Interval": 60000000000,
                "Timeout": 30000000000,
                "StartPeriod": 60000000000,
                "Retries": 5
            },
            "ArgsEscaped": true,
            "Image": "",
            "Volumes": {
                "/app/data": {}
            },
            "WorkingDir": "/app",
            "Entrypoint": [
                "/usr/bin/dumb-init",
                "--"
            ],
            "OnBuild": null,
            "Labels": null
        },
        "Architecture": "amd64",
        "Os": "linux",
        "Size": 466737545,
        "GraphDriver": {
            "Data": {
                "LowerDir": "/lzcsys/data/system/docker/overlay2/18a37395f615a99672788315cd3ed05097524b3e0376cbdcaaf50f8852d0ca40/diff:/lzcsys/data/system/docker/overlay2/9d18d2e1c2f8c01edc26f8d51d4dc6f8774eb01f5c6dcf468601845eaf4b5fd4/diff:/lzcsys/data/system/docker/overlay2/a5da9dd97b586333861767753470a097a2328266924276bc2f2b88669a777a23/diff:/lzcsys/data/system/docker/overlay2/6c1833cdebeb56de43f43e2f8739322972a106209e6a388ef0f6661ce039574c/diff:/lzcsys/data/system/docker/overlay2/ce6fe658f4c5edc522f65896e1df7b5b449110eb8e07124f60103da708419ba4/diff:/lzcsys/data/system/docker/overlay2/42259602008a87a6edbb06f0b08b2b508045989280b091aede41a998d1106d8d/diff:/lzcsys/data/system/docker/overlay2/a772685aecdd06f393cd6a6b46ef1ea0198fabae846c7469513fb34af87340c0/diff:/lzcsys/data/system/docker/overlay2/db8fb33f20d5b22d0ba82ea480c0371126fce90d68eafb2ae08d0ba6d0062352/diff:/lzcsys/data/system/docker/overlay2/73d2b29febdf9b3837eb3bb4e61498743c9fcbcf40e7e28e8d6e4bf0ead3cc47/diff:/lzcsys/data/system/docker/overlay2/578f1dcc1b93c93bfb576ccb7a6b01851f95b72aa5de51a5d2a7e01ef7035467/diff",
                "MergedDir": "/lzcsys/data/system/docker/overlay2/2f32460ea6bffa337f38b55e1f96fb5cfc54fa2a89257f68738c3e97a17468ff/merged",
                "UpperDir": "/lzcsys/data/system/docker/overlay2/2f32460ea6bffa337f38b55e1f96fb5cfc54fa2a89257f68738c3e97a17468ff/diff",
                "WorkDir": "/lzcsys/data/system/docker/overlay2/2f32460ea6bffa337f38b55e1f96fb5cfc54fa2a89257f68738c3e97a17468ff/work"
            },
            "Name": "overlay2"
        },
        "RootFS": {
            "Type": "layers",
            "Layers": [
                "sha256:8b296f48696071aafb5a6286ca60d441a7e559b192fc7f94bb63ee93dae98f17",
                "sha256:2978e8b93e850e57bcd042dae07529cc63a5c86ee67734a98d0e824f24065316",
                "sha256:a6426a9bf417c58d5ba0cf60167becc42891cc011b37f37af53dd3c681a7c08d",
                "sha256:a2171f1263ef56c78fc4a5d5e18df026b82821a968962204a236dbca102bdc2d",
                "sha256:b77d99c4c05e0efa397eb96032db3efb9d5f4660f476dc8a4211d25a021776ac",
                "sha256:239d22cade30f050042c1577ad9ff576b6443734f5c50c48d4c352e5ed428b12",
                "sha256:5ed30a4313e985f344f00ef1801908749b23dd4a7449babcc67829fc462d658f",
                "sha256:963b5f31ab598c435e2293b4b5f15b15cb8093c283b811dbaf64fcfb8e6017bb",
                "sha256:a1bd1476072f53b5d22468737e4044107c763ce98d2fdb0b6f94c1ee596b4cf4",
                "sha256:202ca5d7569f8030ec37a54bd2d5a43bba3991a9be0779033805db21f706c49a",
                "sha256:388137bdc672910f8728d4b0f3fd5f857d24a8737cb99adb38603d8549c35d86"
            ]
        },
        "Metadata": {
            "LastTagTime": "0001-01-01T00:00:00Z"
        }
    }
]
