[
    {
        "Id": "sha256:2b5d0bac74cee0318ce8d09465a0537ec4daa63f6baae1eaf4eda5d81f273b79",
        "RepoTags": [
            "registry.lazycat.cloud/official/rustc/easynvr_amd64:033aaf9396263451"
        ],
        "RepoDigests": [
            "registry.lazycat.cloud/official/rustc/easynvr_amd64@sha256:033aaf9396263451b141517fa1c53c27e11776e5a847473c6269403f311cf292"
        ],
        "Parent": "",
        "Comment": "buildkit.dockerfile.v0",
        "Created": "2025-09-06T16:30:14.452046071+08:00",
        "DockerVersion": "",
        "Author": "",
        "Config": {
            "Hostname": "",
            "Domainname": "",
            "User": "",
            "AttachStdin": false,
            "AttachStdout": false,
            "AttachStderr": false,
            "Tty": false,
            "OpenStdin": false,
            "StdinOnce": false,
            "Env": [
                "PATH=/usr/local/sbin:/usr/local/bin:/usr/sbin:/usr/bin:/sbin:/bin",
                "CMD_TO_RUN=/app/easynvr",
                "TZ=Asia/Shanghai"
            ],
            "Cmd": [
                "sh",
                "-c",
                "${CMD_TO_RUN}"
            ],
            "ArgsEscaped": true,
            "Image": "",
            "Volumes": null,
            "WorkingDir": "/app",
            "Entrypoint": [
                "/initial-files/entrypoint.sh"
            ],
            "OnBuild": null,
            "Labels": {
                "cloud.lazycat.image.maintainer": "official",
                "cloud.lazycat.image.origin_hash": "sha256:81e60fd4107b6e97e844824753e2f50dacf1d1932f334a7a7b861d3f9d7fd972",
                "cloud.lazycat.image.origin_image": "registry.cn-shanghai.aliyuncs.com/rustc/easynvr_amd64:latest",
                "org.opencontainers.image.ref.name": "ubuntu",
                "org.opencontainers.image.version": "20.04"
            }
        },
        "Architecture": "amd64",
        "Os": "linux",
        "Size": 222062836,
        "GraphDriver": {
            "Data": {
                "LowerDir": "/lzcsys/data/system/docker/overlay2/f04d9e050b411f90f94ed1f7d16c3dfae4501a03b340003c8ab2baafcbe17f45/diff:/lzcsys/data/system/docker/overlay2/25a15eb912f844c1096cd9c1ef3f479f542b27c624aea71790211b16afe3027b/diff:/lzcsys/data/system/docker/overlay2/a1b204e93af09fffbad88ee05f4901749c77f1797bde3fc0de9c47bbd749d1b2/diff:/lzcsys/data/system/docker/overlay2/ba935a2cd1792045214e063e29dd140c10e0ed2f1431b9e16441b898625a1f63/diff:/lzcsys/data/system/docker/overlay2/70f55404a8fd24538a3b960dd39d14e5cde0aa1737ed8a3966ee0b898d564f46/diff:/lzcsys/data/system/docker/overlay2/af3b9594c291bccf2b6cdfce1499681edeed439a0c37dbe81dc410635de56785/diff:/lzcsys/data/system/docker/overlay2/a5719718c9ff4c80917fe04e386fb771e8a1136676d14952003fdb089d52a1ca/diff",
                "MergedDir": "/lzcsys/data/system/docker/overlay2/ff7232eb20b9134cbfd80e557c017483a50d9b1fb4703ac5e01e03c203714536/merged",
                "UpperDir": "/lzcsys/data/system/docker/overlay2/ff7232eb20b9134cbfd80e557c017483a50d9b1fb4703ac5e01e03c203714536/diff",
                "WorkDir": "/lzcsys/data/system/docker/overlay2/ff7232eb20b9134cbfd80e557c017483a50d9b1fb4703ac5e01e03c203714536/work"
            },
            "Name": "overlay2"
        },
        "RootFS": {
            "Type": "layers",
            "Layers": [
                "sha256:470b66ea5123c93b0d5606e4213bf9e47d3d426b640d32472e4ac213186c4bb6",
                "sha256:f04a71df9d657b16f6f9eb7cce79c0cbbc8e7e8921f037a0ed4517122380c345",
                "sha256:28b123f2619e56d4810dfb3959c41023caca20375c189307c9658f7e7b69bb1e",
                "sha256:25384cee8392cf1d7199eab574655faf5e786418eca7ab8810743d7035d9a2fc",
                "sha256:6886edb9ba9c8bea98673855d92f2b18491fa08d3606347e71664a4779f30111",
                "sha256:e111c70adf48ab6b7c41896903b8c7979da4961cd7b51edd91073207e7803490",
                "sha256:af45983c1c18bb4ba9846f40f261e8d94453d8e2e030fb89c8fcb6b066bb4115",
                "sha256:f353ff722c2bc9705a823873e708f85ed393edee54b288981791860cf3be0184"
            ]
        },
        "Metadata": {
            "LastTagTime": "0001-01-01T00:00:00Z"
        }
    }
]
