[
    {
        "Id": "sha256:18cbc9c4c9b4137145c2fcb99ea9c3230d2e4ddc6ab18a6e7508ec9f4e4741de",
        "RepoTags": [
            "registry.lazycat.cloud/aixinyin/axy5920/excalidraw:abb9b2a6cf1559d4"
        ],
        "RepoDigests": [
            "registry.lazycat.cloud/aixinyin/axy5920/excalidraw@sha256:abb9b2a6cf1559d43322ed3443503b55d6b0f43b4dc3dd6f33a24eb156236b5e"
        ],
        "Parent": "",
        "Comment": "",
        "Created": "2025-11-08T11:03:06.908906667Z",
        "DockerVersion": "28.5.2",
        "Author": "",
        "Config": {
            "Hostname": "",
            "Domainname": "",
            "User": "",
            "AttachStdin": false,
            "AttachStdout": false,
            "AttachStderr": false,
            "ExposedPorts": {
                "3000/tcp": {}
            },
            "Tty": false,
            "OpenStdin": false,
            "StdinOnce": false,
            "Env": [
                "PATH=/usr/local/sbin:/usr/local/bin:/usr/sbin:/usr/bin:/sbin:/bin",
                "NODE_VERSION=20.19.5",
                "YARN_VERSION=1.22.22"
            ],
            "Cmd": [
                "pnpm",
                "start"
            ],
            "Image": "sha256:bfffbac572c588fbe485b93a0628e4f7ca9e17996c6cd319a980a2661ca08894",
            "Volumes": null,
            "WorkingDir": "/app",
            "Entrypoint": [
                "docker-entrypoint.sh"
            ],
            "OnBuild": null,
            "Labels": {
                "cloud.lazycat.image.maintainer": "aixinyin",
                "cloud.lazycat.image.origin_hash": "sha256:be39bde8ec65cb2f57b6236f7b36ddbdaa81d912851129c1bb1ea1c73c62fafd",
                "cloud.lazycat.image.origin_image": "registry.cn-hangzhou.aliyuncs.com/axy5920/excalidraw:0.0.2"
            }
        },
        "Architecture": "amd64",
        "Os": "linux",
        "Size": 2955094783,
        "GraphDriver": {
            "Data": {
                "LowerDir": "/lzcsys/data/system/docker/overlay2/15dd1e7ce9a88ff455c957cdc781ba2c3c8fb0668ea40a7724516496bfb89f2e/diff:/lzcsys/data/system/docker/overlay2/21af1d36ef1a8891156755d15834a23b1224199aab1293ae8086ca2f12818ef0/diff:/lzcsys/data/system/docker/overlay2/1a7febcb30f719b67986748685b0902166f9866b1993717cf6895d22d1f1a99d/diff:/lzcsys/data/system/docker/overlay2/a21978be23c676f8386553a322b9bb3f11f3de5a1c7f77ccc46decb19b342200/diff:/lzcsys/data/system/docker/overlay2/35926b63bf919a6c7c3726e4cdad80e7b49596a92f5c01f35296081c489ea84c/diff:/lzcsys/data/system/docker/overlay2/09c6a252e44ef30582c4874b9eee558a24adf138c0778bf5bd398dbada0682c6/diff:/lzcsys/data/system/docker/overlay2/d537fecc1ae25dff3cbdd5d048c4b3a07d8fe45bbc1f4ad1f7267789b75cf1bc/diff:/lzcsys/data/system/docker/overlay2/4eddd8d17de4cee7142dd97f76855f8e23a30ebcf8ce3d0f5c4442b886084bb3/diff:/lzcsys/data/system/docker/overlay2/e3ce7f36118c5f48ec7b4f8ed5868cd63eb71fd374b9be77138f3af05b7b1fd8/diff",
                "MergedDir": "/lzcsys/data/system/docker/overlay2/215ecca8cd833cf4f4fae2be6f15077c83f315d282e14345b75bf457d38e27da/merged",
                "UpperDir": "/lzcsys/data/system/docker/overlay2/215ecca8cd833cf4f4fae2be6f15077c83f315d282e14345b75bf457d38e27da/diff",
                "WorkDir": "/lzcsys/data/system/docker/overlay2/215ecca8cd833cf4f4fae2be6f15077c83f315d282e14345b75bf457d38e27da/work"
            },
            "Name": "overlay2"
        },
        "RootFS": {
            "Type": "layers",
            "Layers": [
                "sha256:256f393e029fa2063d8c93720da36a74a032bed3355a2bc3e313ad12f8bde9d1",
                "sha256:1548c3f692a15917d610e4556243c9144e5784ad6870fd0e4b4c2f7973c51837",
                "sha256:a81608eb20afa0a3ec1887865e4a87be731d45f249afe8c377e782d882c61d32",
                "sha256:8bc61164599fb54ff026045916890640a9737e50bf04e71fd95ba6e467df40ad",
                "sha256:3db680f61bfc85422d8b4a6fda5b70f50a5fa46ee280b5a1bdc77d28a11d08e9",
                "sha256:1cc47becd3882a0abe5088cc1f81f45bd3bd2c5be31c7e704bed9443116cc4ee",
                "sha256:cb473f27d3fa4b2448857ac3cda58aaaee364ce489bdba9fd3bf829d9cdcea6b",
                "sha256:d1695f4b121c414cc661d07318637e0250d1f611afa37dcf219a24d9e39cce31",
                "sha256:8f1bc609a0c724efcc7556f14cf9de5c99e9fc9207c91b9b306ae2830a71448a",
                "sha256:474e0227b350a8a53a775a251007d2973193b1b308ab28b69c429434bb38b847"
            ]
        },
        "Metadata": {
            "LastTagTime": "0001-01-01T00:00:00Z"
        }
    }
]
