[
    {
        "Id": "sha256:54c35caa8b4269d4866d96a57c2ba73d60e8a6f3f014e39d5d55ef0617fc5f45",
        "RepoTags": [
            "registry.lazycat.cloud/edward/library/nginx:66ed6c4c9590f7e5"
        ],
        "RepoDigests": [
            "registry.lazycat.cloud/edward/library/nginx@sha256:66ed6c4c9590f7e54c3a268ee965998ba28c5097cc997aefb397820150b839a8"
        ],
        "Parent": "",
        "Comment": "buildkit.dockerfile.v0",
        "Created": "2025-06-24T20:52:14Z",
        "DockerVersion": "",
        "Author": "",
        "Config": {
            "Hostname": "",
            "Domainname": "",
            "User": "",
            "AttachStdin": false,
            "AttachStdout": false,
            "AttachStderr": false,
            "ExposedPorts": {
                "80/tcp": {}
            },
            "Tty": false,
            "OpenStdin": false,
            "StdinOnce": false,
            "Env": [
                "PATH=/usr/local/sbin:/usr/local/bin:/usr/sbin:/usr/bin:/sbin:/bin",
                "NGINX_VERSION=1.29.0",
                "PKG_RELEASE=1",
                "DYNPKG_RELEASE=1",
                "NJS_VERSION=0.9.0",
                "NJS_RELEASE=1"
            ],
            "Cmd": [
                "nginx",
                "-g",
                "daemon off;"
            ],
            "Image": "",
            "Volumes": null,
            "WorkingDir": "/",
            "Entrypoint": [
                "/docker-entrypoint.sh"
            ],
            "OnBuild": null,
            "Labels": {
                "cloud.lazycat.image.maintainer": "Edward",
                "cloud.lazycat.image.origin_hash": "sha256:845b5424415de5f77dd5753cbb7c1be8bd8e44cc81f20f9705783a02f8848317",
                "cloud.lazycat.image.origin_image": "nginx:alpine",
                "maintainer": "NGINX Docker Maintainers <docker-maint@nginx.com>"
            },
            "StopSignal": "SIGQUIT"
        },
        "Architecture": "amd64",
        "Os": "linux",
        "Size": 52451490,
        "GraphDriver": {
            "Data": {
                "LowerDir": "/lzcsys/data/system/docker/overlay2/b68263f3f2c3c678c6df27f756791b68bc6a2e8cbe41d8cbb52faa2c65d8c6ae/diff:/lzcsys/data/system/docker/overlay2/02d69f55e3c00d817f03ec3878ecf7cd88d4ae1597afc41ab0e2ca18f707e171/diff:/lzcsys/data/system/docker/overlay2/6ef918e3707d14171bb0c6f640a644aa4b595b2caccf6e7b4e1d3d84c044de54/diff:/lzcsys/data/system/docker/overlay2/da781e36389764ebd14f71d9ea99074ccaf2450d9d6131aedab691a998be13bc/diff:/lzcsys/data/system/docker/overlay2/0a2640555e0272dd64b907173f0723298a09a17567ea21685edb7905613bc84c/diff:/lzcsys/data/system/docker/overlay2/a1d45d90c8ed6886180876df4bca6d15b3b3b929ee683e80e408eef51578781f/diff:/lzcsys/data/system/docker/overlay2/38620462f2ee1364be04cd47e7f0260d1292b232a4272bed4991da039f00174d/diff",
                "MergedDir": "/lzcsys/data/system/docker/overlay2/f773ed2f08740862ea0e724ffbaab002c5ca4e38697c2bf86958a31362dd4137/merged",
                "UpperDir": "/lzcsys/data/system/docker/overlay2/f773ed2f08740862ea0e724ffbaab002c5ca4e38697c2bf86958a31362dd4137/diff",
                "WorkDir": "/lzcsys/data/system/docker/overlay2/f773ed2f08740862ea0e724ffbaab002c5ca4e38697c2bf86958a31362dd4137/work"
            },
            "Name": "overlay2"
        },
        "RootFS": {
            "Type": "layers",
            "Layers": [
                "sha256:418dccb7d85a63a6aa574439840f7a6fa6fd2321b3e2394568a317735e867d35",
                "sha256:77a17eed5d29463213a63982741960f73ade62996f3698bab41c93ccf3e83e5f",
                "sha256:430a7aa99a19d9993d7147098f48e6f3f31bf8c24d7f78327e79245583eae8f6",
                "sha256:95a6190cfaec8aa82732270f3414a69f1bdb86e72c148955cff2be340c857164",
                "sha256:daa8ffa7606a8b98117b003ab8ea55fbf3b2f0f194bc8bbfcddf25f0693d829e",
                "sha256:26081059fc81095e0105c664ad6da55596ab0f6e92966f518c5b23016c6d59a3",
                "sha256:c38bee0b0d2864c1661486dcbdfe08e5980cfa8b61c11682bd0cd95c3ba589f8",
                "sha256:57fb2e22a07aa9afdaac0a491c3b5a0948a4ea577aeaa99b5d1fa0cc9ece277b"
            ]
        },
        "Metadata": {
            "LastTagTime": "0001-01-01T00:00:00Z"
        }
    }
]
