[
    {
        "Id": "sha256:d66e8a1a9afcf5d4f1d099bb2f69fc94e21bcd4254b395b9f4dece293f212930",
        "RepoTags": [
            "registry.lazycat.cloud/u42152447/calciumion/new-api:4e40d5bdfbbf8a7c"
        ],
        "RepoDigests": [
            "registry.lazycat.cloud/u42152447/calciumion/new-api@sha256:4e40d5bdfbbf8a7c63f46065cc0fb0187fd14434263d17682d3f5197cd08d787"
        ],
        "Parent": "",
        "Comment": "buildkit.dockerfile.v0",
        "Created": "2025-11-07T09:56:11.332028063Z",
        "DockerVersion": "",
        "Author": "",
        "Config": {
            "Hostname": "",
            "Domainname": "",
            "User": "",
            "AttachStdin": false,
            "AttachStdout": false,
            "AttachStderr": false,
            "ExposedPorts": {
                "3000/tcp": {}
            },
            "Tty": false,
            "OpenStdin": false,
            "StdinOnce": false,
            "Env": [
                "PATH=/usr/local/sbin:/usr/local/bin:/usr/sbin:/usr/bin:/sbin:/bin"
            ],
            "Cmd": null,
            "Image": "",
            "Volumes": null,
            "WorkingDir": "/data",
            "Entrypoint": [
                "/new-api"
            ],
            "OnBuild": null,
            "Labels": {
                "cloud.lazycat.image.maintainer": "u42152447",
                "cloud.lazycat.image.origin_hash": "sha256:edaa4d69991385d91c039a22cd4b1145ec4f1f9736ce6d8011f6a6b243f4238b",
                "cloud.lazycat.image.origin_image": "calciumion/new-api:latest",
                "org.opencontainers.image.created": "2025-11-07T09:54:18.293Z",
                "org.opencontainers.image.description": "AI模型聚合管理中转分发系统，支持将多种大模型转为统一格式调用，支持OpenAI、Claude、Gemini等格式，可供个人或者企业内部管理与分发渠道使用。🍥 The next-generation LLM gateway and AI asset management system supports multiple languages.",
                "org.opencontainers.image.licenses": "NOASSERTION",
                "org.opencontainers.image.revision": "e082268533c53685c1b39a225270faa08fef4b31",
                "org.opencontainers.image.source": "https://github.com/QuantumNous/new-api",
                "org.opencontainers.image.title": "new-api",
                "org.opencontainers.image.url": "https://github.com/QuantumNous/new-api",
                "org.opencontainers.image.version": "v0.9.18"
            }
        },
        "Architecture": "amd64",
        "Os": "linux",
        "Size": 68465492,
        "GraphDriver": {
            "Data": {
                "LowerDir": "/lzcsys/data/system/docker/overlay2/52aae0140c6ccd89366be47e8df8c4b3174234eddcebb378d4c6d63ca9caf473/diff:/lzcsys/data/system/docker/overlay2/6f03857f6a3cc3843a3c549170d137dff58f091ffdb825c86304b0b2ec9fbc59/diff:/lzcsys/data/system/docker/overlay2/e3ce7f36118c5f48ec7b4f8ed5868cd63eb71fd374b9be77138f3af05b7b1fd8/diff",
                "MergedDir": "/lzcsys/data/system/docker/overlay2/c8735f6b81c9907178973cc5f33c8a90026f8e92712482dd15b19bb535fa50ce/merged",
                "UpperDir": "/lzcsys/data/system/docker/overlay2/c8735f6b81c9907178973cc5f33c8a90026f8e92712482dd15b19bb535fa50ce/diff",
                "WorkDir": "/lzcsys/data/system/docker/overlay2/c8735f6b81c9907178973cc5f33c8a90026f8e92712482dd15b19bb535fa50ce/work"
            },
            "Name": "overlay2"
        },
        "RootFS": {
            "Type": "layers",
            "Layers": [
                "sha256:256f393e029fa2063d8c93720da36a74a032bed3355a2bc3e313ad12f8bde9d1",
                "sha256:1b27540e8010dc2f4635ac82e79216bf97edf221924a782eb36ac32f8364712e",
                "sha256:0614199b5c42db48197e101c2f1e2da01bbf344575c57a057e2f0228256c492d",
                "sha256:80bfa120160858aa93196d0af99d9ac446dfe449a7c87424c3ddcc161ea97f4b"
            ]
        },
        "Metadata": {
            "LastTagTime": "0001-01-01T00:00:00Z"
        }
    }
]
