[
    {
        "Id": "sha256:fb1e98f4acecdc54725b5c46a23d2e4a50be8afbd039cdbcef43a3a2c4d17ac2",
        "RepoTags": [
            "registry.lazycat.cloud/app-tv-controller:1.0"
        ],
        "RepoDigests": [
            "registry.lazycat.cloud/app-tv-controller@sha256:0bec8aa3ae2e584918c94f710229187208b09d3e9a3162770cac1c74f9eb864c"
        ],
        "Parent": "",
        "Comment": "buildkit.dockerfile.v0",
        "Created": "2025-03-21T17:43:49.45034327+08:00",
        "DockerVersion": "",
        "Author": "",
        "Config": {
            "Hostname": "",
            "Domainname": "",
            "User": "",
            "AttachStdin": false,
            "AttachStdout": false,
            "AttachStderr": false,
            "Tty": false,
            "OpenStdin": false,
            "StdinOnce": false,
            "Env": [
                "PATH=/usr/local/sbin:/usr/local/bin:/usr/sbin:/usr/bin:/sbin:/bin"
            ],
            "Cmd": [
                "/bin/sh"
            ],
            "Image": "",
            "Volumes": null,
            "WorkingDir": "/",
            "Entrypoint": null,
            "OnBuild": null,
            "Labels": null
        },
        "Architecture": "amd64",
        "Os": "linux",
        "Size": 275006352,
        "GraphDriver": {
            "Data": {
                "LowerDir": "/lzcsys/data/system/docker/overlay2/4dc9e32ebefde6201bb707671afe94b89c74fb2f1828c7455cb599f4d7afbeab/diff",
                "MergedDir": "/lzcsys/data/system/docker/overlay2/e995b58cbb659d232bcdbfd5e86727014d011284e07f739b1194fd579c2f6c19/merged",
                "UpperDir": "/lzcsys/data/system/docker/overlay2/e995b58cbb659d232bcdbfd5e86727014d011284e07f739b1194fd579c2f6c19/diff",
                "WorkDir": "/lzcsys/data/system/docker/overlay2/e995b58cbb659d232bcdbfd5e86727014d011284e07f739b1194fd579c2f6c19/work"
            },
            "Name": "overlay2"
        },
        "RootFS": {
            "Type": "layers",
            "Layers": [
                "sha256:08000c18d16dadf9553d747a58cf44023423a9ab010aab96cf263d2216b8b350",
                "sha256:3e00d8850cdcd6bf51bcc9b2ef76ecc0fda6a7562f6abde032496b0019fdb023"
            ]
        },
        "Metadata": {
            "LastTagTime": "0001-01-01T00:00:00Z"
        }
    }
]
