[
    {
        "Id": "sha256:98c9aecff074fc0a93c4fe86eca95726d4e872395e6c2da89f60f83049eb3bb7",
        "RepoTags": [
            "registry.lazycat.cloud/jackett:v0.22.1411-7"
        ],
        "RepoDigests": [
            "registry.lazycat.cloud/jackett@sha256:d10d70f743dd59cf69d3be5bd3c3aaa26aa7cb2675c85d57897ebaecdfaffb2b"
        ],
        "Parent": "",
        "Comment": "buildkit.dockerfile.v0",
        "Created": "2025-02-12T17:57:58.396571277+08:00",
        "DockerVersion": "",
        "Author": "",
        "Config": {
            "Hostname": "",
            "Domainname": "",
            "User": "jackett",
            "AttachStdin": false,
            "AttachStdout": false,
            "AttachStderr": false,
            "Tty": false,
            "OpenStdin": false,
            "StdinOnce": false,
            "Env": [
                "PATH=/usr/local/sbin:/usr/local/bin:/usr/sbin:/usr/bin:/sbin:/bin",
                "APP_UID=1654",
                "ASPNETCORE_HTTP_PORTS=8080",
                "DOTNET_RUNNING_IN_CONTAINER=true",
                "DOTNET_VERSION=8.0.13",
                "ASPNET_VERSION=8.0.13"
            ],
            "Cmd": [
                "/opt/Jackett/jackett",
                "--NoUpdates",
                "-l"
            ],
            "ArgsEscaped": true,
            "Image": "",
            "Volumes": null,
            "WorkingDir": "/opt/Jackett",
            "Entrypoint": null,
            "OnBuild": null,
            "Labels": null
        },
        "Architecture": "amd64",
        "Os": "linux",
        "Size": 330200552,
        "GraphDriver": {
            "Data": {
                "LowerDir": "/lzcsys/data/system/docker/overlay2/0a178bf133597c005e184a65688925d616e5fd1d6120ccb06887880fa215ee44/diff:/lzcsys/data/system/docker/overlay2/5238aab36b63cffcf057adcf4881a4252afd88d3f0fdc753b9eb5961fb47ecf4/diff:/lzcsys/data/system/docker/overlay2/c816dfb0de66421f619ae01baebf545cffba07735460e4c8088649aa4c27ab97/diff:/lzcsys/data/system/docker/overlay2/c35a8466f16b51d142c92981a8107607d31d3bf1964eb0b89082e42d788df915/diff:/lzcsys/data/system/docker/overlay2/ceca08212fee8ef4b73001a6785c6f78213c351f2bf6dec4f769ac6d64ac1db1/diff:/lzcsys/data/system/docker/overlay2/ae4a84cda0bb8303f04d869785d516a15b5fcf8b7c5aee5f6ca5e6a5c2259374/diff:/lzcsys/data/system/docker/overlay2/598c3c257b90d283e187ee9940fab9db8c6019f2e59b91f1b3092cd208bf1bd1/diff:/lzcsys/data/system/docker/overlay2/f8faafaa8e32b032a7ce6f885e62e63f15547407a66956c3dde1551483c6a501/diff:/lzcsys/data/system/docker/overlay2/229a8970ed7bf2385548bc79f5e8ce050fb1be1e7bbe08a5dc096fdef06210c2/diff:/lzcsys/data/system/docker/overlay2/7eb052077da482c42e936b80c2ea0a6a10020aac182922c319b4d3be9974aff9/diff:/lzcsys/data/system/docker/overlay2/8d406cd88b3420d914c5256d152a1fdf4cbb24b9e9f50e487b4ec2bded61bfb0/diff",
                "MergedDir": "/lzcsys/data/system/docker/overlay2/78dacc94b9609e350ebf061d92df7b31324e148481f165565128edf2207a89a4/merged",
                "UpperDir": "/lzcsys/data/system/docker/overlay2/78dacc94b9609e350ebf061d92df7b31324e148481f165565128edf2207a89a4/diff",
                "WorkDir": "/lzcsys/data/system/docker/overlay2/78dacc94b9609e350ebf061d92df7b31324e148481f165565128edf2207a89a4/work"
            },
            "Name": "overlay2"
        },
        "RootFS": {
            "Type": "layers",
            "Layers": [
                "sha256:7914c8f600f532b7adbd0b003888e3aa921687d62dbe2f1f829d0ab6234a158a",
                "sha256:79cc0d4fcf70dcdddcbd6f47a327453a468e582243fe74db5cb516ca564772dc",
                "sha256:5d351100f0573b8fe3c8de5a0c59153592fcdaa303b5548b2a12d44ceaa1f9eb",
                "sha256:4652349dcf674dbe2d8756996cab56cbba6cd201d1dfaa57919ee2d11d46d328",
                "sha256:14a141850cf4a670697cca84e929cac4dcf04bf4a3f05f89302bf08133a37e34",
                "sha256:24b6daacbd9f753c86a5eb8499689d120ce4b79c2d5c1388bf51ed7b786af67f",
                "sha256:5f70bf18a086007016e948b04aed3b82103a36bea41755b6cddfaf10ace3c6ef",
                "sha256:ce6b1191c22007acbc3d17151ec8ce88e9d203eb97b0722f2cec2c60085e8863",
                "sha256:62e8ead4398836fbd63a0790afee7eab52fdaa4d7898b36b6aa440b8a29def01",
                "sha256:5f70bf18a086007016e948b04aed3b82103a36bea41755b6cddfaf10ace3c6ef",
                "sha256:34ae3c371b7c8378c1ab97315d8229e99dff8752e4d41cef4cd24f314b225906",
                "sha256:16eee24048505d2cf6349f211568d80fcda707ef82ca448a67899ccdae1104da"
            ]
        },
        "Metadata": {
            "LastTagTime": "0001-01-01T00:00:00Z"
        }
    }
]
