[
    {
        "Id": "sha256:6f1f3831e00ef1953b7a78b6a7d6a93ffbf7d1b4780e29e4bc11f1d52ae3bce2",
        "RepoTags": [
            "registry.lazycat.cloud/d1y/installer-server:0.5"
        ],
        "RepoDigests": [
            "registry.lazycat.cloud/d1y/installer-server@sha256:ab0d8057235c6a255c4344956d0647ec3a638d44e0e2b2480fda5e898a88b666"
        ],
        "Parent": "",
        "Comment": "buildkit.dockerfile.v0",
        "Created": "2023-07-06T10:33:13.825868645Z",
        "DockerVersion": "",
        "Author": "",
        "Config": {
            "Hostname": "",
            "Domainname": "",
            "User": "",
            "AttachStdin": false,
            "AttachStdout": false,
            "AttachStderr": false,
            "ExposedPorts": {
                "3000/tcp": {}
            },
            "Tty": false,
            "OpenStdin": false,
            "StdinOnce": false,
            "Env": [
                "PATH=/usr/local/sbin:/usr/local/bin:/usr/sbin:/usr/bin:/sbin:/bin",
                "NODE_VERSION=16.20.1",
                "YARN_VERSION=1.22.19",
                "NODE_ENV=production"
            ],
            "Cmd": [
                "node",
                "/app/main.js"
            ],
            "ArgsEscaped": true,
            "Image": "",
            "Volumes": null,
            "WorkingDir": "/app",
            "Entrypoint": [
                "docker-entrypoint.sh"
            ],
            "OnBuild": null,
            "Labels": null
        },
        "Architecture": "amd64",
        "Os": "linux",
        "Size": 142258739,
        "GraphDriver": {
            "Data": {
                "LowerDir": "/lzcsys/data/system/docker/overlay2/91164dd7bf9cf0dc8b6c9d98cf2255e118d48b653897f8d22e1298b87a2ee737/diff:/lzcsys/data/system/docker/overlay2/c25621e324ea84928f6b0903ef8f1ec5a6104b6c65dfcf05ee993b63730763a9/diff:/lzcsys/data/system/docker/overlay2/924426694afa1f869970d8719675daa94365bae8b58ff5db1c5761faa99f8cd2/diff:/lzcsys/data/system/docker/overlay2/7751f298112c02e44552ba042c031975cdd08bd0783b70bc346bca1256c3832c/diff:/lzcsys/data/system/docker/overlay2/12ccdfcee941ecef06d0b67521e7e7c0483cda31d86f79f02958aa2f736872bf/diff:/lzcsys/data/system/docker/overlay2/1088e90f3c511cffdb8b9b8e2427f3393db1e8f968c3df99934d9b317d8a3a8e/diff",
                "MergedDir": "/lzcsys/data/system/docker/overlay2/aae000e591a8687077c23df1fa7a2d907b786ebcd408f840978a7a630b86ba6f/merged",
                "UpperDir": "/lzcsys/data/system/docker/overlay2/aae000e591a8687077c23df1fa7a2d907b786ebcd408f840978a7a630b86ba6f/diff",
                "WorkDir": "/lzcsys/data/system/docker/overlay2/aae000e591a8687077c23df1fa7a2d907b786ebcd408f840978a7a630b86ba6f/work"
            },
            "Name": "overlay2"
        },
        "RootFS": {
            "Type": "layers",
            "Layers": [
                "sha256:78a822fe2a2d2c84f3de4a403188c45f623017d6a4521d23047c9fbb0801794c",
                "sha256:87820ee0191d65511d319d471b74068048b93b62bf3f8ddea56ed0ce1d06d7f3",
                "sha256:323c772d0cd8ea2f7212a2c61a6bf98d2fd16a8ea1f12197295caaad34a57e38",
                "sha256:7b71a9bb851ac0e1f0ecbf9539c772198952c4cc1831e2af967d4f4ce5de3d40",
                "sha256:2148726233d8e034acf27f2f5134453734b2859f48b6c4668a72be4747a2e785",
                "sha256:1ea30a9084460f596d0af3d3098ff26b4ba36fbab02f48a6652f85b8daaeb64c",
                "sha256:8a5dbc22e2bfe24cdb10a7849a4d34fad96e975b3205aa22d0219d120ca03afc"
            ]
        },
        "Metadata": {
            "LastTagTime": "0001-01-01T00:00:00Z"
        }
    }
]
