[
    {
        "Id": "sha256:f170d538ebfa48f444680592f2df80356138b5d58be18dd42a8c63ea68c5593f",
        "RepoTags": [
            "registry.lazycat.cloud/lzc/debug-bridge:v0.0.28"
        ],
        "RepoDigests": [
            "registry.lazycat.cloud/lzc/debug-bridge@sha256:528013bb53f534fc5a0df446b8722c3b880d4b3fbe7734f4aa571bbfbb01dc30"
        ],
        "Parent": "",
        "Comment": "buildkit.dockerfile.v0",
        "Created": "2024-12-09T14:27:01.455565519+08:00",
        "DockerVersion": "",
        "Author": "Fedora Project Contributors <devel@lists.fedoraproject.org>",
        "Config": {
            "Hostname": "",
            "Domainname": "",
            "User": "",
            "AttachStdin": false,
            "AttachStdout": false,
            "AttachStderr": false,
            "ExposedPorts": {
                "22222/tcp": {}
            },
            "Tty": false,
            "OpenStdin": false,
            "StdinOnce": false,
            "Env": [
                "container=oci",
                "PATH=/usr/local/sbin:/usr/local/bin:/usr/sbin:/usr/bin:/sbin:/bin",
                "BUILDAH_ISOLATION=chroot",
                "BUILD_REGISTRY_SOURCES={\"insecureRegistries\":[\"registry.lazycat.cloud\"]}"
            ],
            "Cmd": [
                "/bin/bash"
            ],
            "Image": "",
            "Volumes": {
                "/home/build/.local/share/containers": {},
                "/var/lib/containers": {}
            },
            "WorkingDir": "",
            "Entrypoint": null,
            "OnBuild": null,
            "Labels": {
                "built.by.commit": "f27333ae1ff3efbc9e5a507bb44c90e3bacc937e",
                "built.by.digest": "sha256:113ae526992d1e4d777ecfb152085119d47d9ee32c2b6ffe2e25e16dbd3e953d",
                "built.by.exec": "containers_build_push.sh",
                "built.by.logs": "https://cirrus-ci.com/task/5529978471710720",
                "built.by.repo": "https://github.com/containers/image_build.git",
                "io.buildah.version": "1.35.4",
                "io.containers.capabilities": "CHOWN,DAC_OVERRIDE,FOWNER,FSETID,KILL,NET_BIND_SERVICE,SETFCAP,SETGID,SETPCAP,SETUID,CHOWN,DAC_OVERRIDE,FOWNER,FSETID,KILL,NET_BIND_SERVICE,SETFCAP,SETGID,SETPCAP,SETUID,SYS_CHROOT",
                "license": "MIT",
                "name": "fedora",
                "org.opencontainers.image.authors": "podman@lists.podman.io",
                "org.opencontainers.image.created": "2024-08-30T15:23:03+00:00",
                "org.opencontainers.image.documentation": "https://github.com/containers/image_build/blob/f27333ae1ff3efbc9e5a507bb44c90e3bacc937e/buildah/README.md",
                "org.opencontainers.image.license": "MIT",
                "org.opencontainers.image.name": "fedora",
                "org.opencontainers.image.revision": "f27333ae1ff3efbc9e5a507bb44c90e3bacc937e",
                "org.opencontainers.image.source": "https://github.com/containers/image_build/blob/f27333ae1ff3efbc9e5a507bb44c90e3bacc937e/buildah/",
                "org.opencontainers.image.url": "https://quay.io/buildah/stable",
                "org.opencontainers.image.vendor": "Fedora Project",
                "org.opencontainers.image.version": "1.37.0",
                "vendor": "Fedora Project",
                "version": "40"
            }
        },
        "Architecture": "amd64",
        "Os": "linux",
        "Size": 973931184,
        "GraphDriver": {
            "Data": {
                "LowerDir": "/lzcsys/data/system/docker/overlay2/8e4c5d44432276d6c97e4480a4ae9b52a3a56f11bc8ac9aaf09ba26ab12517ce/diff:/lzcsys/data/system/docker/overlay2/e30c733780a69b1b1263d1dde1e3806ccd429d7e4817d79159ee8d3b80da3084/diff:/lzcsys/data/system/docker/overlay2/8326cbf9dcf0d560d5aebd55be861ff3142c006de8e249a6fff75631cce9acdf/diff:/lzcsys/data/system/docker/overlay2/2d7357f2a542d3fb4f0415bebf9382c7e1814d07d3a0e9cc8b19686da5c74800/diff:/lzcsys/data/system/docker/overlay2/a79e605da83e951ac4b07c4cbd01cb340f710408e2dad45872a7d0cff0e5662e/diff:/lzcsys/data/system/docker/overlay2/5cf6bc726b125fe3523eda91ade29f8cf722be0530ed1b99932bfed429a4db68/diff:/lzcsys/data/system/docker/overlay2/5610aa2b846cb8449b0ed7b889c7e61e79c5228115833f5cc62da228df78b05a/diff:/lzcsys/data/system/docker/overlay2/3e7ff61e5fa17c63bb5c34c9d1cd33872fb9a663b50ed907f9c1097ebe376e27/diff:/lzcsys/data/system/docker/overlay2/ef9cafeedac2496fb95a21ad96842b11437da731f90b9f56c07359d9d621a644/diff:/lzcsys/data/system/docker/overlay2/02ae10764b6c793d155ae790922be61974cce4489dcd07a3eb5af68480545a38/diff:/lzcsys/data/system/docker/overlay2/565a04c71f3c4c4a4bfc6db1ed88642975efa3577419e81156f556930e05824d/diff:/lzcsys/data/system/docker/overlay2/a7e9d90b8fa280800ebf72b3e037a77aebc40baf20231bb4e3bb90f740f15e49/diff:/lzcsys/data/system/docker/overlay2/d59b9bf026d6deecf77b98eac43bdb2cb62e49ed406cfe9e3f0420d086617645/diff:/lzcsys/data/system/docker/overlay2/06d7b11a7f8cc09a4fd60397a15c6d8bd102246b92d39285c2a285779e13eeef/diff:/lzcsys/data/system/docker/overlay2/58bb96097d24ad354fc1d11a208f65ece268b13465f14a957c7c3721e58a5318/diff",
                "MergedDir": "/lzcsys/data/system/docker/overlay2/c50ac9218ef3eef7a2722649a3d9431b6a9a98764dedcb2ee2ef3c57c9d06238/merged",
                "UpperDir": "/lzcsys/data/system/docker/overlay2/c50ac9218ef3eef7a2722649a3d9431b6a9a98764dedcb2ee2ef3c57c9d06238/diff",
                "WorkDir": "/lzcsys/data/system/docker/overlay2/c50ac9218ef3eef7a2722649a3d9431b6a9a98764dedcb2ee2ef3c57c9d06238/work"
            },
            "Name": "overlay2"
        },
        "RootFS": {
            "Type": "layers",
            "Layers": [
                "sha256:dfe98ede02ee506315d9d3ff3356845ebf8aeb7000fdcea390012017276b7ce9",
                "sha256:d1f7b98e3b0a9ea7f0344e28452c779d1564968d00c83abf56251d01770d86e2",
                "sha256:5dc30fda36c62dd3dfb34c512a4896bf29b46e99eec9a1eb565683ab8166c18a",
                "sha256:9ae2143d14cdd99d2ea757bb13d6f97771e2b4a06031afbe7c5a48fe89e33d64",
                "sha256:a0d8f36f60424f814307c18dbe31f94d3b9359f0c0b7ecf6bdf08738caad816d",
                "sha256:465dc174dbc4f0cacf120f15a9d3b027dd3ae3c82e3ef46518d163027aaef1b8",
                "sha256:441eba0bc8e768efb91780de0a9dc4f45b9a375e908b0c380c67bc66a3377c2a",
                "sha256:278d5660afd9ea5e9bf572a2b8427b562fd77acfa02653b18526d49f3504e9fc",
                "sha256:b9e20fa2446532a3257d643479356378867420daba35a6f6eeb537bec453346e",
                "sha256:94af091d8f39479c23e2fb7c18099c35ce2b3da1f6fcabbf1fd1504becb759d8",
                "sha256:7fedfd488db165f58c6a96a2dc81177d9575a22639868cc31672419c76653db0",
                "sha256:77e830f8d0681129a9e0451632459668bfcd8b737f37265734898ebe0232d557",
                "sha256:cf75043ce6662166081b11e7cc058421844ae133bacb768a620e797357face57",
                "sha256:d270df2898187468936ca05a850a15a1498009dba610693b754f7b2e0d055312",
                "sha256:0c134939b63c00fd1bfaf118997669bb906a9bdb5bbb415b1c9d74df945d4e4a",
                "sha256:47ee43a5843668a8d73fed5962fbed153ec33bc5281cc06c57cca4daf90b1a4d"
            ]
        },
        "Metadata": {
            "LastTagTime": "0001-01-01T00:00:00Z"
        }
    }
]
