[
    {
        "Id": "sha256:5ced2697d6b4649ebfe83cfc2314e6c9fd5b0231e1472a5acb0f04b535071749",
        "RepoTags": [
            "registry.lazycat.cloud/lzc-files/lzc-file-mount:703656b"
        ],
        "RepoDigests": [
            "registry.lazycat.cloud/lzc-files/lzc-file-mount@sha256:8df94e9097cf0718fbdf4114d362c3849fe0db13f5371b0f997137597fdb46a2"
        ],
        "Parent": "",
        "Comment": "buildkit.dockerfile.v0",
        "Created": "2025-05-27T15:52:09.764033754+08:00",
        "DockerVersion": "",
        "Author": "",
        "Config": {
            "Hostname": "",
            "Domainname": "",
            "User": "",
            "AttachStdin": false,
            "AttachStdout": false,
            "AttachStderr": false,
            "ExposedPorts": {
                "3000/tcp": {}
            },
            "Tty": false,
            "OpenStdin": false,
            "StdinOnce": false,
            "Env": [
                "PATH=/usr/local/sbin:/usr/local/bin:/usr/sbin:/usr/bin:/sbin:/bin"
            ],
            "Cmd": [
                "/app/lzc-file-mount"
            ],
            "ArgsEscaped": true,
            "Image": "",
            "Volumes": null,
            "WorkingDir": "/app",
            "Entrypoint": [
                "tini",
                "--"
            ],
            "OnBuild": null,
            "Labels": null
        },
        "Architecture": "amd64",
        "Os": "linux",
        "Size": 156429845,
        "GraphDriver": {
            "Data": {
                "LowerDir": "/lzcsys/data/system/docker/overlay2/8a74ecb0594bfcf068d1b945fd54b8e7ebe3a98c9c72784a095eefdea5d186a2/diff:/lzcsys/data/system/docker/overlay2/73d56d412076ebd646f886d623e8b52ccbd32a1c3bfc1fafa7c417d7d3213b70/diff:/lzcsys/data/system/docker/overlay2/5353a955cbd3f550803953567aea213e3a72cd23ced6127859f51e528b4a2308/diff:/lzcsys/data/system/docker/overlay2/cd6c2461b7ad1b8ad920126ffad9e539c69c54a73a16c7da5b0659515665a02e/diff:/lzcsys/data/system/docker/overlay2/1131d264505db857c1b6bff8b8b6f8b3d6ec4b23a9fef2f724acfb34cb348e4d/diff:/lzcsys/data/system/docker/overlay2/4dc9e32ebefde6201bb707671afe94b89c74fb2f1828c7455cb599f4d7afbeab/diff",
                "MergedDir": "/lzcsys/data/system/docker/overlay2/24627b31bc0a62e8c46c77bd085a1b0056de16346eccfeaa611b0839ec036521/merged",
                "UpperDir": "/lzcsys/data/system/docker/overlay2/24627b31bc0a62e8c46c77bd085a1b0056de16346eccfeaa611b0839ec036521/diff",
                "WorkDir": "/lzcsys/data/system/docker/overlay2/24627b31bc0a62e8c46c77bd085a1b0056de16346eccfeaa611b0839ec036521/work"
            },
            "Name": "overlay2"
        },
        "RootFS": {
            "Type": "layers",
            "Layers": [
                "sha256:08000c18d16dadf9553d747a58cf44023423a9ab010aab96cf263d2216b8b350",
                "sha256:4ca3524689b3dcd9998a1d266ba9b9481ccfb4d3f919266b6c2b6938b9440f55",
                "sha256:4d01e4cc7c30b6118ff57d4eb7954f6daf49173c5f1d7057caa6e5aec114b20a",
                "sha256:a72a952b2e08aa368f4884973a70aad9ef45d77917a7cd4dd5056f93bd5a9606",
                "sha256:b8c59aa685436cba6fccbbf70444d5b88e30efb13569fa17bb1e5a1c9e816626",
                "sha256:7ad8537f48d0e179013314c59ace0ed6eb8ac2bfb6e9ba19544abc260791afde",
                "sha256:747e52fb334a11ba4157ee67c9a7e35791f542095ac5dbf603ee5c78870ef9ba"
            ]
        },
        "Metadata": {
            "LastTagTime": "0001-01-01T00:00:00Z"
        }
    }
]
