[
    {
        "Id": "sha256:993cc4deccf45428ca9d22d3374748244f74ebd6f6a9e5500e4b748e5365f100",
        "RepoTags": [
            "registry.lazycat.cloud/ai/funasr_cpp:48a508f8"
        ],
        "RepoDigests": [
            "registry.lazycat.cloud/ai/funasr_cpp@sha256:f043b7a2cab0f2d0b9d7395171f45867a7e1a08820cebd6abfbd48b1db907b5a"
        ],
        "Parent": "",
        "Comment": "buildkit.dockerfile.v0",
        "Created": "2025-05-21T11:19:12.212694025+08:00",
        "DockerVersion": "",
        "Author": "",
        "Config": {
            "Hostname": "",
            "Domainname": "",
            "User": "",
            "AttachStdin": false,
            "AttachStdout": false,
            "AttachStderr": false,
            "Tty": false,
            "OpenStdin": false,
            "StdinOnce": false,
            "Env": [
                "PATH=/usr/local/sbin:/usr/local/bin:/usr/sbin:/usr/bin:/sbin:/bin",
                "DEBIAN_FRONTEND=noninteractive",
                "TZ=Asia/Shanghai"
            ],
            "Cmd": null,
            "Image": "",
            "Volumes": null,
            "WorkingDir": "/workspace",
            "Entrypoint": [
                "/entrypoint_cpp.sh"
            ],
            "OnBuild": null,
            "Labels": {
                "org.opencontainers.image.ref.name": "ubuntu",
                "org.opencontainers.image.version": "20.04"
            }
        },
        "Architecture": "amd64",
        "Os": "linux",
        "Size": 2393390434,
        "GraphDriver": {
            "Data": {
                "LowerDir": "/lzcsys/data/system/docker/overlay2/51ce45dd94a39458818a1ce70546901b9108373ee8520bb43691382747a1b61b/diff:/lzcsys/data/system/docker/overlay2/4c7efc6f2d0c848048b2dda141c3907f08aec24030a34390798b3a40ff6f7d9e/diff:/lzcsys/data/system/docker/overlay2/1387b463083ee59ca087a76cb54cafb96e9c8fc61434eca46b1c59328c94c9b0/diff:/lzcsys/data/system/docker/overlay2/d56a3f43dae1cc020458f4d9e0c74cc4ea3fc8eb7049d78e535503b51ad45e8d/diff:/lzcsys/data/system/docker/overlay2/a6f0d1d05ff49f8586309e40b5d5b16763586ba418d25f693bcf5d607dd42430/diff:/lzcsys/data/system/docker/overlay2/11da23a54576ca66028f6794df303ba9e1bcaf40cb536a2df1dcaad75fbf6d75/diff:/lzcsys/data/system/docker/overlay2/ba170ede17a672ab78f97c1dc9258ad5cbb346c5e1f0d20fad2cee65839cba4b/diff:/lzcsys/data/system/docker/overlay2/e733b044d41c3c9c939c46de78b2a6533d6095c1d63b60392d31d4f25ddb6e92/diff:/lzcsys/data/system/docker/overlay2/519394be940242d9f07c0be8509e1c1981a37eb65baf430e51355c11c643a53a/diff:/lzcsys/data/system/docker/overlay2/a5719718c9ff4c80917fe04e386fb771e8a1136676d14952003fdb089d52a1ca/diff",
                "MergedDir": "/lzcsys/data/system/docker/overlay2/339b7df4cace4cd8f2f075a4ef30aaed4e0e911516e6ec4a0ed9a7756143ea2e/merged",
                "UpperDir": "/lzcsys/data/system/docker/overlay2/339b7df4cace4cd8f2f075a4ef30aaed4e0e911516e6ec4a0ed9a7756143ea2e/diff",
                "WorkDir": "/lzcsys/data/system/docker/overlay2/339b7df4cace4cd8f2f075a4ef30aaed4e0e911516e6ec4a0ed9a7756143ea2e/work"
            },
            "Name": "overlay2"
        },
        "RootFS": {
            "Type": "layers",
            "Layers": [
                "sha256:470b66ea5123c93b0d5606e4213bf9e47d3d426b640d32472e4ac213186c4bb6",
                "sha256:58c182f2a38ae4b4d39494b1c99fb8a0d05e33ea79c91413435e199c91d0e524",
                "sha256:07bfc199b6f80cde0316ea9e3ae90635da136ea1581ed02ae0c44c8292c43473",
                "sha256:1a6d73f9f0a0baf528f2316d2a0f24ba17c22b3068496ce5f4c4a964c99bd3cb",
                "sha256:5e1e8d33b827e845965ce4b520667c3b43a511bf8e18bb2854f26ee122ae64cf",
                "sha256:76daa15d6b0823c1274b5ad2e5f3b1c2ae17ddbce0cdfcdc72d0848a0f11d644",
                "sha256:71b7437a482b55005c72b238b4a0301be289bcc2f769b1ab1fa0bb4f80b24324",
                "sha256:d7778507552756b78c242940abd6f7542807aa139bff11895e5147db0cdb5f05",
                "sha256:a12244c12fef0b2da3ae87d624926bc3bb56ae2dd40aa3fc5141e08117325b2b",
                "sha256:fe0b5d4d83fc04dd7c2f767107e697e2be7cbc20b4ff29f11915f8be0fe50edc",
                "sha256:041fa96778c906348c90b9ce31c58edc875109f5727a18a9c9f2c57b00e2fc44"
            ]
        },
        "Metadata": {
            "LastTagTime": "0001-01-01T00:00:00Z"
        }
    }
]
