[
    {
        "Id": "sha256:8f0a8626b4f27d5e91ec12cfe4be16f40f9f00cbabf11cab10cea122d023def8",
        "RepoTags": [
            "registry.lazycat.cloud/x/lzc-knowledge:82f8bf2"
        ],
        "RepoDigests": [
            "registry.lazycat.cloud/x/lzc-knowledge@sha256:eaf3dd76de20f99c51e940eb5e5fcbe1e502cad895b74866639cabe4c66ce3c3"
        ],
        "Parent": "",
        "Comment": "buildkit.dockerfile.v0",
        "Created": "2025-10-22T10:32:33.738767776+08:00",
        "DockerVersion": "",
        "Author": "",
        "Config": {
            "Hostname": "",
            "Domainname": "",
            "User": "",
            "AttachStdin": false,
            "AttachStdout": false,
            "AttachStderr": false,
            "ExposedPorts": {
                "3000/tcp": {}
            },
            "Tty": false,
            "OpenStdin": false,
            "StdinOnce": false,
            "Env": [
                "PATH=/usr/local/bin:/usr/local/sbin:/usr/local/bin:/usr/sbin:/usr/bin:/sbin:/bin",
                "LANG=C.UTF-8",
                "GPG_KEY=7169605F62C751356D054A26A821E680E5FA6305",
                "PYTHON_VERSION=3.12.12",
                "PYTHON_SHA256=fb85a13414b028c49ba18bbd523c2d055a30b56b18b92ce454ea2c51edc656c4",
                "DEBIAN_FRONTEND=noninteractive"
            ],
            "Cmd": [
                "python3",
                "server.py"
            ],
            "ArgsEscaped": true,
            "Image": "",
            "Volumes": null,
            "WorkingDir": "/app",
            "Entrypoint": null,
            "OnBuild": null,
            "Labels": null
        },
        "Architecture": "amd64",
        "Os": "linux",
        "Size": 618392837,
        "GraphDriver": {
            "Data": {
                "LowerDir": "/lzcsys/data/system/docker/overlay2/3cf1af975f6ee807a4f832d6903ecf876ce1fe6a4ce27db9b197840433779136/diff:/lzcsys/data/system/docker/overlay2/4713b86f6d0dafd7e632e4d82f4737e618a383d96be3356e400ea307dc5fcf22/diff:/lzcsys/data/system/docker/overlay2/493bb7e7303a6568cef6a7ee251aec8262132898b2f1af0542d440d38753c5dd/diff:/lzcsys/data/system/docker/overlay2/6fc2496281f3bc1c3526c9299952fc405aeec09c1b95a0f8b2d3a3e4547b0989/diff:/lzcsys/data/system/docker/overlay2/aa116efb63dc73d7b41178b5c7291998d243982e18f589966d7d18a112234301/diff:/lzcsys/data/system/docker/overlay2/f63cf70f3f664d4cb5fc3becfd514766382a2b83263f0f7c059fe287a1fd3125/diff:/lzcsys/data/system/docker/overlay2/4c0e174259236cfa988b2034f34b55e5f7480312c33f48c4de8992c404902b6c/diff:/lzcsys/data/system/docker/overlay2/355af808a817544aa581f0f3824028f62150efa78267f0bd787d3b9a73e720db/diff",
                "MergedDir": "/lzcsys/data/system/docker/overlay2/4e349b66f7febb1ef8b15abb6b42b4328f6f3f75019c864c47e84a0586f88dcb/merged",
                "UpperDir": "/lzcsys/data/system/docker/overlay2/4e349b66f7febb1ef8b15abb6b42b4328f6f3f75019c864c47e84a0586f88dcb/diff",
                "WorkDir": "/lzcsys/data/system/docker/overlay2/4e349b66f7febb1ef8b15abb6b42b4328f6f3f75019c864c47e84a0586f88dcb/work"
            },
            "Name": "overlay2"
        },
        "RootFS": {
            "Type": "layers",
            "Layers": [
                "sha256:d6d0586ce8024205fd00d811876170571638957b5095d7e9dd1d015345c8d069",
                "sha256:c3a2f420d8ca898fd0a3ada99ba28bb800c7c7537c85d4f62b370dadb3a746d7",
                "sha256:5350dd430e30c948cd3d71787962dea9452a54c35e14ff2281497010227df748",
                "sha256:b7ad13df34a0abd272d4ca283abc86ef6ce941edbf533c4ad6c65225b970c395",
                "sha256:92b9ee3cdcc43364a5b5f52db8e16288a825ccd70ce97cd8e1235fe0f902a3a1",
                "sha256:4698c0578e39cb4ebd6f2c72cbf255f1332c08feb667cb50daecab80acbea13b",
                "sha256:65c57280e00dc4b5e96cfc768e67b902725fba11ccbc9da7baa2eec53e05afad",
                "sha256:134cc8c43d924c2df6365fdffa3f75f9c642e504105d9b3281faf6e0c013bcd9",
                "sha256:0ac5d07fd52290a5862a642e5e0b584a94b8df200279ce9754483d851a36f9ff"
            ]
        },
        "Metadata": {
            "LastTagTime": "0001-01-01T00:00:00Z"
        }
    }
]
