[
    {
        "Id": "sha256:66b6fe7e173e3b83d1f845ff8fe7d9c4187e18a00757c231fdd4aaad792c3599",
        "RepoTags": [
            "registry.lazycat.cloud/x/filechat:603cb4a"
        ],
        "RepoDigests": [
            "registry.lazycat.cloud/x/filechat@sha256:d1a1b5947d8b9797cfdeb17823eead50895a7414ad67fbdebfd46d3e33662b4b"
        ],
        "Parent": "",
        "Comment": "buildkit.dockerfile.v0",
        "Created": "2025-07-31T19:14:01.565563582+08:00",
        "DockerVersion": "",
        "Author": "",
        "Config": {
            "Hostname": "",
            "Domainname": "",
            "User": "",
            "AttachStdin": false,
            "AttachStdout": false,
            "AttachStderr": false,
            "ExposedPorts": {
                "3000/tcp": {}
            },
            "Tty": false,
            "OpenStdin": false,
            "StdinOnce": false,
            "Env": [
                "PATH=/usr/local/bin:/usr/local/sbin:/usr/local/bin:/usr/sbin:/usr/bin:/sbin:/bin",
                "LANG=C.UTF-8",
                "GPG_KEY=7169605F62C751356D054A26A821E680E5FA6305",
                "PYTHON_VERSION=3.12.11",
                "PYTHON_SHA256=c30bb24b7f1e9a19b11b55a546434f74e739bb4c271a3e3a80ff4380d49f7adb",
                "DEBIAN_FRONTEND=noninteractive"
            ],
            "Cmd": [
                "python3",
                "server.py"
            ],
            "ArgsEscaped": true,
            "Image": "",
            "Volumes": null,
            "WorkingDir": "/app",
            "Entrypoint": null,
            "OnBuild": null,
            "Labels": null
        },
        "Architecture": "amd64",
        "Os": "linux",
        "Size": 221330045,
        "GraphDriver": {
            "Data": {
                "LowerDir": "/lzcsys/data/system/docker/overlay2/1319824bb38be5ede8f8dfbbf97066a5a788dcea1e0679df2538788fb66583ba/diff:/lzcsys/data/system/docker/overlay2/6173bfedda04a67c1edf67170d06cecbdc65ff035bae57fa79fe60d63bf64b51/diff:/lzcsys/data/system/docker/overlay2/c7edca4c7ff79fd3bbeab66d4ef19ea60c00949c05491d48276e469c58a6a4ae/diff:/lzcsys/data/system/docker/overlay2/de4bd19aa5412bec8923573368416a9f84555acf39a5f09afe50d8a167c6ac32/diff:/lzcsys/data/system/docker/overlay2/28532502c1b3a4c682c42e680924f63e1ecada2ec6cb8ee9dfa6dacd587e25a8/diff:/lzcsys/data/system/docker/overlay2/9102c1b1287a75e7da60833fa03187abfed8a374ec0312ff6dc2322c8c1b2bd0/diff:/lzcsys/data/system/docker/overlay2/1f6f7262538eebec6bf7582235836f113d327fa83dc7bbe2820dfd905f563e6f/diff:/lzcsys/data/system/docker/overlay2/2c0bb22c4d51bbfc002d2ee1b069ac89d05dd129d91a13e8c51dcad33073b72b/diff",
                "MergedDir": "/lzcsys/data/system/docker/overlay2/759bcf850ce825601e1a176d035e4bcef4561edbf1ee48d1b4dd762c67505355/merged",
                "UpperDir": "/lzcsys/data/system/docker/overlay2/759bcf850ce825601e1a176d035e4bcef4561edbf1ee48d1b4dd762c67505355/diff",
                "WorkDir": "/lzcsys/data/system/docker/overlay2/759bcf850ce825601e1a176d035e4bcef4561edbf1ee48d1b4dd762c67505355/work"
            },
            "Name": "overlay2"
        },
        "RootFS": {
            "Type": "layers",
            "Layers": [
                "sha256:7cc7fe68eff66f19872441a51938eecc4ad33746d2baa3abc081c1e6fe25988e",
                "sha256:01593c32452549f4f7c7061af2759f6a14188d3a5d17e743ad3913e2d67faee9",
                "sha256:cffce96e7bffa14b69b4712cdc81892f10552d312cb5ccddb39b7e45053395c4",
                "sha256:d3f091e2c839a764433880bf8cfcee88232a05d78266fbbb80f864926dee4480",
                "sha256:b09692c0893dd6cf607d7c14e788695635abf59afae39d415e5ed2e00e76af9f",
                "sha256:b29680e66537c44ac66fc9e60a793540b751bf4b0395f35ca32254e9a006fa42",
                "sha256:33b20f553295e1ec8af7a8c78efe34a29c7bd3b6810a82d9a278e39cd3b334ec",
                "sha256:1df6716385ae59b0d4cc3fc0f6bdf2ce98010520bd72936138eeabcb212db900",
                "sha256:d52b5f559ec54a1ff2f34831f3427b223d486b456cb6440c9b4be67ec516f7cf"
            ]
        },
        "Metadata": {
            "LastTagTime": "0001-01-01T00:00:00Z"
        }
    }
]
