[
    {
        "Id": "sha256:992643edb07f8c70ccfa40c9461c26f7702f1344ba04284ecc9fc99cbe40e5b4",
        "RepoTags": [
            "registry.lazycat.cloud/aixinyin/qemux/qemu:2767dccd2da80a3a"
        ],
        "RepoDigests": [
            "registry.lazycat.cloud/aixinyin/qemux/qemu@sha256:2767dccd2da80a3a0456b16916e3c85a0f07236431c223b12ae484a507203c5f"
        ],
        "Parent": "",
        "Comment": "buildkit.dockerfile.v0",
        "Created": "2025-11-12T06:01:42.032046943Z",
        "DockerVersion": "",
        "Author": "",
        "Config": {
            "Hostname": "",
            "Domainname": "",
            "User": "",
            "AttachStdin": false,
            "AttachStdout": false,
            "AttachStderr": false,
            "ExposedPorts": {
                "22/tcp": {},
                "5900/tcp": {},
                "8006/tcp": {}
            },
            "Tty": false,
            "OpenStdin": false,
            "StdinOnce": false,
            "Env": [
                "PATH=/usr/local/sbin:/usr/local/bin:/usr/sbin:/usr/bin:/sbin:/bin",
                "BOOT=alpine",
                "CPU_CORES=2",
                "RAM_SIZE=2G",
                "DISK_SIZE=64G"
            ],
            "Cmd": null,
            "Image": "",
            "Volumes": {
                "/storage": {}
            },
            "WorkingDir": "",
            "Entrypoint": [
                "/usr/bin/tini",
                "-s",
                "/run/entry.sh"
            ],
            "OnBuild": null,
            "Labels": {
                "cloud.lazycat.image.maintainer": "aixinyin",
                "cloud.lazycat.image.origin_hash": "sha256:a19655d20e3de157242b933e91c1ba1631b2a93e2f437e6278f335a6b22d8f40",
                "cloud.lazycat.image.origin_image": "qemux/qemu",
                "org.opencontainers.image.created": "2025-11-12T06:01:12.165Z",
                "org.opencontainers.image.description": "QEMU in a Docker container.",
                "org.opencontainers.image.licenses": "MIT",
                "org.opencontainers.image.revision": "e833f4b86e20a17ff3cbcf3641ba8863fae7634e",
                "org.opencontainers.image.source": "https://github.com/qemus/qemu",
                "org.opencontainers.image.title": "QEMU for Docker",
                "org.opencontainers.image.url": "https://github.com/qemus/qemu",
                "org.opencontainers.image.version": "7.28"
            }
        },
        "Architecture": "amd64",
        "Os": "linux",
        "Size": 288587698,
        "GraphDriver": {
            "Data": {
                "LowerDir": "/lzcsys/data/system/docker/overlay2/2296330b52c9e23fe2206ea13e99d07621141cc92ffc72a21ad7ad8594f0a5bd/diff:/lzcsys/data/system/docker/overlay2/67bc644c6a76fa7aa41831edee9ed7da1ae0f4b68479f5e00c01c1dbc2bc89ca/diff:/lzcsys/data/system/docker/overlay2/bd6f5ce28ba63125a352e076cb956ca72c1717be97baf005490594f601617f41/diff:/lzcsys/data/system/docker/overlay2/da701700d1bf5ed3e5221c791109461d7ae2ef69ab123a629fab2a2993c9b5b8/diff:/lzcsys/data/system/docker/overlay2/3fb0be17941359e7a93ba352ae69a4261027f48f81beceac279d0b60b6a91999/diff:/lzcsys/data/system/docker/overlay2/50f7f84ab1908908d2e00ac108a9a50899027b0d903799452765c1e83a91869d/diff:/lzcsys/data/system/docker/overlay2/e6c1f779f8714e9b9a65f161aa245c7bd53a8cd620e1f5b370095712165bfec5/diff",
                "MergedDir": "/lzcsys/data/system/docker/overlay2/0ccb97487adcf9cc9c00589e6b5126d7dd7f70a13bb34b281583f79847743212/merged",
                "UpperDir": "/lzcsys/data/system/docker/overlay2/0ccb97487adcf9cc9c00589e6b5126d7dd7f70a13bb34b281583f79847743212/diff",
                "WorkDir": "/lzcsys/data/system/docker/overlay2/0ccb97487adcf9cc9c00589e6b5126d7dd7f70a13bb34b281583f79847743212/work"
            },
            "Name": "overlay2"
        },
        "RootFS": {
            "Type": "layers",
            "Layers": [
                "sha256:36d06fe0cbc654e5f67d58c960ed33e53127e4a3288d8ce6f6a60a9c311794d4",
                "sha256:939ffec4e3bd6e860dddd7ad000ee82e551c91796a16bcc6667f81ffc48743be",
                "sha256:25f2222b2423d3d499bfabcda5643d9618ec26a5b56bb2bdb74f17ed12dfbd36",
                "sha256:c3ca144b7fea8536618dd272fbc49ff7878158e1e114b724219a3b8754e88bcb",
                "sha256:4e2cf117f98e9a2e50b5610e88937cb4bf6ab0b64640098562db860cf09e4a31",
                "sha256:0a91e5bf430347a77dd22e9a12a1b4550b80b65f043c32b3912622e743ed440d",
                "sha256:6ff62ca39d47ce1b1565a63d601f397983fd3b8305689bee64b61906a8f7b83a",
                "sha256:9659fad64d1d2e3852b6d3dfa7847882f88c304d372f22ce434c6f9243b180e8"
            ]
        },
        "Metadata": {
            "LastTagTime": "0001-01-01T00:00:00Z"
        }
    }
]
