[
    {
        "Id": "sha256:b8efa30b85db33b61e769ff6bb38de22b8ddcef6f578b075c87bfefb5414bdbc",
        "RepoTags": [
            "registry.lazycat.cloud/ai/lzc-ai:6c28dce2"
        ],
        "RepoDigests": [
            "registry.lazycat.cloud/ai/lzc-ai@sha256:d7b80dc9e0463ff32a44ef7a5c7b52022d9c73ed3bb34001f8cda7815a401d50"
        ],
        "Parent": "",
        "Comment": "buildkit.dockerfile.v0",
        "Created": "2025-06-10T16:58:19.245497837+08:00",
        "DockerVersion": "",
        "Author": "",
        "Config": {
            "Hostname": "",
            "Domainname": "",
            "User": "root",
            "AttachStdin": false,
            "AttachStdout": false,
            "AttachStderr": false,
            "ExposedPorts": {
                "10080/tcp": {}
            },
            "Tty": false,
            "OpenStdin": false,
            "StdinOnce": false,
            "Env": [
                "PATH=/usr/local/sbin:/usr/local/bin:/usr/sbin:/usr/bin:/sbin:/bin"
            ],
            "Cmd": null,
            "Image": "",
            "Volumes": null,
            "WorkingDir": "/",
            "Entrypoint": [
                "/lzcai",
                "-addr",
                ":10080"
            ],
            "OnBuild": null,
            "Labels": null
        },
        "Architecture": "amd64",
        "Os": "linux",
        "Size": 35581937,
        "GraphDriver": {
            "Data": {
                "LowerDir": "/lzcsys/data/system/docker/overlay2/6cc6407e72004c088f7eb606ccd9ee27cc0f4942b446f4bc5c4e8abb2fefc51c/diff:/lzcsys/data/system/docker/overlay2/4dc9e32ebefde6201bb707671afe94b89c74fb2f1828c7455cb599f4d7afbeab/diff",
                "MergedDir": "/lzcsys/data/system/docker/overlay2/11bb48e31f8e4c730b959807ae747cbd49056eb31094b24fd38631e94637c26a/merged",
                "UpperDir": "/lzcsys/data/system/docker/overlay2/11bb48e31f8e4c730b959807ae747cbd49056eb31094b24fd38631e94637c26a/diff",
                "WorkDir": "/lzcsys/data/system/docker/overlay2/11bb48e31f8e4c730b959807ae747cbd49056eb31094b24fd38631e94637c26a/work"
            },
            "Name": "overlay2"
        },
        "RootFS": {
            "Type": "layers",
            "Layers": [
                "sha256:08000c18d16dadf9553d747a58cf44023423a9ab010aab96cf263d2216b8b350",
                "sha256:c3d0a309831912e00fbe846bc4d36f2824d4bb71c67cda9fd3e5e9cb5814004f",
                "sha256:dfc177989c3e87f9be8eba0d4d7aae2f40023c5241e0a0b9918937ce0534e47e"
            ]
        },
        "Metadata": {
            "LastTagTime": "0001-01-01T00:00:00Z"
        }
    }
]
