[
    {
        "Id": "sha256:3a742d7b1529dca7297605e08ad81540c39052a4e6b378d88ebdf87f15a9d33e",
        "RepoTags": [
            "registry.lazycat.cloud/vim/library/alpine:forward20250513171707"
        ],
        "RepoDigests": [
            "registry.lazycat.cloud/vim/library/alpine@sha256:d06b5b9725cb0802eada322df47df0ce999827115f5e73a13fee3a5d81acbe5f"
        ],
        "Parent": "",
        "Comment": "buildkit.dockerfile.v0",
        "Created": "2025-05-13T17:17:29.469466464+08:00",
        "DockerVersion": "",
        "Author": "",
        "Config": {
            "Hostname": "",
            "Domainname": "",
            "User": "",
            "AttachStdin": false,
            "AttachStdout": false,
            "AttachStderr": false,
            "Tty": false,
            "OpenStdin": false,
            "StdinOnce": false,
            "Env": [
                "PATH=/usr/local/sbin:/usr/local/bin:/usr/sbin:/usr/bin:/sbin:/bin"
            ],
            "Cmd": [
                "/bin/sh"
            ],
            "Image": "",
            "Volumes": null,
            "WorkingDir": "/",
            "Entrypoint": null,
            "OnBuild": null,
            "Labels": null
        },
        "Architecture": "amd64",
        "Os": "linux",
        "Size": 15504667,
        "GraphDriver": {
            "Data": {
                "LowerDir": "/lzcsys/data/system/docker/overlay2/fd033d0604553b17b760b334fddaa965e8d25c40186f77dab7fe6c20ead066b2/diff:/lzcsys/data/system/docker/overlay2/d73cc6710c55ba978f57e3bd2c384d51f27962b64e4d148b8519a86f5e322572/diff",
                "MergedDir": "/lzcsys/data/system/docker/overlay2/c0e33177138690359e08868de0ff6650106f4c19673e52cbdf984920c806c1e7/merged",
                "UpperDir": "/lzcsys/data/system/docker/overlay2/c0e33177138690359e08868de0ff6650106f4c19673e52cbdf984920c806c1e7/diff",
                "WorkDir": "/lzcsys/data/system/docker/overlay2/c0e33177138690359e08868de0ff6650106f4c19673e52cbdf984920c806c1e7/work"
            },
            "Name": "overlay2"
        },
        "RootFS": {
            "Type": "layers",
            "Layers": [
                "sha256:3e01818d79cd3467f1d60e54224f3f6ce5170eceb54e265d96bb82344b8c24e7",
                "sha256:60fabc693e7e861051b26633865133b55f5b1b8ef3838dbcf48bb1d3791f5675",
                "sha256:d1c131561adfe53965c5acb2445bc5b6040fb700eff5a16197676401d99601d4"
            ]
        },
        "Metadata": {
            "LastTagTime": "0001-01-01T00:00:00Z"
        }
    }
]
