[
    {
        "Id": "sha256:136b301f615da23c9619598966ed2982038a06cd98834903e8916b6e6b5a3b63",
        "RepoTags": [
            "registry.lazycat.cloud/edward/senshinya/moontv:f3a9755b2dc8026f"
        ],
        "RepoDigests": [
            "registry.lazycat.cloud/edward/senshinya/moontv@sha256:f3a9755b2dc8026feada8b791aef7b0785b297cd9ecfa82be613e43f17fdf7d6"
        ],
        "Parent": "",
        "Comment": "buildkit.dockerfile.v0",
        "Created": "2025-07-28T04:55:16.396016403Z",
        "DockerVersion": "",
        "Author": "",
        "Config": {
            "Hostname": "",
            "Domainname": "",
            "User": "nextjs",
            "AttachStdin": false,
            "AttachStdout": false,
            "AttachStderr": false,
            "ExposedPorts": {
                "3000/tcp": {}
            },
            "Tty": false,
            "OpenStdin": false,
            "StdinOnce": false,
            "Env": [
                "PATH=/usr/local/sbin:/usr/local/bin:/usr/sbin:/usr/bin:/sbin:/bin",
                "NODE_VERSION=20.19.4",
                "YARN_VERSION=1.22.22",
                "NODE_ENV=production",
                "HOSTNAME=0.0.0.0",
                "PORT=3000",
                "DOCKER_ENV=true"
            ],
            "Cmd": [
                "node",
                "start.js"
            ],
            "ArgsEscaped": true,
            "Image": "",
            "Volumes": null,
            "WorkingDir": "/app",
            "Entrypoint": [
                "docker-entrypoint.sh"
            ],
            "OnBuild": null,
            "Labels": {
                "cloud.lazycat.image.maintainer": "Edward",
                "cloud.lazycat.image.origin_hash": "sha256:b352bcdabb0852f7fa72a1f08d923db9d2598728c409ce978e53d78569fec0b5",
                "cloud.lazycat.image.origin_image": "ghcr.io/senshinya/moontv:latest",
                "org.opencontainers.image.created": "2025-07-28T04:53:37.735Z",
                "org.opencontainers.image.description": "一个开箱即用的、跨平台的影视聚合播放站",
                "org.opencontainers.image.licenses": "MIT",
                "org.opencontainers.image.revision": "67b613278019603832c05137fb73e605a6e0c745",
                "org.opencontainers.image.source": "https://github.com/senshinya/MoonTV",
                "org.opencontainers.image.title": "MoonTV",
                "org.opencontainers.image.url": "https://github.com/senshinya/MoonTV",
                "org.opencontainers.image.version": "latest"
            }
        },
        "Architecture": "amd64",
        "Os": "linux",
        "Size": 227357803,
        "GraphDriver": {
            "Data": {
                "LowerDir": "/lzcsys/data/system/docker/overlay2/c1a8ffd348fbece0912efa610b6e1ab2d19df21b098e4655e00465dfe834ee9d/diff:/lzcsys/data/system/docker/overlay2/a8ce6adbbbefb63c2fba065cf36974d5b541e973f59e586be4835e57ea1f223b/diff:/lzcsys/data/system/docker/overlay2/f6b1aa1401321802bb74b986e6b03780f6817b6b9411bccb00c2dc4b3e054d50/diff:/lzcsys/data/system/docker/overlay2/27778fb2053661d6f7fd17ccdf16fcc60d458f7d5de6d14b8d6163ad58c797f7/diff:/lzcsys/data/system/docker/overlay2/be01aff02c89f1e446d492686d8a4cf4c7df04f9d9cd05fd016936a55f7b4452/diff:/lzcsys/data/system/docker/overlay2/36fc4707cf91b0f122d9d1f3b854f2c90a84327a243aac517721cbf09e415cc7/diff:/lzcsys/data/system/docker/overlay2/dcf0771c79f3dd13aac70ed12c2fec2c728f079ef25814637747d9d3e104d337/diff:/lzcsys/data/system/docker/overlay2/4205a1f7581d27e87cb0c86a1d4b1e7cf9e582bc7d8b0910d64bf6d33a562e82/diff:/lzcsys/data/system/docker/overlay2/52e7d4549a864157ea7aca0d1ca98309debd80f357482deac8673cf70fa4a93d/diff:/lzcsys/data/system/docker/overlay2/1060c2a8d11a8c741b810807748d38b70868a180d25b3fe31434534ef31f2a74/diff:/lzcsys/data/system/docker/overlay2/38620462f2ee1364be04cd47e7f0260d1292b232a4272bed4991da039f00174d/diff",
                "MergedDir": "/lzcsys/data/system/docker/overlay2/2aae8176facd6d8fa1ddb3ac367047edef11469af2ae4812f5a0f1ec9596e1fe/merged",
                "UpperDir": "/lzcsys/data/system/docker/overlay2/2aae8176facd6d8fa1ddb3ac367047edef11469af2ae4812f5a0f1ec9596e1fe/diff",
                "WorkDir": "/lzcsys/data/system/docker/overlay2/2aae8176facd6d8fa1ddb3ac367047edef11469af2ae4812f5a0f1ec9596e1fe/work"
            },
            "Name": "overlay2"
        },
        "RootFS": {
            "Type": "layers",
            "Layers": [
                "sha256:418dccb7d85a63a6aa574439840f7a6fa6fd2321b3e2394568a317735e867d35",
                "sha256:54e9a650f7b7eb822819549a555f1da682a949a2f834ee90538cdcf2c5b4e72c",
                "sha256:2e12e022f9bc7fa1e7abcaaa1ca88eed4ec895ff88a92da70f4fc79360e22600",
                "sha256:eadc3b779d42558c703232696a3b9f95793b1aff49f10b11991712a7710460f1",
                "sha256:aeab541fbc0b9e94d6d084316251215e5e2e12505b5b0ecbaa259ab6f0791598",
                "sha256:4e7f0d850569af32a714b61d9a917edfca6613236acd44868fcbbb24526167dc",
                "sha256:d6f32ad36f41e2810af9644054861a95c55579f7401011d16f1e18afad17d530",
                "sha256:afa638daddd863b7194e2608eb35a22d3948df3be7c68b31a923fd37604d95c4",
                "sha256:285c2c1132ff773a18c41bd29a0d14708f988d40bef6c829aac111c504234e60",
                "sha256:7c0bacb7e19d735a25e56d905832b60c3cab7edad8265b514f929c2e9c2b1729",
                "sha256:138086f98a0a189c5367e85b87ff80f693120fd666287751ad8510f286ae4e92",
                "sha256:b9ba115c7f84bdc5e1d451ff79ba75efc80d030d127b15b600903f8cf041aca3"
            ]
        },
        "Metadata": {
            "LastTagTime": "0001-01-01T00:00:00Z"
        }
    }
]
