[
    {
        "Id": "sha256:e6f25d9cf7075627aedbf0b9978e215471614b423e519dd72a916a796f69cadb",
        "RepoTags": [
            "registry.lazycat.cloud/edward/library/postgres:027fe138ecb1a7cb"
        ],
        "RepoDigests": [
            "registry.lazycat.cloud/edward/library/postgres@sha256:027fe138ecb1a7cb6a91b8b5d48e6ff1953c29d22a5afcb4090ac844f32c44f4"
        ],
        "Parent": "",
        "Comment": "buildkit.dockerfile.v0",
        "Created": "2025-06-06T18:27:47Z",
        "DockerVersion": "",
        "Author": "",
        "Config": {
            "Hostname": "",
            "Domainname": "",
            "User": "",
            "AttachStdin": false,
            "AttachStdout": false,
            "AttachStderr": false,
            "ExposedPorts": {
                "5432/tcp": {}
            },
            "Tty": false,
            "OpenStdin": false,
            "StdinOnce": false,
            "Env": [
                "PATH=/usr/local/sbin:/usr/local/bin:/usr/sbin:/usr/bin:/sbin:/bin",
                "GOSU_VERSION=1.17",
                "LANG=en_US.utf8",
                "PG_MAJOR=15",
                "PG_VERSION=15.13",
                "PG_SHA256=4f62e133d22ea08a0401b0840920e26698644d01a80c34341fb732dd0a90ca5d",
                "DOCKER_PG_LLVM_DEPS=llvm19-dev \t\tclang19",
                "PGDATA=/var/lib/postgresql/data"
            ],
            "Cmd": [
                "postgres"
            ],
            "Image": "",
            "Volumes": {
                "/var/lib/postgresql/data": {}
            },
            "WorkingDir": "/",
            "Entrypoint": [
                "docker-entrypoint.sh"
            ],
            "OnBuild": null,
            "Labels": {
                "cloud.lazycat.image.maintainer": "Edward",
                "cloud.lazycat.image.origin_hash": "sha256:f97faaa92e1a41ae1c61df3aa118880fe7ca72cdf109f048148acd224de3c359",
                "cloud.lazycat.image.origin_image": "postgres:15-alpine"
            },
            "StopSignal": "SIGINT"
        },
        "Architecture": "amd64",
        "Os": "linux",
        "Size": 273687204,
        "GraphDriver": {
            "Data": {
                "LowerDir": "/lzcsys/data/system/docker/overlay2/09de6f11b30556120e610a479057252a536604f0b7bc38eda7c49c76c25d13e0/diff:/lzcsys/data/system/docker/overlay2/6a4fbf9c28c92aef85f3c8a398f8e818fe5bdeaf4a3a3446da8417ee810c129b/diff:/lzcsys/data/system/docker/overlay2/9023b659c47244cb7977c28ad4be65324f4b6ff29f15542f1af04525c471cd55/diff:/lzcsys/data/system/docker/overlay2/ced257d06e2f367ebda8b81f68454f546fdbb3366a8a7e7ac0ee8e067b8da853/diff:/lzcsys/data/system/docker/overlay2/24fef0461ea349dea92383b52336f4f509fed7adf4b079b8c12232f865f811b4/diff:/lzcsys/data/system/docker/overlay2/4d3489c75a4455db25823652e125c60a9786cfc86bca9b3caadb22933ab40134/diff:/lzcsys/data/system/docker/overlay2/b23f99df9f03a59f3858d67af5c8971900ff863641c6db67fbe1f4f3df5ba218/diff:/lzcsys/data/system/docker/overlay2/6963bcdd6c81ff47deccc36a93a8205219f769c17eec3a65de3265cd150dcd7b/diff:/lzcsys/data/system/docker/overlay2/1f6a52de6ca477629f97c5ef7bcb582dd7f468fae628b35111d8c5dddf60e407/diff:/lzcsys/data/system/docker/overlay2/38620462f2ee1364be04cd47e7f0260d1292b232a4272bed4991da039f00174d/diff",
                "MergedDir": "/lzcsys/data/system/docker/overlay2/03573b8edcd2ae01209b48bb6be9607df10989401d12c991fd4abbdaa3e17f2f/merged",
                "UpperDir": "/lzcsys/data/system/docker/overlay2/03573b8edcd2ae01209b48bb6be9607df10989401d12c991fd4abbdaa3e17f2f/diff",
                "WorkDir": "/lzcsys/data/system/docker/overlay2/03573b8edcd2ae01209b48bb6be9607df10989401d12c991fd4abbdaa3e17f2f/work"
            },
            "Name": "overlay2"
        },
        "RootFS": {
            "Type": "layers",
            "Layers": [
                "sha256:418dccb7d85a63a6aa574439840f7a6fa6fd2321b3e2394568a317735e867d35",
                "sha256:c63a16fa2506d2d27e575618842cedf314f1a6d80970ff51b3b65ca6fd72b974",
                "sha256:9f0afab3810292ddfd5368671d25109acbb1a5604145d5820425be53cff30e0c",
                "sha256:4fc1cd3de319f1bcfabfb7878185e014f4bd25dd66a4248d59ce140a3d18f9ef",
                "sha256:69fd4b434b4a051574288e3ec633e29ec07ab5ad8c6684277b605d50cceb6235",
                "sha256:f2d3e60ccfcfc0f461ea1e83dd6d1ed48d89e5b6895d9e54c790b12a67e23fd7",
                "sha256:be6dae96d31044eb9b3fd9bedc9c0112428605c9a6d57e45da32ebb2bc687d43",
                "sha256:c786b90d4a8433fa39e3044c7ae481446b8e8dad5dbe6fad1e6e8681593c8b1d",
                "sha256:5f7091f3c2b640805e806634a2487564a680579f49345327b375030c684c800b",
                "sha256:1f0456dc342356528bdd281208c058d63d4aa326204dfafef03eb1da73da40d2",
                "sha256:dab1d24fc71c0891917bb1b779ac670cfb7094ce2184be7a10babce144d9635e"
            ]
        },
        "Metadata": {
            "LastTagTime": "0001-01-01T00:00:00Z"
        }
    }
]
