[
    {
        "Id": "sha256:014d89d12f4898db417206e1f3e7d00509f36b869f1ec52274a066f0d5987eb8",
        "RepoTags": [
            "registry.lazycat.cloud/medium/n8nio/n8n:2cf9ed5259778ff1"
        ],
        "RepoDigests": [
            "registry.lazycat.cloud/medium/n8nio/n8n@sha256:2cf9ed5259778ff167c0753d0984efc49c7087c68de63c4e69f3e22682dc3050"
        ],
        "Parent": "",
        "Comment": "buildkit.dockerfile.v0",
        "Created": "2025-11-11T10:02:58.364586517Z",
        "DockerVersion": "",
        "Author": "",
        "Config": {
            "Hostname": "",
            "Domainname": "",
            "User": "node",
            "AttachStdin": false,
            "AttachStdout": false,
            "AttachStderr": false,
            "ExposedPorts": {
                "5678/tcp": {}
            },
            "Tty": false,
            "OpenStdin": false,
            "StdinOnce": false,
            "Env": [
                "PATH=/usr/local/sbin:/usr/local/bin:/usr/sbin:/usr/bin:/sbin:/bin",
                "NODE_VERSION=22.21.0",
                "YARN_VERSION=1.22.22",
                "NODE_ICU_DATA=/usr/local/lib/node_modules/full-icu",
                "NODE_ENV=production",
                "N8N_RELEASE_TYPE=stable",
                "SHELL=/bin/sh"
            ],
            "Cmd": null,
            "Image": "",
            "Volumes": null,
            "WorkingDir": "/home/node",
            "Entrypoint": [
                "tini",
                "--",
                "/docker-entrypoint.sh"
            ],
            "OnBuild": null,
            "Labels": {
                "cloud.lazycat.image.maintainer": "medium",
                "cloud.lazycat.image.origin_hash": "sha256:f7842932b3202fb06984731e58890baca245d3de1c57cd178a985002492dfdc6",
                "cloud.lazycat.image.origin_image": "n8nio/n8n:1.120.1",
                "org.opencontainers.image.description": "Workflow Automation Tool",
                "org.opencontainers.image.source": "https://github.com/n8n-io/n8n",
                "org.opencontainers.image.title": "n8n",
                "org.opencontainers.image.url": "https://n8n.io",
                "org.opencontainers.image.version": "1.120.1"
            }
        },
        "Architecture": "amd64",
        "Os": "linux",
        "Size": 1008136056,
        "GraphDriver": {
            "Data": {
                "LowerDir": "/lzcsys/data/system/docker/overlay2/179c0a861495131880a67265bd92712c735ea00830c07032b61a778581523a5e/diff:/lzcsys/data/system/docker/overlay2/beafe13249fa3727828d29f3283a93724d1133a22f184881de199351e34187f5/diff:/lzcsys/data/system/docker/overlay2/c43f8918cb0b0de8acd862f41e260612cdebd4e6650025ac9758f4b5406cba6b/diff:/lzcsys/data/system/docker/overlay2/f7a7a422ef425bb69589bf8583bcb2c1efd83bef6d200e318c5bb425ab23da61/diff:/lzcsys/data/system/docker/overlay2/8b6e170f0f5e8306be32395816121e720566d09d530db87f195d08a587f9f435/diff:/lzcsys/data/system/docker/overlay2/c9de933e3db78a44d88cd51526a830abfe6935c642360847d204e5a867bb504c/diff:/lzcsys/data/system/docker/overlay2/e500c9c5e10ad1e135b9ee32ac2cebb232921d1bd9c4d4c21d3b3c43f869eef8/diff:/lzcsys/data/system/docker/overlay2/ec66e1df68d7f922d5e351ebe312a365ca9e4614a7b888f6e64bae468f783af2/diff:/lzcsys/data/system/docker/overlay2/1c90c74f03e3b925598465bebaacba0f99b10ab6e3d65c60082edc5ba4d8257b/diff:/lzcsys/data/system/docker/overlay2/6ea4d0670cb3722c4643e67d64adf81161bbc58876ff89ceeea7d58fc2b88a9f/diff:/lzcsys/data/system/docker/overlay2/d097f5602d3082a0e1e12366fb23e19c5682204140febb0920bdc7cad747da55/diff:/lzcsys/data/system/docker/overlay2/e3ce7f36118c5f48ec7b4f8ed5868cd63eb71fd374b9be77138f3af05b7b1fd8/diff",
                "MergedDir": "/lzcsys/data/system/docker/overlay2/ea21456c07ff4335defe87b4aaed8e079e532dd1abf0153261583f82b9dff0ac/merged",
                "UpperDir": "/lzcsys/data/system/docker/overlay2/ea21456c07ff4335defe87b4aaed8e079e532dd1abf0153261583f82b9dff0ac/diff",
                "WorkDir": "/lzcsys/data/system/docker/overlay2/ea21456c07ff4335defe87b4aaed8e079e532dd1abf0153261583f82b9dff0ac/work"
            },
            "Name": "overlay2"
        },
        "RootFS": {
            "Type": "layers",
            "Layers": [
                "sha256:256f393e029fa2063d8c93720da36a74a032bed3355a2bc3e313ad12f8bde9d1",
                "sha256:69ea3f5026b2629e5598d87132ab395e20063dd3754ec4044ab5e3bf1f000b84",
                "sha256:5f20ea989587a9dc50920fa05176e43b45ba1dc2db241b14a20ae1e035a01274",
                "sha256:604332103181244291e1da527703bffa0734646466748d0a9500985cca996a0a",
                "sha256:37c5f4c9e7a877174f3137de3e0a3c25a51c779ff980bf0039e4bea22bdab187",
                "sha256:5f70bf18a086007016e948b04aed3b82103a36bea41755b6cddfaf10ace3c6ef",
                "sha256:5f70bf18a086007016e948b04aed3b82103a36bea41755b6cddfaf10ace3c6ef",
                "sha256:754de26f4a3a5351c6055caf3f3692699a7d9cb7b2f58dace893ab123b267659",
                "sha256:60ee59e4e72bc9b0bb914f430f39d1d917f1fb8ffdd355d5eba6544cc519cf8b",
                "sha256:528909f92dbd06e3b46e5d9846f0a971336f1d2c0ac75b947732da3f4614ec97",
                "sha256:662167124dfd7f51ba838619215d74247de6619b52841b6c872a7bd0e392c079",
                "sha256:98833013996ee34e5146c72d5c3f67d2fa840aa555022e544baf041eb4925300",
                "sha256:34463a4a3a4bd5eb154646c94ca2892914371713a0fa761f85b98caaa1409fb3"
            ]
        },
        "Metadata": {
            "LastTagTime": "0001-01-01T00:00:00Z"
        }
    }
]
