[
    {
        "Id": "sha256:d6b2c32a0f145ce7a5fb6040ac1328471af5a781f48b0b94e3039b29e8a07c4b",
        "RepoTags": [
            "registry.lazycat.cloud/registry:2"
        ],
        "RepoDigests": [
            "registry.lazycat.cloud/registry@sha256:a9ea4b79e84f7c4a771c4a5b1a93d4542b1d1e2a1c575ad504e54ba53d220045"
        ],
        "Parent": "",
        "Comment": "buildkit.dockerfile.v0",
        "Created": "2023-10-02T18:42:41Z",
        "DockerVersion": "",
        "Author": "",
        "Config": {
            "Hostname": "",
            "Domainname": "",
            "User": "",
            "AttachStdin": false,
            "AttachStdout": false,
            "AttachStderr": false,
            "ExposedPorts": {
                "5000/tcp": {}
            },
            "Tty": false,
            "OpenStdin": false,
            "StdinOnce": false,
            "Env": [
                "PATH=/usr/local/sbin:/usr/local/bin:/usr/sbin:/usr/bin:/sbin:/bin"
            ],
            "Cmd": [
                "/etc/docker/registry/config.yml"
            ],
            "ArgsEscaped": true,
            "Image": "",
            "Volumes": {
                "/var/lib/registry": {}
            },
            "WorkingDir": "",
            "Entrypoint": [
                "/entrypoint.sh"
            ],
            "OnBuild": null,
            "Labels": null
        },
        "Architecture": "amd64",
        "Os": "linux",
        "Size": 25414569,
        "GraphDriver": {
            "Data": {
                "LowerDir": "/lzcsys/data/system/docker/overlay2/f6c8ad7e6471da46e1345e4801c291047d19ee8d794309a6ec0977558abca371/diff:/lzcsys/data/system/docker/overlay2/720de52f62606540cbd5e9746e2d83209629307dcf9d8f748a7d653a6107d6e1/diff:/lzcsys/data/system/docker/overlay2/0db4ef32178c426179068767d10300cf263e8467978ea6f79b42f47fbab5adf3/diff:/lzcsys/data/system/docker/overlay2/bc6005a2459a816e1059254b81526ff257747d3bfd582b3c2b85dd5c00cee91e/diff",
                "MergedDir": "/lzcsys/data/system/docker/overlay2/a421dfc952b8673b032a37ee86cc82f2015c397adf4eb40a35bffe19488299fa/merged",
                "UpperDir": "/lzcsys/data/system/docker/overlay2/a421dfc952b8673b032a37ee86cc82f2015c397adf4eb40a35bffe19488299fa/diff",
                "WorkDir": "/lzcsys/data/system/docker/overlay2/a421dfc952b8673b032a37ee86cc82f2015c397adf4eb40a35bffe19488299fa/work"
            },
            "Name": "overlay2"
        },
        "RootFS": {
            "Type": "layers",
            "Layers": [
                "sha256:aedc3bda2944bb9bcb6c3d475bee8b460db9a9b0f3e0b33a6ed2fd1ae0f1d445",
                "sha256:7908a7c94e63bdc6244f5c296517536e064c4d6efc1a20d7768ded581ca3bf85",
                "sha256:b2533b493853b2d7dbdc3edb5b8808be0a88d719273c4c6190886db519ae4b53",
                "sha256:8135430299ba9d8c654b8b669ee9ed488826ed2741540714a9cc65948d5f3207",
                "sha256:e8d8a60f42b542021eccfc5896683dcb87a7d0c80927413280a21d940dea8462"
            ]
        },
        "Metadata": {
            "LastTagTime": "0001-01-01T00:00:00Z"
        }
    }
]
