[
    {
        "Id": "sha256:58d30dc9abe9368c7ca6a7bbd97e52b66e72d54f153069135b3be46889021edd",
        "RepoTags": [
            "registry.lazycat.cloud/aixinyin/library/postgres:6043a2a660d0aa0f"
        ],
        "RepoDigests": [
            "registry.lazycat.cloud/aixinyin/library/postgres@sha256:6043a2a660d0aa0f4e2f7d27fae06565afc7377dceb59eb46a2aa2da8a94bb5a"
        ],
        "Parent": "",
        "Comment": "buildkit.dockerfile.v0",
        "Created": "2025-11-04T04:13:37.742951103Z",
        "DockerVersion": "",
        "Author": "",
        "Config": {
            "Hostname": "",
            "Domainname": "",
            "User": "",
            "AttachStdin": false,
            "AttachStdout": false,
            "AttachStderr": false,
            "ExposedPorts": {
                "5432/tcp": {}
            },
            "Tty": false,
            "OpenStdin": false,
            "StdinOnce": false,
            "Env": [
                "PATH=/usr/local/sbin:/usr/local/bin:/usr/sbin:/usr/bin:/sbin:/bin:/usr/lib/postgresql/15/bin",
                "GOSU_VERSION=1.19",
                "LANG=en_US.utf8",
                "PG_MAJOR=15",
                "PG_VERSION=15.14-1.pgdg13+1",
                "PGDATA=/var/lib/postgresql/data"
            ],
            "Cmd": [
                "postgres"
            ],
            "Image": "",
            "Volumes": {
                "/var/lib/postgresql/data": {}
            },
            "WorkingDir": "",
            "Entrypoint": [
                "docker-entrypoint.sh"
            ],
            "OnBuild": null,
            "Labels": {
                "cloud.lazycat.image.maintainer": "aixinyin",
                "cloud.lazycat.image.origin_hash": "sha256:20e73132f3ef876a86241098a065af772d5b7351d70bc5066220dac4575c040f",
                "cloud.lazycat.image.origin_image": "postgres:15"
            },
            "StopSignal": "SIGINT"
        },
        "Architecture": "amd64",
        "Os": "linux",
        "Size": 444389494,
        "GraphDriver": {
            "Data": {
                "LowerDir": "/lzcsys/data/system/docker/overlay2/5f54702828409bb568821d0cb47dcc73542fef19512f686b8f755ba85cbe6843/diff:/lzcsys/data/system/docker/overlay2/c78113df01034fd5249c3c37f2d5be930aa9937477366cebe1fbc025c8c40fc3/diff:/lzcsys/data/system/docker/overlay2/af26dea3ec86289d83d0f3b723718546b855d5c29ef9d5f125a434860ced016e/diff:/lzcsys/data/system/docker/overlay2/93ce6a496c79fb5b554a616bd2ae9232e84acb114040ad51346cde4a84059a5e/diff:/lzcsys/data/system/docker/overlay2/32cba1ccc71c8e57e13209467828177f8c933a0dbf81603ef67d3623a0dd5897/diff:/lzcsys/data/system/docker/overlay2/9a03365826df736c7730e9a68de8fcc5fe6d7ec6bd1b474d934c6d5a249133e2/diff:/lzcsys/data/system/docker/overlay2/863ad8b23dfd8bf369a8cc045acc9765151440b3cf4e95c4ddf4db338084048d/diff:/lzcsys/data/system/docker/overlay2/f51c14c241ab86e84ea6a8726f559aa371c1f4dda6042770ef0dd1f6d70c1d82/diff:/lzcsys/data/system/docker/overlay2/2ced60c7b72aaaa2295dd715a73ee2a8d9e6f74a2198b03579db46e12b7276ad/diff:/lzcsys/data/system/docker/overlay2/e749bfe3ff25b86e158ef6e1d315c43261949a7173716b7dd4df1df4a8b6b3d2/diff:/lzcsys/data/system/docker/overlay2/179edd7610fdfba0d85cee7ec628db5b47d60686d93e46aad41cf0616a46e101/diff:/lzcsys/data/system/docker/overlay2/1bc71774dee6dfbdaf3eed5f88f727186e829c3edfc97700c87e293bf05f856e/diff:/lzcsys/data/system/docker/overlay2/e6c1f779f8714e9b9a65f161aa245c7bd53a8cd620e1f5b370095712165bfec5/diff",
                "MergedDir": "/lzcsys/data/system/docker/overlay2/b2cc9e2f4bd8d6b68dcf99a480ce60d90e9da76ef3863d68c3e92d2e8dadc21a/merged",
                "UpperDir": "/lzcsys/data/system/docker/overlay2/b2cc9e2f4bd8d6b68dcf99a480ce60d90e9da76ef3863d68c3e92d2e8dadc21a/diff",
                "WorkDir": "/lzcsys/data/system/docker/overlay2/b2cc9e2f4bd8d6b68dcf99a480ce60d90e9da76ef3863d68c3e92d2e8dadc21a/work"
            },
            "Name": "overlay2"
        },
        "RootFS": {
            "Type": "layers",
            "Layers": [
                "sha256:36d06fe0cbc654e5f67d58c960ed33e53127e4a3288d8ce6f6a60a9c311794d4",
                "sha256:c11c4be034c42a2973bf91941711868c225382856349cbbbca4603e1160d2530",
                "sha256:f5191c116eb0d0755dba8215a8873818b68ace55a8f5bb6999fdddcbf8c85f13",
                "sha256:70bf4d7c7b170d8765112d55949569d33492ea8f43989713079813746a53774c",
                "sha256:90fc64bce91d9514921b6cc957b9d61b0d3400675750331210b29253188b24d9",
                "sha256:035bedba48b3f618e5231731b04f43f722346a99f365298b20d28727337b1654",
                "sha256:8ab05cc1a00c8d0c7692e255ba727cc0d17736ed51c391590eb9db998b49ba23",
                "sha256:a50b3c60295e3d09b32d22a548d071e3c883d2b45e7128d51ce7c3b6da819e98",
                "sha256:14a5427bfb895144e218222b3e77637be0eecc11cb3db9f7123b720ce05befaf",
                "sha256:8b5035ece1853e821adf769c7024189a6e4149089384a46e48414bcdbfaca0d4",
                "sha256:05a38af1fdda8afc7cb0c50d165161ca989a4284a5e298680ce2edc8c3f386c1",
                "sha256:45786f7a89c270bce860896df98b3b957744c72c42a6977d1a3094f56a25a9a4",
                "sha256:16e5058b7b5e2f42149f3467d55ef9825bb431d5feb811ae3ae71f9e4069eaea",
                "sha256:6df77d786c2d4d54f733b8593867b8fb00f615840fad02cdaf9b67ee7f717d85"
            ]
        },
        "Metadata": {
            "LastTagTime": "0001-01-01T00:00:00Z"
        }
    }
]
