[
    {
        "Id": "sha256:c7cdc8f0e4087da0178d2dc4fe235ffdbe5ac1b772553f18fe01b2d874d6a2e0",
        "RepoTags": [
            "registry.lazycat.cloud/catdogai/jieba:0.42.1-403da521"
        ],
        "RepoDigests": [
            "registry.lazycat.cloud/catdogai/jieba@sha256:60702f1bfc364e6b13565ab52033749a471d92dfffce193179e62cef134fffcc"
        ],
        "Parent": "",
        "Comment": "buildkit.dockerfile.v0",
        "Created": "2025-04-25T14:46:13.972322745+08:00",
        "DockerVersion": "",
        "Author": "",
        "Config": {
            "Hostname": "",
            "Domainname": "",
            "User": "",
            "AttachStdin": false,
            "AttachStdout": false,
            "AttachStderr": false,
            "Tty": false,
            "OpenStdin": false,
            "StdinOnce": false,
            "Env": [
                "PATH=/usr/local/bin:/usr/local/sbin:/usr/local/bin:/usr/sbin:/usr/bin:/sbin:/bin",
                "LANG=C.UTF-8",
                "GPG_KEY=7169605F62C751356D054A26A821E680E5FA6305",
                "PYTHON_VERSION=3.12.10",
                "PYTHON_SHA256=07ab697474595e06f06647417d3c7fa97ded07afc1a7e4454c5639919b46eaea"
            ],
            "Cmd": [
                "gunicorn",
                "-w",
                "4",
                "-b",
                "0.0.0.0:5000",
                "app:app"
            ],
            "ArgsEscaped": true,
            "Image": "",
            "Volumes": null,
            "WorkingDir": "/app",
            "Entrypoint": null,
            "OnBuild": null,
            "Labels": null
        },
        "Architecture": "amd64",
        "Os": "linux",
        "Size": 1114802347,
        "GraphDriver": {
            "Data": {
                "LowerDir": "/lzcsys/data/system/docker/overlay2/29493a48f932278f83af56faf58e000c1fa1e55ec2767370d0a4cf1744e93c20/diff:/lzcsys/data/system/docker/overlay2/3ef4c5404f029dab3f59add4c9fc1cc5c3215e98da3f3a0c7144562f2c9bcc6c/diff:/lzcsys/data/system/docker/overlay2/01b3d2aeae6db20f69a6c83c92ae0db230810ee43a79263f1dad3c1134a3abf8/diff:/lzcsys/data/system/docker/overlay2/871f11a5be8bab070b463225023f4f104b90a8c6a809cfaa29147e065c09131a/diff:/lzcsys/data/system/docker/overlay2/6444143b808202cb7d365a5db73720a84bdb7bb7a29b72ac309e0100ece50623/diff:/lzcsys/data/system/docker/overlay2/b958018daa9e4808f8f01e80b0201b44e2cd013ad454e82cb0591a8c290d63de/diff:/lzcsys/data/system/docker/overlay2/f57b020494305fcc157133a4dfe71668c1c7231f828b995fca757e045525f025/diff:/lzcsys/data/system/docker/overlay2/f656af1e12209769f32d434888fdf71887cc5fb3e4c5b80d7b8096dbb53bd75e/diff:/lzcsys/data/system/docker/overlay2/b03609f111a61cf2dd8b37e1c67eff9c4c78d842db431ce6eb8650c93218e845/diff:/lzcsys/data/system/docker/overlay2/68f1911b78803e1835d7422a24e3883e9ed59183191080c3d85cb869e31ec427/diff",
                "MergedDir": "/lzcsys/data/system/docker/overlay2/c12f15b7447e6ce9547f67a3ae99eac37401290fccec28afa01560a498ad26d1/merged",
                "UpperDir": "/lzcsys/data/system/docker/overlay2/c12f15b7447e6ce9547f67a3ae99eac37401290fccec28afa01560a498ad26d1/diff",
                "WorkDir": "/lzcsys/data/system/docker/overlay2/c12f15b7447e6ce9547f67a3ae99eac37401290fccec28afa01560a498ad26d1/work"
            },
            "Name": "overlay2"
        },
        "RootFS": {
            "Type": "layers",
            "Layers": [
                "sha256:f7f2b929d8a55112a2db1bc16fb8731045c9572b84d6dfbbdbd5dc6dd2bd9fe4",
                "sha256:7f0053786e6e2411ce577e795ef6c278601de3faa0817c071801b11a3f83fd0d",
                "sha256:b2bcbd8ebb2be9869ca3198b4c521f18b612b4287ee4b705678d7b85383b71af",
                "sha256:6c7c1b88da61a2ad4efd3cb93b6e31b0937d3f4121050a9d1c4ddd00485c7c68",
                "sha256:68405a3b48fffb94f66fb5779e420a3c75941c43e8f75231a03e37b61c661d2d",
                "sha256:09418520a5f84d72e78e3d83ff80f42b14572856dddb806226e949b3f802cf66",
                "sha256:e9b3f3afe636ef33be417644e7696c3b6c8415c76d8932236dd2a352578ffec9",
                "sha256:0acac977d9776469e4424fc6140992bf178990607e3e5aad416bd2710c3f623e",
                "sha256:e1c677628e558f40fbdb730b54cd163bd4727635378d8d5cf76c4ed10a86575b",
                "sha256:c34eed4c1fbccfd37940c22ba2d82db3f20ac0cae71d76f04d97747e1039f745",
                "sha256:f7536c7ad70ec2a6ca1b1901948ea79594e27bca95919add0f0f3f595c1192b2"
            ]
        },
        "Metadata": {
            "LastTagTime": "0001-01-01T00:00:00Z"
        }
    }
]
