[
    {
        "Id": "sha256:e8bca9fac62a4a5083905819c90a914c41bd647874b6eef6c206c2fe64eb08c9",
        "RepoTags": [
            "registry.lazycat.cloud/edward/library/redis:630b4b80b5d10832"
        ],
        "RepoDigests": [
            "registry.lazycat.cloud/edward/library/redis@sha256:630b4b80b5d10832975edc52968b76e935e7c43b63107b89731a55772e721c0d"
        ],
        "Parent": "",
        "Comment": "buildkit.dockerfile.v0",
        "Created": "2025-07-06T16:51:58Z",
        "DockerVersion": "",
        "Author": "",
        "Config": {
            "Hostname": "",
            "Domainname": "",
            "User": "",
            "AttachStdin": false,
            "AttachStdout": false,
            "AttachStderr": false,
            "ExposedPorts": {
                "6379/tcp": {}
            },
            "Tty": false,
            "OpenStdin": false,
            "StdinOnce": false,
            "Env": [
                "PATH=/usr/local/sbin:/usr/local/bin:/usr/sbin:/usr/bin:/sbin:/bin",
                "GOSU_VERSION=1.17",
                "REDIS_VERSION=7.4.5",
                "REDIS_DOWNLOAD_URL=http://download.redis.io/releases/redis-7.4.5.tar.gz",
                "REDIS_DOWNLOAD_SHA=00bb280528f5d7934bec8ab309b8125088c209131e10609cb1563b91365633bb"
            ],
            "Cmd": [
                "redis-server"
            ],
            "Image": "",
            "Volumes": {
                "/data": {}
            },
            "WorkingDir": "/data",
            "Entrypoint": [
                "docker-entrypoint.sh"
            ],
            "OnBuild": null,
            "Labels": {
                "cloud.lazycat.image.maintainer": "Edward",
                "cloud.lazycat.image.origin_hash": "sha256:6df682786e805ef3521716530b74510a708bd6c2264630fccc218cd3ba8e857b",
                "cloud.lazycat.image.origin_image": "redis:7"
            }
        },
        "Architecture": "amd64",
        "Os": "linux",
        "Size": 117037272,
        "GraphDriver": {
            "Data": {
                "LowerDir": "/lzcsys/data/system/docker/overlay2/64e9be279e9a9a606d75c5ec747fc88850a54108986ca2837c8af8584b89beda/diff:/lzcsys/data/system/docker/overlay2/07be784ef620464b60292c68ed170bd9ea9180ef631b5f4db1418fec93eacd53/diff:/lzcsys/data/system/docker/overlay2/4e49f421c76776c6d785dba48521caed4db250d55a3ad72b4250b4dea5029935/diff:/lzcsys/data/system/docker/overlay2/632e685d43040ba69d7434b1d81828b05d0e33ed1352d601f0fc2d57c269600e/diff:/lzcsys/data/system/docker/overlay2/7e2e01a5a4cc4cc83f331b20abfe0760502016bae3b1a47e4fcc5c709569d235/diff:/lzcsys/data/system/docker/overlay2/d9291cef7e7c2f6cf9031577de7567329c385e7d80cbc63b9b7ff04e5e1ea431/diff:/lzcsys/data/system/docker/overlay2/2c0bb22c4d51bbfc002d2ee1b069ac89d05dd129d91a13e8c51dcad33073b72b/diff",
                "MergedDir": "/lzcsys/data/system/docker/overlay2/9b7ad60eae7d8fae17d390a950d36ed25361bbc2167720bfade3c39badb5fe6d/merged",
                "UpperDir": "/lzcsys/data/system/docker/overlay2/9b7ad60eae7d8fae17d390a950d36ed25361bbc2167720bfade3c39badb5fe6d/diff",
                "WorkDir": "/lzcsys/data/system/docker/overlay2/9b7ad60eae7d8fae17d390a950d36ed25361bbc2167720bfade3c39badb5fe6d/work"
            },
            "Name": "overlay2"
        },
        "RootFS": {
            "Type": "layers",
            "Layers": [
                "sha256:7cc7fe68eff66f19872441a51938eecc4ad33746d2baa3abc081c1e6fe25988e",
                "sha256:0ce990189da74ea38e64a0260f22d59237ff8938de5e5b6a18e9de4ae0fdd0ba",
                "sha256:254a957f3a9ee82e2b3b04164ffdfcb3cbfec89b0fc3ecaba518514a7bade6a4",
                "sha256:35142a344b500b208700408f3a12de2f5217fe9fdc4ee356f2558d42089a0d73",
                "sha256:0b6e1d068d27e94e17e23b03a03a2987809c70fe0f3ff574a75bda822c16d8bc",
                "sha256:6f5c9427b34dee3bfcdfc8833dcdaaf8f995b3a8a5b736f3786a2ba8203651a2",
                "sha256:5f70bf18a086007016e948b04aed3b82103a36bea41755b6cddfaf10ace3c6ef",
                "sha256:9bf7700444cc00fb08fdf96619a36f3d15cfca0b8fa7832f586e3c71ecb2ae57"
            ]
        },
        "Metadata": {
            "LastTagTime": "0001-01-01T00:00:00Z"
        }
    }
]
