[
    {
        "Id": "sha256:f30a222aee9a7c6694e7775256f4e61847a2fa59921e523de1d71f365c3852b2",
        "RepoTags": [
            "registry.lazycat.cloud/ai/ai/open-webui:0.4.7-6f5a3b23"
        ],
        "RepoDigests": [
            "registry.lazycat.cloud/ai/ai/open-webui@sha256:19df654f050abff6e2051e6a61956b1d8b65ce0229d5ffd1f19e4e8159ce146d"
        ],
        "Parent": "",
        "Comment": "buildkit.dockerfile.v0",
        "Created": "2024-12-05T15:43:21.455144656Z",
        "DockerVersion": "",
        "Author": "",
        "Config": {
            "Hostname": "",
            "Domainname": "",
            "User": "0:0",
            "AttachStdin": false,
            "AttachStdout": false,
            "AttachStderr": false,
            "ExposedPorts": {
                "8080/tcp": {}
            },
            "Tty": false,
            "OpenStdin": false,
            "StdinOnce": false,
            "Env": [
                "PATH=/usr/local/bin:/usr/local/sbin:/usr/local/bin:/usr/sbin:/usr/bin:/sbin:/bin",
                "LANG=C.UTF-8",
                "GPG_KEY=A035C8C19219BA821ECEA86B64E628F8D684696D",
                "PYTHON_VERSION=3.11.10",
                "PYTHON_SHA256=07a4356e912900e61a15cb0949a06c4a05012e213ecd6b4e84d0f67aabbee372",
                "ENV=prod",
                "PORT=8080",
                "USE_OLLAMA_DOCKER=false",
                "USE_CUDA_DOCKER=false",
                "USE_CUDA_DOCKER_VER=cu121",
                "USE_EMBEDDING_MODEL_DOCKER=sentence-transformers/all-MiniLM-L6-v2",
                "USE_RERANKING_MODEL_DOCKER=",
                "OLLAMA_BASE_URL=/ollama",
                "OPENAI_API_BASE_URL=",
                "OPENAI_API_KEY=",
                "WEBUI_SECRET_KEY=",
                "SCARF_NO_ANALYTICS=true",
                "DO_NOT_TRACK=true",
                "ANONYMIZED_TELEMETRY=false",
                "WHISPER_MODEL=base",
                "WHISPER_MODEL_DIR=/app/backend/data/cache/whisper/models",
                "RAG_EMBEDDING_MODEL=sentence-transformers/all-MiniLM-L6-v2",
                "RAG_RERANKING_MODEL=",
                "SENTENCE_TRANSFORMERS_HOME=/app/backend/data/cache/embedding/models",
                "TIKTOKEN_ENCODING_NAME=cl100k_base",
                "TIKTOKEN_CACHE_DIR=/app/backend/data/cache/tiktoken",
                "HF_HOME=/app/backend/data/cache/embedding/models",
                "HOME=/root",
                "WEBUI_BUILD_VERSION=c4ea31357f49d08a14c86b2bd85fdcd489512e91",
                "DOCKER=true"
            ],
            "Cmd": [
                "bash",
                "start.sh"
            ],
            "Healthcheck": {
                "Test": [
                    "CMD-SHELL",
                    "exit 0"
                ]
            },
            "ArgsEscaped": true,
            "Image": "",
            "Volumes": null,
            "WorkingDir": "/app/backend",
            "Entrypoint": null,
            "OnBuild": null,
            "Labels": {
                "org.opencontainers.image.created": "2024-12-01T08:46:07.333Z",
                "org.opencontainers.image.description": "User-friendly AI Interface (Supports Ollama, OpenAI API, ...)",
                "org.opencontainers.image.licenses": "MIT",
                "org.opencontainers.image.revision": "c4ea31357f49d08a14c86b2bd85fdcd489512e91",
                "org.opencontainers.image.source": "https://github.com/open-webui/open-webui",
                "org.opencontainers.image.title": "open-webui",
                "org.opencontainers.image.url": "https://github.com/open-webui/open-webui",
                "org.opencontainers.image.version": "0.4.7"
            }
        },
        "Architecture": "amd64",
        "Os": "linux",
        "Size": 4311937004,
        "GraphDriver": {
            "Data": {
                "LowerDir": "/lzcsys/data/system/docker/overlay2/39f399778498b7d3d34ef3f9f4c224ba4e69304dc612f28d8b949799f8889522/diff:/lzcsys/data/system/docker/overlay2/1456201d6027d1bcfd31718d9ad92baf3d91149b635324a268bcef483f3688df/diff:/lzcsys/data/system/docker/overlay2/936e248e01d89ad4ef8ccd4b162ded24eec434f41077c1032c57a60c41e574ba/diff:/lzcsys/data/system/docker/overlay2/150a11dd8e062039693823fc28c856b5d3464ebe597c07be1633550d46d40ab5/diff:/lzcsys/data/system/docker/overlay2/fbba46642420f6b2a27959d5c98b20b89318f85211433d1eb6c9b1134bcfecf4/diff:/lzcsys/data/system/docker/overlay2/ac643e4341353616a2abd624ff038dc6450fe5ad0b19500d497e2bc29554beb1/diff:/lzcsys/data/system/docker/overlay2/08c752accb61ca2b2e88767b7194a0f5f94fb1cdc8f6fd81c31db28cb9f9e5f1/diff:/lzcsys/data/system/docker/overlay2/61b3f3a44d5a9c3eaa247e24112b2fc01902b03a7ab7516312e44da31686eeb1/diff:/lzcsys/data/system/docker/overlay2/51cc7730bd0134df43c7fdb7bd03f913bf84183269fb3b2642abd96ec17e3d91/diff:/lzcsys/data/system/docker/overlay2/7242083d712d2517acb62a3c0ea3ec71f8c193248ae8f30d47974a799cda7278/diff:/lzcsys/data/system/docker/overlay2/36e28d4b361fe7d9112e5f6468b440f923f65401d8d899a4500dd25f227022e3/diff:/lzcsys/data/system/docker/overlay2/29277e361e3b8c13e0d754fc708c8f75c0e6ff95cf88e778c4520ab6eb0d507d/diff:/lzcsys/data/system/docker/overlay2/66a3bb0b1ccb86ffed55eff0e1b6e19c818e5173dbecfbc7d1022794aec03bb4/diff:/lzcsys/data/system/docker/overlay2/494e3e2d2a0b3eb0d9020c8c5de8a5a886f2fccfd596f29d12a79fa007cbf4b0/diff:/lzcsys/data/system/docker/overlay2/c721a1afbde485824f5fc035bf175e8245b92b4936192432371e79055897c2cf/diff:/lzcsys/data/system/docker/overlay2/f63f4c45762b641a9fbbea9000bea91333abf007c5b754a80e9f2df1a7f90ed5/diff",
                "MergedDir": "/lzcsys/data/system/docker/overlay2/32f478d9538cb8dfb8b7be2cf57e3fa652a7e1db224cfd93829a414f5f89b037/merged",
                "UpperDir": "/lzcsys/data/system/docker/overlay2/32f478d9538cb8dfb8b7be2cf57e3fa652a7e1db224cfd93829a414f5f89b037/diff",
                "WorkDir": "/lzcsys/data/system/docker/overlay2/32f478d9538cb8dfb8b7be2cf57e3fa652a7e1db224cfd93829a414f5f89b037/work"
            },
            "Name": "overlay2"
        },
        "RootFS": {
            "Type": "layers",
            "Layers": [
                "sha256:c3548211b8264f8bfa47a6727043a64f1791b82ac965a284a7ea187e971a95e2",
                "sha256:2440dc0bfce0be50901996dd0de04d2830062f2b2e63a73217fd9237e18c9b7c",
                "sha256:25b72b8029f800d4047ffbfc4017258ab87699d0e84084290fc35b89aef1391e",
                "sha256:bb4412c1f640a563d7a796fb752395399c529bfd06fa9c451b980b5ee5807d40",
                "sha256:c63949ef1d060788acd8665541523a0d24d53ee07f66f1406e02f654fbd15579",
                "sha256:5f70bf18a086007016e948b04aed3b82103a36bea41755b6cddfaf10ace3c6ef",
                "sha256:abdc6ab388a03e69782c27f67a1342ce038393674b4e057db31e36ab2cbd47cc",
                "sha256:03168ea5e0480c8f77f377f30160b25b2c551a58ead614376bf8f98b352030ee",
                "sha256:5f70bf18a086007016e948b04aed3b82103a36bea41755b6cddfaf10ace3c6ef",
                "sha256:84f08b88eb56367c394789fe256b5fb35b85dab4aee9d1502a0e560f32512ed8",
                "sha256:836b36c08749be69f8f4d003e2e0732fc2e686ac0eb416cbf41499e2e5701a59",
                "sha256:b6e459075eab68613fdcb69fbe6f071e7ca7c01f4809c14f9833c17cedcfc9d4",
                "sha256:b8b06f76af19660bf60389b333aeb02dfaf60a7c692a7480270bae43acbf7441",
                "sha256:5b5ca7f4eb9b1535ea717615f122d108688dfba1f8d7301f14a72bfd6e5a3d49",
                "sha256:518a3e296e9dc29a61350a03f30698c1abd8ceb75f1819ad58e4484de85ad480",
                "sha256:6c6c2f5497c8cc2f5f1a0f8597b00764b24a7c5b3f85a97c4c06a695d2f64218",
                "sha256:9c068db5d58ca64b5e094896aa011635423ce9ecf4bc9a938dbcd656c32ec235"
            ]
        },
        "Metadata": {
            "LastTagTime": "0001-01-01T00:00:00Z"
        }
    }
]
