[
    {
        "Id": "sha256:6f09bedd77e4cf756878a87b1edaa97906faa6157cbb23acdd8563a8127ab14d",
        "RepoTags": [
            "registry.lazycat.cloud/x/rag:bb78b8b"
        ],
        "RepoDigests": [
            "registry.lazycat.cloud/x/rag@sha256:e4ac70a23698dba4dcba82598e660f2fe34fc37753a11e6c9dc5d03bf460cb1b"
        ],
        "Parent": "",
        "Comment": "buildkit.dockerfile.v0",
        "Created": "2025-09-24T16:37:58.216896221+08:00",
        "DockerVersion": "",
        "Author": "",
        "Config": {
            "Hostname": "",
            "Domainname": "",
            "User": "",
            "AttachStdin": false,
            "AttachStdout": false,
            "AttachStderr": false,
            "ExposedPorts": {
                "3001/tcp": {}
            },
            "Tty": false,
            "OpenStdin": false,
            "StdinOnce": false,
            "Env": [
                "PATH=/usr/local/bin:/usr/local/sbin:/usr/local/bin:/usr/sbin:/usr/bin:/sbin:/bin",
                "LANG=C.UTF-8",
                "GPG_KEY=7169605F62C751356D054A26A821E680E5FA6305",
                "PYTHON_VERSION=3.12.11",
                "PYTHON_SHA256=c30bb24b7f1e9a19b11b55a546434f74e739bb4c271a3e3a80ff4380d49f7adb",
                "DEBIAN_FRONTEND=noninteractive",
                "PYTHONUNBUFFERED=1",
                "DO_NOT_TRACK=true",
                "SCARF_NO_ANALYTICS=true",
                "AUTO_DOWNLOAD_NLTK=false"
            ],
            "Cmd": [
                "python3",
                "server.py"
            ],
            "ArgsEscaped": true,
            "Image": "",
            "Volumes": null,
            "WorkingDir": "/app",
            "Entrypoint": null,
            "OnBuild": null,
            "Labels": null
        },
        "Architecture": "amd64",
        "Os": "linux",
        "Size": 2039845569,
        "GraphDriver": {
            "Data": {
                "LowerDir": "/lzcsys/data/system/docker/overlay2/82639901db041eaed42c56ad9c844459aedff3b7b0bb815fa8ed83384c71b3eb/diff:/lzcsys/data/system/docker/overlay2/60409505d77455e09e4b19630dcbaf918acbf1112b64ac14091738c9add76e5d/diff:/lzcsys/data/system/docker/overlay2/79974b7f9224b4a8af53d88784b146ce69c065ad521d12b2d704bb0153fa1928/diff:/lzcsys/data/system/docker/overlay2/304f619ae66a34558bca96edd2d65a38112b890d31085226f62dc27d6434bebe/diff:/lzcsys/data/system/docker/overlay2/af172c37f7a05e2ab699d153d747953fd36ad37561b2e9636a725d91825bbc4b/diff:/lzcsys/data/system/docker/overlay2/39c5b0cd0f6bdee6dfd726ad0fe26383e3145845e1006aa96fd62f102fc77775/diff:/lzcsys/data/system/docker/overlay2/faf142e17078e1a50745ef660aa62a31f328fe9b125ef02fcf3a7e32e660e3cc/diff:/lzcsys/data/system/docker/overlay2/bdae4a633093609aafffc92ee569eef44044bb47b8798ebf88479792cb7c91f5/diff:/lzcsys/data/system/docker/overlay2/181303fee112832b1bd3dae5c52422a8cf808bfc0c4705bc8c4a027344f6f625/diff:/lzcsys/data/system/docker/overlay2/faa9caf97d41c747d8437853001b5929eabb049e56c382b82208a60a423a177c/diff:/lzcsys/data/system/docker/overlay2/9419244aa1e878ee55fb32110c9e6fe0fe70934b78555c34d5274a75e10ea31f/diff:/lzcsys/data/system/docker/overlay2/46e5edbc78f48f8b7b52c194d94b448ddd84682f721b9ae985af9cbfc6e4151b/diff:/lzcsys/data/system/docker/overlay2/a60f6652a1977e261e37fefaa938dc21da985d589d702a3faa71b792ca100d59/diff:/lzcsys/data/system/docker/overlay2/c35cf2f37e6e27d21f2984695f58e72d1cc8d1f4a62309a49795914291449b36/diff:/lzcsys/data/system/docker/overlay2/37ed8a197e831c915fd15f99a3bbcc36e7d42c2fdf890691ef1f6de9545e2667/diff",
                "MergedDir": "/lzcsys/data/system/docker/overlay2/5caf733f9be04377817504d64b275a9eecad6b143a4c3c11bac1e3bc892145fc/merged",
                "UpperDir": "/lzcsys/data/system/docker/overlay2/5caf733f9be04377817504d64b275a9eecad6b143a4c3c11bac1e3bc892145fc/diff",
                "WorkDir": "/lzcsys/data/system/docker/overlay2/5caf733f9be04377817504d64b275a9eecad6b143a4c3c11bac1e3bc892145fc/work"
            },
            "Name": "overlay2"
        },
        "RootFS": {
            "Type": "layers",
            "Layers": [
                "sha256:36f5f951f60a9fa1d51878e76fc16ba7b752f4d464a21b758a8ac88f0992c488",
                "sha256:db50b384e7f6bcbbc21381a55314e750bb84698433d9a639ab7b95e45f2e311f",
                "sha256:2f1f04e0e5ee6275544a1a9afbe73278dc236d5815f10cd84f7bac0514504bf2",
                "sha256:0f257b00cec96f8914841d5f10af74587190cebd6ddfff6cedbc9813dcc2539b",
                "sha256:48283d369d607ca7599686a5678f9291b4e8ce60284a286cfbc99e2ed884f62c",
                "sha256:c02ee3e8f4770c17daa7484fdeb7fb6007f39d51813c76d0670095ce9db88ce2",
                "sha256:fd32cbe1528b6b892d32f5825929c57088cc3e829dbdfca1011fb77a9928a927",
                "sha256:3b036fe1ca6c9200500008913d4a357e1d7f4670b1fce3cc5f619db13d4b30e1",
                "sha256:fde3e03e88b54c2a232d24398733afb6e89ade2498638bcf46868b493db6e7b2",
                "sha256:10e33ee40add3d67213ca5e35f5510036fc4dfb35dffa0a887e7b73066fcc598",
                "sha256:1fe68cb9820aa3b5e4b780d9a15bf90f5141afa942bac38b44f8012f6f3c7ef1",
                "sha256:5215d7893ca6aad92e0f45026093eb00fbe9ee04454c8693367aa572d689984d",
                "sha256:4730e01d7b2e74b2005d7b0eae83d83a5dc665049b987be8dcc994029646cbfc",
                "sha256:2da8118805f22d1d1d98afe50c6fe8ada42fb317e2ea092bbf02a5792e4ae81f",
                "sha256:d7e6f896a6e61bdbe81335b3b5308ff82c99e933be7caef70e4f6404df10247c",
                "sha256:2bb59cf59e2a839f82151cca3382d1749159c0906c962cd178413bcf449227ad"
            ]
        },
        "Metadata": {
            "LastTagTime": "0001-01-01T00:00:00Z"
        }
    }
]
