[
    {
        "Id": "sha256:fbf4aae1de267826ca2fc2e9dbc8f42fdc6b59873cec62f9b4c06fee07e1517e",
        "RepoTags": [
            "registry.lazycat.cloud/u42152447/library/redis:34b497ccbec28eb3"
        ],
        "RepoDigests": [
            "registry.lazycat.cloud/u42152447/library/redis@sha256:34b497ccbec28eb3b4eb99640061fa6b2541a012d96b70bcc69b037551d2ab1e"
        ],
        "Parent": "",
        "Comment": "buildkit.dockerfile.v0",
        "Created": "2025-11-04T00:34:13.645684567Z",
        "DockerVersion": "",
        "Author": "",
        "Config": {
            "Hostname": "",
            "Domainname": "",
            "User": "",
            "AttachStdin": false,
            "AttachStdout": false,
            "AttachStderr": false,
            "ExposedPorts": {
                "6379/tcp": {}
            },
            "Tty": false,
            "OpenStdin": false,
            "StdinOnce": false,
            "Env": [
                "PATH=/usr/local/sbin:/usr/local/bin:/usr/sbin:/usr/bin:/sbin:/bin",
                "REDIS_DOWNLOAD_URL=https://github.com/redis/redis/archive/refs/tags/8.2.3.tar.gz",
                "REDIS_DOWNLOAD_SHA=42d4d3f037db92eea4437ba03f87627cd636ed15a1f2dde7af9650aa94b035d8"
            ],
            "Cmd": [
                "redis-server"
            ],
            "Image": "",
            "Volumes": {
                "/data": {}
            },
            "WorkingDir": "/data",
            "Entrypoint": [
                "docker-entrypoint.sh"
            ],
            "OnBuild": null,
            "Labels": {
                "cloud.lazycat.image.maintainer": "u42152447",
                "cloud.lazycat.image.origin_hash": "sha256:b6cd50158f60fec3a8638e485385284bcfb1495617281adba2ceb1b020eb281f",
                "cloud.lazycat.image.origin_image": "redis:latest"
            }
        },
        "Architecture": "amd64",
        "Os": "linux",
        "Size": 137229198,
        "GraphDriver": {
            "Data": {
                "LowerDir": "/lzcsys/data/system/docker/overlay2/2d6126c7af2313d30d96ebf31362525f4fb2402fec1b12c8dd013ab8865f3f13/diff:/lzcsys/data/system/docker/overlay2/4b77a658b4b2865a8c5d238382f99efe746f120c8e5482f7b9182f9c0dac237b/diff:/lzcsys/data/system/docker/overlay2/79ccc3b391b02168ff1a0e27012027d20d146bef7351666b3aa4f6aba24ee72d/diff:/lzcsys/data/system/docker/overlay2/37ed1049555311db07874f033d7c07b062cf5f1783cf55c51ea92eac170d4d10/diff:/lzcsys/data/system/docker/overlay2/36e1aa679a1ad586651136565e8b9ba1afcc80559210ff07116eb7d677fca2bc/diff:/lzcsys/data/system/docker/overlay2/687bbe03cca54bc0efbd810ee17f4aad9264bf6b1ebf83e6ed87208ae823fb24/diff",
                "MergedDir": "/lzcsys/data/system/docker/overlay2/b100d4a9311c04f516d3dd75916a1e11604a96864c6ab05a2ef7a7f26021fdbb/merged",
                "UpperDir": "/lzcsys/data/system/docker/overlay2/b100d4a9311c04f516d3dd75916a1e11604a96864c6ab05a2ef7a7f26021fdbb/diff",
                "WorkDir": "/lzcsys/data/system/docker/overlay2/b100d4a9311c04f516d3dd75916a1e11604a96864c6ab05a2ef7a7f26021fdbb/work"
            },
            "Name": "overlay2"
        },
        "RootFS": {
            "Type": "layers",
            "Layers": [
                "sha256:b512279032aa717092385dda875fffdcd96e4a4ad384225152522ac7bd5340a8",
                "sha256:e7fe7688c8dc53dab780b500c4d8bbee54df61a142e8d2684f726729fa1b68da",
                "sha256:fd0bc835e87b353010dc8483e5fac0bc153eed3a6a578c67f0e26ae70a250ded",
                "sha256:a4f8354a4eb14789213e206f2c59909df39db7347b46c296f32fe218ebc4d059",
                "sha256:4a34755ecccc4ee81874060dd00f4e976dc67a886da05a0d0bcbda1ebf798958",
                "sha256:5f70bf18a086007016e948b04aed3b82103a36bea41755b6cddfaf10ace3c6ef",
                "sha256:4c9d174d85be5250d4ae25c2d3ee0891eb5041d847eb041d7850376a60e59bba"
            ]
        },
        "Metadata": {
            "LastTagTime": "0001-01-01T00:00:00Z"
        }
    }
]
