[
    {
        "Id": "sha256:c120be0442feba63d75002d01d564f6061a74baa19e6e4a7cbfb6453b1648bf6",
        "RepoTags": [
            "registry.lazycat.cloud/lzc-files/smbserver:e4649cd"
        ],
        "RepoDigests": [
            "registry.lazycat.cloud/lzc-files/smbserver@sha256:1b6bc14efb0e0ebc0f18b698de29261122e760ed4fb520d8ccc2b89013a1b68a"
        ],
        "Parent": "",
        "Comment": "buildkit.dockerfile.v0",
        "Created": "2025-10-24T11:55:14.082284059+08:00",
        "DockerVersion": "",
        "Author": "",
        "Config": {
            "Hostname": "",
            "Domainname": "",
            "User": "",
            "AttachStdin": false,
            "AttachStdout": false,
            "AttachStderr": false,
            "ExposedPorts": {
                "137/udp": {},
                "138/udp": {},
                "139/tcp": {},
                "445/tcp": {},
                "8080/tcp": {}
            },
            "Tty": false,
            "OpenStdin": false,
            "StdinOnce": false,
            "Env": [
                "PATH=/usr/local/sbin:/usr/local/bin:/usr/sbin:/usr/bin:/sbin:/bin"
            ],
            "Cmd": [
                "/usr/local/bin/smbserver"
            ],
            "ArgsEscaped": true,
            "Image": "",
            "Volumes": null,
            "WorkingDir": "/usr/local/share",
            "Entrypoint": [
                "/sbin/tini",
                "--"
            ],
            "OnBuild": null,
            "Labels": null
        },
        "Architecture": "amd64",
        "Os": "linux",
        "Size": 132948396,
        "GraphDriver": {
            "Data": {
                "LowerDir": "/lzcsys/data/system/docker/overlay2/904963e7ccbf37b0efa37ba24a8ec80f4aab1b78fbf30d2b6e495efdd910557c/diff:/lzcsys/data/system/docker/overlay2/17281aebd8c3a4bdfa231d80906147b5def0dd1918ee447326d193fa94fb7e65/diff:/lzcsys/data/system/docker/overlay2/892ec4a2b38d6b9ae0924b9cf9416ccd7c9243558837324d37758ca866edc28e/diff:/lzcsys/data/system/docker/overlay2/e3d2452729e30a1c321c42b219955ca4a67b4a0bdeac009a2cf1d8eedb9d44f0/diff:/lzcsys/data/system/docker/overlay2/9fb5ae148efd8c929a7fedc0fc50392f0f7dbb3417659384bb9a2afbc3852a28/diff:/lzcsys/data/system/docker/overlay2/ef75a17e7f02e8a4e01c16b8023adb7bb1f79c9f0dfa2c533d8586bed8c8a409/diff:/lzcsys/data/system/docker/overlay2/0222b6680ddf00ce8288e97f82d78e0be5725d9ab6a4b5073159ccaaf5179bc7/diff:/lzcsys/data/system/docker/overlay2/e3ce7f36118c5f48ec7b4f8ed5868cd63eb71fd374b9be77138f3af05b7b1fd8/diff",
                "MergedDir": "/lzcsys/data/system/docker/overlay2/94ce6812faaae59dd96bbc9629a5d6702ed58c2b9d134c8560b89b6c3d09a0d0/merged",
                "UpperDir": "/lzcsys/data/system/docker/overlay2/94ce6812faaae59dd96bbc9629a5d6702ed58c2b9d134c8560b89b6c3d09a0d0/diff",
                "WorkDir": "/lzcsys/data/system/docker/overlay2/94ce6812faaae59dd96bbc9629a5d6702ed58c2b9d134c8560b89b6c3d09a0d0/work"
            },
            "Name": "overlay2"
        },
        "RootFS": {
            "Type": "layers",
            "Layers": [
                "sha256:256f393e029fa2063d8c93720da36a74a032bed3355a2bc3e313ad12f8bde9d1",
                "sha256:933f836e6ceb85d9f0536cc0f72917f17cef43c561935307ae1a199d4ac275f1",
                "sha256:561e512104ecced4d49650966a04b24f48cf6d0b3e97d23580978692f3360696",
                "sha256:7484cafba3cf7abf88c8ec241bad9f1f673a2a9998bb29f3628296d5155fa7a2",
                "sha256:de3a17e883a61a10063f0fe3a0fa664ba9c61987054c51d69175fd41d65139f9",
                "sha256:fc2844ffe937de8b5cbce8799fcf679c1b11cce847c3eb0d8ec6a7516a03af6a",
                "sha256:83729a236e5f0735774ecf997dc70678f7a5a20d5b39c89fa33df482eef3b2cd",
                "sha256:5f70bf18a086007016e948b04aed3b82103a36bea41755b6cddfaf10ace3c6ef",
                "sha256:5f70bf18a086007016e948b04aed3b82103a36bea41755b6cddfaf10ace3c6ef"
            ]
        },
        "Metadata": {
            "LastTagTime": "0001-01-01T00:00:00Z"
        }
    }
]
