[
    {
        "Id": "sha256:0430340c9c1740b4796d5a61ec643bee303e05741c7889b21b9bd5d1500ae245",
        "RepoTags": [
            "crpi-kyqfans5x5yi0xen.cn-hangzhou.personal.cr.aliyuncs.com/lonng_image/lzc-mihomo:0.0.5"
        ],
        "RepoDigests": [
            "crpi-kyqfans5x5yi0xen.cn-hangzhou.personal.cr.aliyuncs.com/lonng_image/lzc-mihomo@sha256:42391b168d7cb58ef3d3d028c1c5a1854f3635763d6049ccda91d2dc08744df2"
        ],
        "Parent": "",
        "Comment": "buildkit.dockerfile.v0",
        "Created": "2025-10-10T21:15:52.147325973+08:00",
        "DockerVersion": "",
        "Author": "",
        "Config": {
            "Hostname": "",
            "Domainname": "",
            "User": "",
            "AttachStdin": false,
            "AttachStdout": false,
            "AttachStderr": false,
            "Tty": false,
            "OpenStdin": false,
            "StdinOnce": false,
            "Env": [
                "PATH=/usr/local/sbin:/usr/local/bin:/usr/sbin:/usr/bin:/sbin:/bin"
            ],
            "Cmd": [
                "/entrypoint.sh"
            ],
            "ArgsEscaped": true,
            "Image": "",
            "Volumes": null,
            "WorkingDir": "/",
            "Entrypoint": null,
            "OnBuild": null,
            "Labels": null
        },
        "Architecture": "amd64",
        "Os": "linux",
        "Size": 109557191,
        "GraphDriver": {
            "Data": {
                "LowerDir": "/lzcsys/data/system/docker/overlay2/bcf3495ef3e2b9c8c2f41fa6327caeb24f18088c3ae91cb8f4c7b471d6af411a/diff:/lzcsys/data/system/docker/overlay2/aae0d6a3cafb29557c8680d77a2c1f45f7e53f6afbd1525726b37bdc6b5261de/diff:/lzcsys/data/system/docker/overlay2/e3ce7f36118c5f48ec7b4f8ed5868cd63eb71fd374b9be77138f3af05b7b1fd8/diff",
                "MergedDir": "/lzcsys/data/system/docker/overlay2/d4269bdd35a17c210a45a8acfaf830e65487a99b0fc88fb5e49b4091050cde8e/merged",
                "UpperDir": "/lzcsys/data/system/docker/overlay2/d4269bdd35a17c210a45a8acfaf830e65487a99b0fc88fb5e49b4091050cde8e/diff",
                "WorkDir": "/lzcsys/data/system/docker/overlay2/d4269bdd35a17c210a45a8acfaf830e65487a99b0fc88fb5e49b4091050cde8e/work"
            },
            "Name": "overlay2"
        },
        "RootFS": {
            "Type": "layers",
            "Layers": [
                "sha256:256f393e029fa2063d8c93720da36a74a032bed3355a2bc3e313ad12f8bde9d1",
                "sha256:12332ebdc5ee8c44be9fd4e7666bafe339454f9c632f07fa632603a60384c867",
                "sha256:81c2029a4484d1c9356fe81bf94ca9b0598eff465a06be92d441904af3dd0d64",
                "sha256:111fb073e005d85f40dc6aca9d70f4d4d41a4146ed634d20c1866b7709e88e90"
            ]
        },
        "Metadata": {
            "LastTagTime": "0001-01-01T00:00:00Z"
        }
    }
]
