[
    {
        "Id": "sha256:4e6b377122b82566253bfc09a100349df57e01ef2ac25c0943a89e9917a3aa23",
        "RepoTags": [
            "registry.lazycat.cloud/lzc/postgres:17-alpine3.20"
        ],
        "RepoDigests": [
            "registry.lazycat.cloud/lzc/postgres@sha256:72ebae112a6ceb886fed305197d0c1903b3ffed24b5be654402fd6a0ef5b5fc4"
        ],
        "Parent": "",
        "Comment": "buildkit.dockerfile.v0",
        "Created": "2025-02-27T00:53:12Z",
        "DockerVersion": "",
        "Author": "",
        "Config": {
            "Hostname": "",
            "Domainname": "",
            "User": "",
            "AttachStdin": false,
            "AttachStdout": false,
            "AttachStderr": false,
            "ExposedPorts": {
                "5432/tcp": {}
            },
            "Tty": false,
            "OpenStdin": false,
            "StdinOnce": false,
            "Env": [
                "PATH=/usr/local/sbin:/usr/local/bin:/usr/sbin:/usr/bin:/sbin:/bin",
                "GOSU_VERSION=1.17",
                "LANG=en_US.utf8",
                "PG_MAJOR=17",
                "PG_VERSION=17.4",
                "PG_SHA256=c4605b73fea11963406699f949b966e5d173a7ee0ccaef8938dec0ca8a995fe7",
                "DOCKER_PG_LLVM_DEPS=llvm15-dev \t\tclang15",
                "PGDATA=/var/lib/postgresql/data"
            ],
            "Cmd": [
                "postgres"
            ],
            "Image": "",
            "Volumes": {
                "/var/lib/postgresql/data": {}
            },
            "WorkingDir": "/",
            "Entrypoint": [
                "docker-entrypoint.sh"
            ],
            "OnBuild": null,
            "Labels": null,
            "StopSignal": "SIGINT"
        },
        "Architecture": "amd64",
        "Os": "linux",
        "Size": 248745808,
        "GraphDriver": {
            "Data": {
                "LowerDir": "/lzcsys/data/system/docker/overlay2/a894e1f64adbf6037965bff6c0745a74973da2fd595e307609f77b4e0cb1e96c/diff:/lzcsys/data/system/docker/overlay2/4b4523a3ec8318f8023005cfb10ab92c5f6a07ecaef709d54562130ea4f27b0b/diff:/lzcsys/data/system/docker/overlay2/f4d5642376524b3facfa0827dcf0a80b9b85666234c8b0a16b3263cfc8e46b5d/diff:/lzcsys/data/system/docker/overlay2/206f911e35ce3606e3448d38b13acbc5f80b9eaa4c009ed1f2b2801431d976f7/diff:/lzcsys/data/system/docker/overlay2/b2c69c64c39a59d1b94cf389c43941a5640672a7a53b6ac170a549c6e7af835f/diff:/lzcsys/data/system/docker/overlay2/63e9bcb052f7554a5b8d11892430ddffa48882c77ab0ad06c83ee02574243173/diff:/lzcsys/data/system/docker/overlay2/deed26763dc92268aac0e66167714425f581886c83a0d62f44be242aa6fc5a13/diff:/lzcsys/data/system/docker/overlay2/b3f99bd8d09c6f0229145687447ad3c9bc4e9d828498b8ee2cada3e6d22f808e/diff:/lzcsys/data/system/docker/overlay2/7cada8b3d62e83fcab902785440aa5f2384bf169782d5bd8e39658d522f482f2/diff",
                "MergedDir": "/lzcsys/data/system/docker/overlay2/e1575bd6395b4b4c1e9c908cbe481f91439c158173bcda7d8b270dc57d119c4c/merged",
                "UpperDir": "/lzcsys/data/system/docker/overlay2/e1575bd6395b4b4c1e9c908cbe481f91439c158173bcda7d8b270dc57d119c4c/diff",
                "WorkDir": "/lzcsys/data/system/docker/overlay2/e1575bd6395b4b4c1e9c908cbe481f91439c158173bcda7d8b270dc57d119c4c/work"
            },
            "Name": "overlay2"
        },
        "RootFS": {
            "Type": "layers",
            "Layers": [
                "sha256:994456c4fd7b2b87346a81961efb4ce945a39592d32e0762b38768bca7c7d085",
                "sha256:81d9eb92e144492c8b6edbbef870981ab0c4d91d6436e5c246e2935a829483bc",
                "sha256:a455bb67ddfaac4dd5e12e1d3f040ab12208e932762a81181daf424b0d61b0f7",
                "sha256:21f7a4dd81e60e3a178cd940d7bee0d42d02b3d4370add2458f8ab480d9d69ce",
                "sha256:3b380a34202bd8a9cf9824fa74a40e68fdbee887781f25d9f980c5c1f0256399",
                "sha256:4849d1adcb39686c0aba2faf261f21c902a6f2c3fd6cc28cf9bb77ae1bd93a99",
                "sha256:cbcbe53a1ba460aa1d15b95d2c18b0c8293a8f5de50b7fa6b11ea15552b0e85f",
                "sha256:61eebab3b93d4e5abdd7d6d0e325f867d6a8586e7f22bebf115a78b759657eb1",
                "sha256:54fdca716ac69d869db1e6793b8c80b9e6f4e62e3b5eda1855714b3c73727893",
                "sha256:6e162e2145a464f493e725c671c12ec0cd241ff2f1eaa3797a8aa7a8fe888dfc"
            ]
        },
        "Metadata": {
            "LastTagTime": "0001-01-01T00:00:00Z"
        }
    }
]
