[
    {
        "Id": "sha256:0f34b9d33ba8653b417909bef3323b31b8bfa5c9ebccfa1876247a27a33395ef",
        "RepoTags": [
            "registry.lazycat.cloud/longixaoyi/tensorchord/pgvecto-rs:c6fbd602a6b07cba"
        ],
        "RepoDigests": [
            "registry.lazycat.cloud/longixaoyi/tensorchord/pgvecto-rs@sha256:c6fbd602a6b07cba10b9baa9bde5ce307d1c4d3de272944158ea0aa9f59d8f77"
        ],
        "Parent": "",
        "Comment": "buildkit.dockerfile.v0",
        "Created": "2025-02-25T09:09:27.017950084Z",
        "DockerVersion": "",
        "Author": "",
        "Config": {
            "Hostname": "",
            "Domainname": "",
            "User": "",
            "AttachStdin": false,
            "AttachStdout": false,
            "AttachStderr": false,
            "ExposedPorts": {
                "5432/tcp": {}
            },
            "Tty": false,
            "OpenStdin": false,
            "StdinOnce": false,
            "Env": [
                "PATH=/usr/local/sbin:/usr/local/bin:/usr/sbin:/usr/bin:/sbin:/bin:/usr/lib/postgresql/14/bin",
                "GOSU_VERSION=1.17",
                "LANG=en_US.utf8",
                "PG_MAJOR=14",
                "PG_VERSION=14.17-1.pgdg120+1",
                "PGDATA=/var/lib/postgresql/data"
            ],
            "Cmd": [
                "postgres",
                "-c",
                "shared_preload_libraries=vectors.so",
                "-c",
                "search_path=\"$user\", public, vectors",
                "-c",
                "logging_collector=on"
            ],
            "ArgsEscaped": true,
            "Image": "",
            "Volumes": {
                "/var/lib/postgresql/data": {}
            },
            "WorkingDir": "",
            "Entrypoint": [
                "docker-entrypoint.sh"
            ],
            "OnBuild": null,
            "Labels": {
                "cloud.lazycat.image.maintainer": "longixaoyi",
                "cloud.lazycat.image.origin_hash": "sha256:7a0a6267337b4b25e5f3e8d97bc687e8c8cb0db9e8e16e918dac1aea5094c044",
                "cloud.lazycat.image.origin_image": "docker.hlmirror.com/tensorchord/pgvecto-rs:pg14-v0.2.0",
                "org.opencontainers.image.created": "2025-02-25T09:09:08.764Z",
                "org.opencontainers.image.description": "Scalable, Low-latency and Hybrid-enabled Vector Search in Postgres. Revolutionize Vector Search, not Database.",
                "org.opencontainers.image.licenses": "Apache-2.0",
                "org.opencontainers.image.revision": "9b79f737d84e71068397d8f1c7ef2153b9bff130",
                "org.opencontainers.image.source": "https://github.com/tensorchord/pgvecto.rs",
                "org.opencontainers.image.title": "pgvecto.rs",
                "org.opencontainers.image.url": "https://github.com/tensorchord/pgvecto.rs",
                "org.opencontainers.image.version": "pg14-v0.2.0"
            },
            "StopSignal": "SIGINT"
        },
        "Architecture": "amd64",
        "Os": "linux",
        "Size": 685977874,
        "GraphDriver": {
            "Data": {
                "LowerDir": "/lzcsys/data/system/docker/overlay2/208c3e226ebf42fdebb8e889977176ee9ef69ef7f225cfbfebce198c9b66e4c2/diff:/lzcsys/data/system/docker/overlay2/e491ff02d56199581490a18a2c16ce7d601c94dd13669c4e9a379c59b6c8dbee/diff:/lzcsys/data/system/docker/overlay2/7a76fdcdd1bb78a6ee1f616dfa0cf59ec3ae36f62e862b8fd819b346ae583d36/diff:/lzcsys/data/system/docker/overlay2/21bc554011c0bf23c605046893dfc1f56b8162947054148ce12dfef71bc8642f/diff:/lzcsys/data/system/docker/overlay2/e963f74f07c94914ad8cb299dd82741668dfd54427197989f09f692c43b2d605/diff:/lzcsys/data/system/docker/overlay2/51e9ac2c916eb460900f34924b05cf811602a05465e09ce7eb8250d37dde4f52/diff:/lzcsys/data/system/docker/overlay2/cc646525b8ae7d6800ba738f3dfda6d5073ed8fdfcd9ac5244ed1904b540566a/diff:/lzcsys/data/system/docker/overlay2/9e2f9f89f27f5c4ebe3255eedca899f5b3a63710aad1d3f289353dc6579db1d3/diff:/lzcsys/data/system/docker/overlay2/414c4cf4000b11a00a5a3d3c5e9cac2340e24fd8fd831b7ab8a61a08f10c0256/diff:/lzcsys/data/system/docker/overlay2/46b4040579c755351045ec5f8938d1d0e22ad36158b1b4fcac3946d66b8f26f1/diff:/lzcsys/data/system/docker/overlay2/a1db5d9026ee9cb78475b5407ce2414c308de6705c40e180ca43de882ef7ca68/diff:/lzcsys/data/system/docker/overlay2/8939010a0c3f4cb83d4c78fabbf46cf99dbbdf796b8d911f750b707a081dbe22/diff:/lzcsys/data/system/docker/overlay2/39bea89997f681d380620b0dc736f0fe2d274f5322dfcd02476329e99b5dcacd/diff:/lzcsys/data/system/docker/overlay2/43c6382f650dfdca6b9c875d546da04c8688f616e4542d830a8d5fd1298c3056/diff:/lzcsys/data/system/docker/overlay2/8e3c815a0d639357b1ae64961dce5824ab7be906061d978e7a8ed1427fd276a4/diff",
                "MergedDir": "/lzcsys/data/system/docker/overlay2/e3e926927e05f98978851d6941fa5e2ded6ea44e4cc73604650799b2bade1e18/merged",
                "UpperDir": "/lzcsys/data/system/docker/overlay2/e3e926927e05f98978851d6941fa5e2ded6ea44e4cc73604650799b2bade1e18/diff",
                "WorkDir": "/lzcsys/data/system/docker/overlay2/e3e926927e05f98978851d6941fa5e2ded6ea44e4cc73604650799b2bade1e18/work"
            },
            "Name": "overlay2"
        },
        "RootFS": {
            "Type": "layers",
            "Layers": [
                "sha256:5f1ee22ffb5e68686db3dcb6584eb1c73b5570615b0f14fabb070b96117e351d",
                "sha256:f5be81db8adf05dced2688d0d5882ed0c55acaf72b3ae9901873ce21232dd9a1",
                "sha256:0a9abac17e302b085df9485940856e27174caaf665c4deae77e88c9927e82b13",
                "sha256:e911926e1e24fbd8a720a3288cceb2248d041aef1bc4e828fabc5175aae1c032",
                "sha256:ceaeb6b1198fe1d85483f8733fdee7e53c43881a647920857537ad8342844992",
                "sha256:97528a5d837a3b6c32134778abb2d512a70a2a8d73eff5e0951871fc5e79c715",
                "sha256:282fde6693ab5b8fcb6d015014bc78394fe46a2da8dbfb8e294434feb67285e8",
                "sha256:bdb03d35d0019558796540a5e96546dfc05c87459c375ba8e963338a9705e16b",
                "sha256:6ab0b863cfa233f195a67c1eea9f5d0139de2ee64e607537b50f6d81d1a0f93b",
                "sha256:d97b5e756130fed456ee3f854a9a58f93d956ded117b4b634e6a4546288d69a1",
                "sha256:d83891a2acf879bc9f3ac54d156445a59c8aa8b246dcf6ec23aafe5d213bae0b",
                "sha256:a4fac5a9da997b4b3b307c4202eb6554d7c590d8321db8f659318129c48f4fad",
                "sha256:9db1a3220abc7bc12f5dfe6a8eea356acb152d074c467c74847a92478e052ec5",
                "sha256:209b717aabd879955d71ce119ab659af8db12d26b459c957b3bb8bf67a40356c",
                "sha256:4e1a0f6e9320bcc8080ded193aa7942114c8a226c88eda7e2dcbe2f827820651",
                "sha256:38c6986d97c86f079b1997ad5e6e464c877e983fb14e6e4f9cf773880df2095b"
            ]
        },
        "Metadata": {
            "LastTagTime": "0001-01-01T00:00:00Z"
        }
    }
]
