[
    {
        "Id": "sha256:7d421dcedf2b79c1148b397d2aa9d0e78e6aa1a28f2add8aaf0b5562e611950d",
        "RepoTags": [
            "registry.lazycat.cloud/aixinyin/axy5920/bettafish:4da5e1507fa9df35"
        ],
        "RepoDigests": [
            "registry.lazycat.cloud/aixinyin/axy5920/bettafish@sha256:4da5e1507fa9df352d898b977e077a9f57dde0029e54af464e65cb73ef323d2b"
        ],
        "Parent": "",
        "Comment": "",
        "Created": "2025-11-06T04:42:22.684950823Z",
        "DockerVersion": "27.3.1",
        "Author": "",
        "Config": {
            "Hostname": "",
            "Domainname": "",
            "User": "",
            "AttachStdin": false,
            "AttachStdout": false,
            "AttachStderr": false,
            "ExposedPorts": {
                "5000/tcp": {},
                "8501/tcp": {},
                "8502/tcp": {},
                "8503/tcp": {}
            },
            "Tty": false,
            "OpenStdin": false,
            "StdinOnce": false,
            "Env": [
                "PATH=/root/.local/bin:/usr/local/bin:/usr/local/sbin:/usr/local/bin:/usr/sbin:/usr/bin:/sbin:/bin",
                "LANG=C.UTF-8",
                "GPG_KEY=A035C8C19219BA821ECEA86B64E628F8D684696D",
                "PYTHON_VERSION=3.11.14",
                "PYTHON_SHA256=8d3ed8ec5c88c1c95f5e558612a725450d2452813ddad5e58fdb1a53b1209b78",
                "PYTHONDONTWRITEBYTECODE=1",
                "PYTHONUNBUFFERED=1",
                "PIP_NO_CACHE_DIR=1",
                "PLAYWRIGHT_BROWSERS_PATH=/ms-playwright"
            ],
            "Cmd": [
                "python",
                "app.py"
            ],
            "Image": "sha256:38cbb2242e73d66e763a6c147c7aae9f11c49711260fe6fa3c69724283b38d50",
            "Volumes": null,
            "WorkingDir": "/app",
            "Entrypoint": null,
            "OnBuild": null,
            "Labels": {
                "cloud.lazycat.image.maintainer": "aixinyin",
                "cloud.lazycat.image.origin_hash": "sha256:c63b052d0524834da969be896c995973398e6c55c32835f8a63fb609a2903b36",
                "cloud.lazycat.image.origin_image": "registry.cn-hangzhou.aliyuncs.com/axy5920/bettafish:0.0.1"
            },
            "Shell": [
                "/bin/bash",
                "-o",
                "pipefail",
                "-c"
            ]
        },
        "Architecture": "amd64",
        "Os": "linux",
        "Size": 10211736784,
        "GraphDriver": {
            "Data": {
                "LowerDir": "/lzcsys/data/system/docker/overlay2/66f134464a75a93ca96c8fba11855254339d3ca6042c79e49c95ccec86f4d7c6/diff:/lzcsys/data/system/docker/overlay2/1c5f9445885c2c773d67c023db3e669d4ee7e670c59ef2ff32bfd802be9b138c/diff:/lzcsys/data/system/docker/overlay2/8e95fc04b25d76f01907252d1ab0597979b925fef18758697b34bb1f54ace74f/diff:/lzcsys/data/system/docker/overlay2/578de7cb809107ad56836a056c2b1c567b15c113eb8ca48fed164328995c3030/diff:/lzcsys/data/system/docker/overlay2/a7b2b479940e32216af39278d9793e5b734e970807f13bda2f9c230325b043f1/diff:/lzcsys/data/system/docker/overlay2/61aa2606345a6fcbfaacaad7cf0bab947b76cb6536619ac1b92a2782ddcb1810/diff:/lzcsys/data/system/docker/overlay2/e5d1904adf8ee59ab38c20a2a29dd2d07a5f0d1305a9a3d1fb752d60e08ec138/diff:/lzcsys/data/system/docker/overlay2/d7469676d5a5a43edfeae79853a0b4c92293520d902f39a72c231542237df1c5/diff:/lzcsys/data/system/docker/overlay2/18b1aab633619c9408523c3bed42d0d4f262620b959e9493fb49db26126e4db5/diff:/lzcsys/data/system/docker/overlay2/cf65d7eb29bf0f57050c7c44695a71a66530b698bf9ed03001ac69e01821c2e3/diff:/lzcsys/data/system/docker/overlay2/e6c1f779f8714e9b9a65f161aa245c7bd53a8cd620e1f5b370095712165bfec5/diff",
                "MergedDir": "/lzcsys/data/system/docker/overlay2/8b16fcf1f3854332ed0141aa593640f72882d0dad42942acdfa4c5979c366a95/merged",
                "UpperDir": "/lzcsys/data/system/docker/overlay2/8b16fcf1f3854332ed0141aa593640f72882d0dad42942acdfa4c5979c366a95/diff",
                "WorkDir": "/lzcsys/data/system/docker/overlay2/8b16fcf1f3854332ed0141aa593640f72882d0dad42942acdfa4c5979c366a95/work"
            },
            "Name": "overlay2"
        },
        "RootFS": {
            "Type": "layers",
            "Layers": [
                "sha256:36d06fe0cbc654e5f67d58c960ed33e53127e4a3288d8ce6f6a60a9c311794d4",
                "sha256:c28fab3840a6c6d51c515f35b44cefd6df484ffac07029b114df0d8ee1522420",
                "sha256:cdd505bd8879cc44acac7f3dbfcc4adef811a8a2996d790ce0dfdea3159800cd",
                "sha256:3e79ec3d489e3dd6ff054c140f09e69519a942557cbd7a70ca67a5bbcc5a45ea",
                "sha256:27e64a2e0e3b9f366be4a3f19b857ae2fa8bdcad31799efe0c97cd0ba49d3278",
                "sha256:fd64062deb2dd5404c5f42cd710e66d4cedc99ec5c2c8179b9a428c9e417d313",
                "sha256:58bdaaf7e733ec2459d9581471bd777ba9bcb3324fc93a7327a949052d20c09d",
                "sha256:fd6634fddbfc6d65a85016d66740c9ccfa5b162d50d5dc868ac43a52790061a0",
                "sha256:0a2e01a47e2e90f7f9a0d7f2c25b03cecb288a08d1653b233a2fe416c95ea11a",
                "sha256:a8c4ca3cca025983d164afdaa268bce659aeaebe3eebaa75a2d5d3a714a8c08d",
                "sha256:484a7f20980a06dddf67c0e19593960e27feea3ad87355013f206a9c7baf1b5b",
                "sha256:615349ddd4eac8654f9bc581d1125301a2b37c7f06198758a730ce56a0e55cec"
            ]
        },
        "Metadata": {
            "LastTagTime": "0001-01-01T00:00:00Z"
        }
    }
]
