[
    {
        "Id": "sha256:71efaede4ebcf6c63ea1fae3b0925f3b8f17ab7c05be927d54bba5c34686ca05",
        "RepoTags": [
            "registry.lazycat.cloud/aixinyin/sissbruecker/linkding:1b0a35af43508920"
        ],
        "RepoDigests": [
            "registry.lazycat.cloud/aixinyin/sissbruecker/linkding@sha256:1b0a35af435089203b8db9d91e72b088841879faae352d084b319f209619f0f7"
        ],
        "Parent": "",
        "Comment": "buildkit.dockerfile.v0",
        "Created": "2025-10-11T09:20:44.348887671Z",
        "DockerVersion": "",
        "Author": "",
        "Config": {
            "Hostname": "",
            "Domainname": "",
            "User": "",
            "AttachStdin": false,
            "AttachStdout": false,
            "AttachStderr": false,
            "ExposedPorts": {
                "9090/tcp": {}
            },
            "Tty": false,
            "OpenStdin": false,
            "StdinOnce": false,
            "Env": [
                "PATH=/etc/linkding/.venv/bin:/usr/local/bin:/usr/local/sbin:/usr/local/bin:/usr/sbin:/usr/bin:/sbin:/bin",
                "GPG_KEY=7169605F62C751356D054A26A821E680E5FA6305",
                "PYTHON_VERSION=3.13.7",
                "PYTHON_SHA256=5462f9099dfd30e238def83c71d91897d8caa5ff6ebc7a50f14d4802cdaaa79a",
                "VIRTUAL_ENV=/etc/linkding/.venv",
                "UWSGI_MAX_FD=4096"
            ],
            "Cmd": [
                "./bootstrap.sh"
            ],
            "Healthcheck": {
                "Test": [
                    "CMD-SHELL",
                    "curl -f http://localhost:${LD_SERVER_PORT:-9090}/${LD_CONTEXT_PATH}health || exit 1"
                ],
                "Interval": 30000000000,
                "Timeout": 1000000000,
                "Retries": 3
            },
            "ArgsEscaped": true,
            "Image": "",
            "Volumes": null,
            "WorkingDir": "/etc/linkding",
            "Entrypoint": null,
            "OnBuild": null,
            "Labels": {
                "cloud.lazycat.image.maintainer": "aixinyin",
                "cloud.lazycat.image.origin_hash": "sha256:72977140c1375cbf741f1fb1ebd1dc6b0922e33c6d7b982169ab3187dfcce32f",
                "cloud.lazycat.image.origin_image": "sissbruecker/linkding:latest",
                "org.opencontainers.image.source": "https://github.com/sissbruecker/linkding"
            }
        },
        "Architecture": "amd64",
        "Os": "linux",
        "Size": 373536886,
        "GraphDriver": {
            "Data": {
                "LowerDir": "/lzcsys/data/system/docker/overlay2/3cfa646cc9ab7ebe0f8e3874ca35ee20e8a73f67c92098b84923d7535811b94a/diff:/lzcsys/data/system/docker/overlay2/c62cbc9feb63490f9bbe47a43d0a69f63f05b8227da5bef53bf2814e0d3649a2/diff:/lzcsys/data/system/docker/overlay2/a204c03955b08dbd836b5306e4055cede53d3b4e498101bf3af0661ef4a88bd8/diff:/lzcsys/data/system/docker/overlay2/3471f873757ff96edca385e7297d283d9fc3583949bfd91a4c6407f2dc5751bd/diff:/lzcsys/data/system/docker/overlay2/d77bc1d547bccc772bcf78b83bccab9f67b927fb64f1366e1db69dee285c2ed0/diff:/lzcsys/data/system/docker/overlay2/6f90cecd192a9fc4414713e339c66de20b018a74402c65ba786cc93ed098cebe/diff:/lzcsys/data/system/docker/overlay2/18c5c3bd9224c9fec328a9f661f668d439a0945d6c569acafa236bf21dd1eb5d/diff:/lzcsys/data/system/docker/overlay2/429e6caa24b1e20df4f557aefe639cd4dace09d7f7ac3c21b5ae568f65a0ede1/diff:/lzcsys/data/system/docker/overlay2/f252ac1844cf0ebcf0bca790227edad3d343564b1fed75a2b853ef947a69f431/diff:/lzcsys/data/system/docker/overlay2/87c0a974121b7fd93b32f2488fc2085f23cf788855c768c0ca0dcd0a8c65ff08/diff:/lzcsys/data/system/docker/overlay2/773bff02d862638209997a55e6cebf15273a46cce15c090112d01cbbd16e4914/diff",
                "MergedDir": "/lzcsys/data/system/docker/overlay2/1c89c18e06884ff70b2cc82a3946abb493cefccab6379c9270c3f5cd5d15ed5c/merged",
                "UpperDir": "/lzcsys/data/system/docker/overlay2/1c89c18e06884ff70b2cc82a3946abb493cefccab6379c9270c3f5cd5d15ed5c/diff",
                "WorkDir": "/lzcsys/data/system/docker/overlay2/1c89c18e06884ff70b2cc82a3946abb493cefccab6379c9270c3f5cd5d15ed5c/work"
            },
            "Name": "overlay2"
        },
        "RootFS": {
            "Type": "layers",
            "Layers": [
                "sha256:1d46119d249f7719e1820e24a311aa7c453f166f714969cffe89504678eaa447",
                "sha256:719555a13b081583ca7e72d73a241a9d645ac7f9cc091e71a59a20440a68bd80",
                "sha256:bf773f5071520d5506837835680b877584730be9a5fef09561d08edef505aebe",
                "sha256:93945efa8b227b275f052ff615858752bc795063a64da631a0c016bc5771111a",
                "sha256:edeab4709b4d523d601319bc5e8fad4933dfb499f87539b1f19266ab75a6da59",
                "sha256:309bb55dee4d4e34e629832f8f86f97fc607a9a6c896d20f2f46fd5e44bb2dc8",
                "sha256:f87d4ebe27a0b23af78a2ff685d1dfdbc8c208ab960954aa7ad38c0253d4ada1",
                "sha256:f22c636a3a56c73db9aa5741fab94b5fb14363abc6d461ed3806b02cc345da7f",
                "sha256:37187d89f95930a7dbfb408e83c67115dc8ed5c60c10914eb8779f7e7d9c0002",
                "sha256:4c49c257fd4309349daf000f79fc047ee9a1fa8228c9833f127b79321373033a",
                "sha256:1f43babf0bd9c9bb31eafe5b12155aa47a726f6baa4708f2fa18acb163a55142",
                "sha256:d19791a6bb04457ec4b2971a0c97e14954e6fb796f18c539a62f0f482b61d869"
            ]
        },
        "Metadata": {
            "LastTagTime": "0001-01-01T00:00:00Z"
        }
    }
]
