[
    {
        "Id": "sha256:d73543417a537e214c65d9c53269856368e30860a6b79f313a6a817eb0da578a",
        "RepoTags": [
            "registry.lazycat.cloud/ai/intelanalytics/ipex-llm-inference-cpp-xpu:6f5a3b23"
        ],
        "RepoDigests": [
            "registry.lazycat.cloud/ai/intelanalytics/ipex-llm-inference-cpp-xpu@sha256:3f3171092b317e984086f80487cc34977723d94ce5e63a64bdcb6da726fae8ea"
        ],
        "Parent": "",
        "Comment": "buildkit.dockerfile.v0",
        "Created": "2024-12-05T15:40:48.699256774Z",
        "DockerVersion": "",
        "Author": "",
        "Config": {
            "Hostname": "",
            "Domainname": "",
            "User": "",
            "AttachStdin": false,
            "AttachStdout": false,
            "AttachStderr": false,
            "Tty": false,
            "OpenStdin": false,
            "StdinOnce": false,
            "Env": [
                "PATH=/usr/local/sbin:/usr/local/bin:/usr/sbin:/usr/bin:/sbin:/bin"
            ],
            "Cmd": null,
            "Image": "",
            "Volumes": null,
            "WorkingDir": "",
            "Entrypoint": [
                "/usr/bin/bash"
            ],
            "OnBuild": null,
            "Labels": {
                "org.opencontainers.image.ref.name": "ubuntu",
                "org.opencontainers.image.version": "22.04"
            }
        },
        "Architecture": "amd64",
        "Os": "linux",
        "Size": 4797316389,
        "GraphDriver": {
            "Data": {
                "LowerDir": "/lzcsys/data/system/docker/overlay2/c00bad1232a01c52d6a6e0d1359e44669c15c045a4e1dcd20671db87142a8883/diff:/lzcsys/data/system/docker/overlay2/77d6c23a1254eaa42c9d58930ee1ab73ce965f803b543b652cb87c6da0951313/diff:/lzcsys/data/system/docker/overlay2/07fe349153ff0fee1319d52ec92ff6118be350f5cf76626b214d86ef7051f692/diff:/lzcsys/data/system/docker/overlay2/79cdad4f6120fcbdebd99da2c2a495a74646dde70b6be0aff849baa5d02e87ec/diff:/lzcsys/data/system/docker/overlay2/1531d091eb2bbae78bf3c0c60a121c487d8423703f24755b45dc8f4da09667b3/diff:/lzcsys/data/system/docker/overlay2/e71fb88cb1ac9c1d11500481f259bdffd5f6bfdcc3a76a4a49cbde195f81ce56/diff:/lzcsys/data/system/docker/overlay2/2d4b5ad297508915810987114462bd9369717f43be4db6400090dae1a786369f/diff:/lzcsys/data/system/docker/overlay2/c4bb0e37f498f7d27f783b5d9236882b7d29d6a1ee78307124aee9755de46c97/diff:/lzcsys/data/system/docker/overlay2/58661dec1f45e6a4a548cf7bd851f45fcba863a3255e7c4560d775f0824de814/diff:/lzcsys/data/system/docker/overlay2/b4f31e407a1b0ea35c8ae283525e8736e724c23a1f2e47113fbd675ea3162993/diff",
                "MergedDir": "/lzcsys/data/system/docker/overlay2/4ffcd1973896978d60ca2f9e3e7de33eba5312fdff14621118b6cfd517952940/merged",
                "UpperDir": "/lzcsys/data/system/docker/overlay2/4ffcd1973896978d60ca2f9e3e7de33eba5312fdff14621118b6cfd517952940/diff",
                "WorkDir": "/lzcsys/data/system/docker/overlay2/4ffcd1973896978d60ca2f9e3e7de33eba5312fdff14621118b6cfd517952940/work"
            },
            "Name": "overlay2"
        },
        "RootFS": {
            "Type": "layers",
            "Layers": [
                "sha256:2573e0d8158209ed54ab25c87bcdcb00bd3d2539246960a3d592a1c599d70465",
                "sha256:fe3dd695488043bb410a13d2d374795f10d41cd8a350a1211b4e47a1082ed00d",
                "sha256:358daf45dfff2e684b85329c25a2cb5b78e2357f066f1fc91a34652475089eb0",
                "sha256:a50eaa347e911d857a2fe79d74072641a8440b8bdb9eadc9bec4e460c76fd8a9",
                "sha256:376a48ba105f4e33d4c0ff1645585de3c2e7b922fed0fccd4262074ad225eda5",
                "sha256:3c1ad6ebecdc4398f61412d594eda554f03eab8f72cb3c4fe6cadf31651e949d",
                "sha256:909ba562a65adb597e90e7937907e3e2db05fe7bdedd88d76fd2d296105234e5",
                "sha256:b63ca267ffea20181fb796d5006aa42df843f56a09737a61c2776aedf6913d63",
                "sha256:b771f21f85529aef4b82a52b9115ed842a73da7185e2d3e76648c24750842170",
                "sha256:ee6c3a4ff2d3497d77461f432559622c675c56debc09fba6cd4094be1c9bb096",
                "sha256:7b8b03007720451152e524b5a1da1f54dfb3431db3dc49c01a1056cd4f25f076"
            ]
        },
        "Metadata": {
            "LastTagTime": "0001-01-01T00:00:00Z"
        }
    }
]
