[
    {
        "Id": "sha256:11fc999a50826c05412b9175590fcf1c1b5ef6c98a08a872e6af4d2ee1c0b617",
        "RepoTags": [
            "registry.lazycat.cloud/catdogai/caddy-aipod:6c2f94c3"
        ],
        "RepoDigests": [
            "registry.lazycat.cloud/catdogai/caddy-aipod@sha256:b483fcacd071158853574d0b3199f62555ea3c6afd3ff2d1812be0d781b10d47"
        ],
        "Parent": "",
        "Comment": "buildkit.dockerfile.v0",
        "Created": "2025-09-22T15:14:15.877700972+08:00",
        "DockerVersion": "",
        "Author": "",
        "Config": {
            "Hostname": "",
            "Domainname": "",
            "User": "",
            "AttachStdin": false,
            "AttachStdout": false,
            "AttachStderr": false,
            "ExposedPorts": {
                "2019/tcp": {},
                "443/tcp": {},
                "443/udp": {},
                "80/tcp": {}
            },
            "Tty": false,
            "OpenStdin": false,
            "StdinOnce": false,
            "Env": [
                "PATH=/usr/local/sbin:/usr/local/bin:/usr/sbin:/usr/bin:/sbin:/bin",
                "CADDY_VERSION=v2.10.2",
                "XDG_CONFIG_HOME=/config",
                "XDG_DATA_HOME=/data"
            ],
            "Cmd": [
                "caddy",
                "run",
                "--config",
                "/etc/caddy/Caddyfile",
                "--adapter",
                "caddyfile"
            ],
            "Image": "",
            "Volumes": null,
            "WorkingDir": "/srv",
            "Entrypoint": null,
            "OnBuild": null,
            "Labels": {
                "org.opencontainers.image.description": "a powerful, enterprise-ready, open source web server with automatic HTTPS written in Go",
                "org.opencontainers.image.documentation": "https://caddyserver.com/docs",
                "org.opencontainers.image.licenses": "Apache-2.0",
                "org.opencontainers.image.source": "https://github.com/caddyserver/caddy-docker",
                "org.opencontainers.image.title": "Caddy",
                "org.opencontainers.image.url": "https://caddyserver.com",
                "org.opencontainers.image.vendor": "Light Code Labs",
                "org.opencontainers.image.version": "v2.10.2"
            }
        },
        "Architecture": "amd64",
        "Os": "linux",
        "Size": 146808117,
        "GraphDriver": {
            "Data": {
                "LowerDir": "/lzcsys/data/system/docker/overlay2/adbb533947bb77fbeed6a4eb94654c3ea0f6b0ec62909a5844641323be5feedd/diff:/lzcsys/data/system/docker/overlay2/ecfb20fd55f4ffba7e9d3638597d6b36a56811315cbad2782e213cba82403e64/diff:/lzcsys/data/system/docker/overlay2/d71c58e7f880804d705e9c4c727aaffb45972bb29d98df5c9e5dd4bed1c2702b/diff:/lzcsys/data/system/docker/overlay2/2231abda7154e074b53b85cc9816aaa29d031edeef193fc7328d8e4265ff147e/diff:/lzcsys/data/system/docker/overlay2/6972f6d8f45a9b61e94b87582bb5828aabadd54df9b38d0ef5acee318c760deb/diff:/lzcsys/data/system/docker/overlay2/38620462f2ee1364be04cd47e7f0260d1292b232a4272bed4991da039f00174d/diff",
                "MergedDir": "/lzcsys/data/system/docker/overlay2/5953213f4576d293703052d918472a508e4938f598c941d35758476a8a4357e1/merged",
                "UpperDir": "/lzcsys/data/system/docker/overlay2/5953213f4576d293703052d918472a508e4938f598c941d35758476a8a4357e1/diff",
                "WorkDir": "/lzcsys/data/system/docker/overlay2/5953213f4576d293703052d918472a508e4938f598c941d35758476a8a4357e1/work"
            },
            "Name": "overlay2"
        },
        "RootFS": {
            "Type": "layers",
            "Layers": [
                "sha256:418dccb7d85a63a6aa574439840f7a6fa6fd2321b3e2394568a317735e867d35",
                "sha256:169b672c9b2c1411d00cc1d40a17fc89da8c3e67abbf6f0d4bb59d559504f346",
                "sha256:76ca08e846e9cb954ac1a43e1289b66e3d74042220d55f1a8ba3b384ffc142a6",
                "sha256:2cc4cf88520e3685a705b0137e30d5b04edb91495a40523d3efcf29be8478056",
                "sha256:5f70bf18a086007016e948b04aed3b82103a36bea41755b6cddfaf10ace3c6ef",
                "sha256:796a5ee86611d13451b65d74fa6bde2ff863920677db5aa237f696b791b4477a",
                "sha256:40700bc0268b061a09f91e01941136d1777b058ee2dd7fff29f2fc128744a425"
            ]
        },
        "Metadata": {
            "LastTagTime": "0001-01-01T00:00:00Z"
        }
    }
]
