[
    {
        "Id": "sha256:85a3a62b82f042b3f82dd5c97f79bd0f8f2657431d433578604e680f2758203d",
        "RepoTags": [
            "registry.lazycat.cloud/catdogai/backend:20250625"
        ],
        "RepoDigests": [
            "registry.lazycat.cloud/catdogai/backend@sha256:9594d6de88b016043baa31ab9b41079494af2d3ad97bc4b24af3cce19adb2bca"
        ],
        "Parent": "",
        "Comment": "buildkit.dockerfile.v0",
        "Created": "2025-06-25T11:20:54.201307334+08:00",
        "DockerVersion": "",
        "Author": "",
        "Config": {
            "Hostname": "",
            "Domainname": "",
            "User": "",
            "AttachStdin": false,
            "AttachStdout": false,
            "AttachStderr": false,
            "Tty": false,
            "OpenStdin": false,
            "StdinOnce": false,
            "Env": [
                "PATH=/usr/local/bin:/usr/local/sbin:/usr/local/bin:/usr/sbin:/usr/bin:/sbin:/bin",
                "LANG=C.UTF-8",
                "GPG_KEY=7169605F62C751356D054A26A821E680E5FA6305",
                "PYTHON_VERSION=3.12.10",
                "PYTHON_SHA256=07ab697474595e06f06647417d3c7fa97ded07afc1a7e4454c5639919b46eaea"
            ],
            "Cmd": [
                "python3"
            ],
            "Image": "",
            "Volumes": null,
            "WorkingDir": "",
            "Entrypoint": null,
            "OnBuild": null,
            "Labels": null
        },
        "Architecture": "amd64",
        "Os": "linux",
        "Size": 3222218069,
        "GraphDriver": {
            "Data": {
                "LowerDir": "/lzcsys/data/system/docker/overlay2/e4463678cc04f944ab4e639bf8b59af1049d4560bc855015cc9b9a83139deea2/diff:/lzcsys/data/system/docker/overlay2/bd65e30c16c1b20c468a2670847b769aa2a0a55b9c7e92946602b9bcdabc9932/diff:/lzcsys/data/system/docker/overlay2/871f11a5be8bab070b463225023f4f104b90a8c6a809cfaa29147e065c09131a/diff:/lzcsys/data/system/docker/overlay2/6444143b808202cb7d365a5db73720a84bdb7bb7a29b72ac309e0100ece50623/diff:/lzcsys/data/system/docker/overlay2/b958018daa9e4808f8f01e80b0201b44e2cd013ad454e82cb0591a8c290d63de/diff:/lzcsys/data/system/docker/overlay2/f57b020494305fcc157133a4dfe71668c1c7231f828b995fca757e045525f025/diff:/lzcsys/data/system/docker/overlay2/f656af1e12209769f32d434888fdf71887cc5fb3e4c5b80d7b8096dbb53bd75e/diff:/lzcsys/data/system/docker/overlay2/b03609f111a61cf2dd8b37e1c67eff9c4c78d842db431ce6eb8650c93218e845/diff:/lzcsys/data/system/docker/overlay2/68f1911b78803e1835d7422a24e3883e9ed59183191080c3d85cb869e31ec427/diff",
                "MergedDir": "/lzcsys/data/system/docker/overlay2/3583ab9ba93f602e930d778d5d48366c3dbbf4d8433b1ad7b224109b085bbef4/merged",
                "UpperDir": "/lzcsys/data/system/docker/overlay2/3583ab9ba93f602e930d778d5d48366c3dbbf4d8433b1ad7b224109b085bbef4/diff",
                "WorkDir": "/lzcsys/data/system/docker/overlay2/3583ab9ba93f602e930d778d5d48366c3dbbf4d8433b1ad7b224109b085bbef4/work"
            },
            "Name": "overlay2"
        },
        "RootFS": {
            "Type": "layers",
            "Layers": [
                "sha256:f7f2b929d8a55112a2db1bc16fb8731045c9572b84d6dfbbdbd5dc6dd2bd9fe4",
                "sha256:7f0053786e6e2411ce577e795ef6c278601de3faa0817c071801b11a3f83fd0d",
                "sha256:b2bcbd8ebb2be9869ca3198b4c521f18b612b4287ee4b705678d7b85383b71af",
                "sha256:6c7c1b88da61a2ad4efd3cb93b6e31b0937d3f4121050a9d1c4ddd00485c7c68",
                "sha256:68405a3b48fffb94f66fb5779e420a3c75941c43e8f75231a03e37b61c661d2d",
                "sha256:09418520a5f84d72e78e3d83ff80f42b14572856dddb806226e949b3f802cf66",
                "sha256:e9b3f3afe636ef33be417644e7696c3b6c8415c76d8932236dd2a352578ffec9",
                "sha256:bd40ddbf1899f4e999ca29fdebff68cba824d72ac39df33353b3311ddc3111eb",
                "sha256:e44bd1ad562a42e527e9fa123c260b000c045c31d05ea0dc01d66e910e4c4f0b",
                "sha256:801b13840dd2b7744d5112dba8e6b874528b4c910a6f908434f7437370af4ad7"
            ]
        },
        "Metadata": {
            "LastTagTime": "0001-01-01T00:00:00Z"
        }
    }
]
