[
    {
        "Id": "sha256:ca0eb946e2dceb040970373791c9b5e4380f3d7ce1f4b4c7bf9ca747cf63ad0a",
        "RepoTags": [
            "registry.lazycat.cloud/longixaoyi/drizzletime/foxel:07a577ba44512aa2"
        ],
        "RepoDigests": [
            "registry.lazycat.cloud/longixaoyi/drizzletime/foxel@sha256:07a577ba44512aa224b1c7091d15d6654cbc91950f315c028db865eb251b3d3c"
        ],
        "Parent": "",
        "Comment": "buildkit.dockerfile.v0",
        "Created": "2025-11-06T07:58:24.336906008Z",
        "DockerVersion": "",
        "Author": "",
        "Config": {
            "Hostname": "",
            "Domainname": "",
            "User": "",
            "AttachStdin": false,
            "AttachStdout": false,
            "AttachStderr": false,
            "ExposedPorts": {
                "80/tcp": {}
            },
            "Tty": false,
            "OpenStdin": false,
            "StdinOnce": false,
            "Env": [
                "PATH=/usr/local/bin:/usr/local/sbin:/usr/local/bin:/usr/sbin:/usr/bin:/sbin:/bin",
                "GPG_KEY=7169605F62C751356D054A26A821E680E5FA6305",
                "PYTHON_VERSION=3.13.9",
                "PYTHON_SHA256=ed5ef34cda36cfa2f3a340f07cac7e7814f91c7f3c411f6d3562323a866c5c66"
            ],
            "Cmd": [
                "/entrypoint.sh"
            ],
            "ArgsEscaped": true,
            "Image": "",
            "Volumes": null,
            "WorkingDir": "/app",
            "Entrypoint": null,
            "OnBuild": null,
            "Labels": {
                "cloud.lazycat.image.maintainer": "longixaoyi",
                "cloud.lazycat.image.origin_hash": "sha256:c3caba399de4b32921a8236d9539e1b49a42336c794cda3ef33c019dc2774a52",
                "cloud.lazycat.image.origin_image": "ghcr.nju.edu.cn/drizzletime/foxel:latest"
            }
        },
        "Architecture": "amd64",
        "Os": "linux",
        "Size": 1203744209,
        "GraphDriver": {
            "Data": {
                "LowerDir": "/lzcsys/data/system/docker/overlay2/b4c6bcec4209817a946c10300362762607685aee7941c942af70ec3fa0f017bd/diff:/lzcsys/data/system/docker/overlay2/e9e2d4b4873c9fd68edf2e00096eaf8acde02abfb54b937ea82c0445284dff5a/diff:/lzcsys/data/system/docker/overlay2/5a1e1d4b25e7c466f52308501498f98467a08e1e5288e8480f1992b9471b3f57/diff:/lzcsys/data/system/docker/overlay2/d68f31192e0abd061e5ce5a4ca43b5364909815c0f1215983896dba75052e107/diff:/lzcsys/data/system/docker/overlay2/bc4eb778e8f48e6689529174a1c65611134c5a75904e3ae32e9969618b097f36/diff:/lzcsys/data/system/docker/overlay2/dbbe2c198ed5c25f4f4bb0de127a661b1508aba05c4339b62269d8085f38db01/diff:/lzcsys/data/system/docker/overlay2/99d222bf52f3e0a3a33e3890f6af0ece5ab96e3da43bd08477087e22f6279393/diff:/lzcsys/data/system/docker/overlay2/c10e87597b7eea97dd96388c1dead4f77f7482d09c465cff65b1fe56fd436211/diff:/lzcsys/data/system/docker/overlay2/1ae3cc78a1c4b64f751640940a8db28e31b809e31be18095aecb23907ad4470c/diff:/lzcsys/data/system/docker/overlay2/f2d1830f7b63cfffa3cc898403a2269d53411161f540b4e1b3ada388fa0e3bb6/diff:/lzcsys/data/system/docker/overlay2/5e23ce35e3f1d6c777b43de05e0d46b7442ee91f42005e1b31b690c9675b8309/diff:/lzcsys/data/system/docker/overlay2/b44c001a3b8354a9fa75e43f4ca124dc42e33d3aaaf708f834adf724de8a639b/diff:/lzcsys/data/system/docker/overlay2/e9dd36f20ecb41806101c335f79455f401dc5886829d071176c9383f361f38c1/diff:/lzcsys/data/system/docker/overlay2/354411e7d2f8b8069b40c59f74906c380ae1fb3daedb920acae3cf2fce0bdf45/diff:/lzcsys/data/system/docker/overlay2/e6c1f779f8714e9b9a65f161aa245c7bd53a8cd620e1f5b370095712165bfec5/diff",
                "MergedDir": "/lzcsys/data/system/docker/overlay2/0defe3de4d4793ee973f5a37a7336ecb091aafab2b790dbff7cfb44a5d5c00f1/merged",
                "UpperDir": "/lzcsys/data/system/docker/overlay2/0defe3de4d4793ee973f5a37a7336ecb091aafab2b790dbff7cfb44a5d5c00f1/diff",
                "WorkDir": "/lzcsys/data/system/docker/overlay2/0defe3de4d4793ee973f5a37a7336ecb091aafab2b790dbff7cfb44a5d5c00f1/work"
            },
            "Name": "overlay2"
        },
        "RootFS": {
            "Type": "layers",
            "Layers": [
                "sha256:36d06fe0cbc654e5f67d58c960ed33e53127e4a3288d8ce6f6a60a9c311794d4",
                "sha256:c52d478664cf83a02fd6190a06a2c52d1270f96d0c32dacff1ca5adebe5063c9",
                "sha256:6105285e4786f38c5875a48206013f31f4ee8bae353169014654e0b69793b946",
                "sha256:6a98082172d124347e07d486ddc56b0c37dcd146f0de019cda28411b98dd1e86",
                "sha256:c17b44ad304ea78eb9bdfd3546c0a6802d490e7de779a18a80cd44b1c4d52145",
                "sha256:6d33f3564ba57c351e64f996f4f44e68df2bd779fabbe34045864182f80f287d",
                "sha256:c68a8683ccff8c91767030e34d672128c6c65c1eea39b53dc96ed41138f955fe",
                "sha256:3cfbcbbf5434b90297936372be479c60b9900741ff91055702f00936b72d8b8f",
                "sha256:c33db3a7fe3c3002af98ee2d4143209d43745216442f6d8a2d40a5574b3dc76b",
                "sha256:aee9a3c9c56f51e538e2f6778a91e9d694b6dbc5a912d305630154eb50ee31db",
                "sha256:46002b54ca245bb73250a642a34381fd8bf10204d78df8858b30896ad865d7d3",
                "sha256:656e112d42132a8b104f8d8b331aa2c9892b020213495ee41a19cd2e4563c815",
                "sha256:62cf623cbc9969d9db68bc0c71ffae6b085bc43b92b2e63508c737ee1dfbaf36",
                "sha256:586bbc74c4cf43e2b8b15028d21df1505d7791823a1a067826ee50ec785685aa",
                "sha256:0269b2e0759153ccd0e2413c52944a54c73eaa3cbd3143ec836209f9be343cc2",
                "sha256:f9b19aaf9b0cbc5e3fc52fa500dfed74746c13be36972a0114818a26f0ba1a6c"
            ]
        },
        "Metadata": {
            "LastTagTime": "0001-01-01T00:00:00Z"
        }
    }
]
