[
    {
        "Id": "sha256:587c3f878326e5777d845ca50952d51a359503e9e0e0170da393da4b2bb849ea",
        "RepoTags": [
            "registry.lazycat.cloud/square/convert:20250819"
        ],
        "RepoDigests": [
            "registry.lazycat.cloud/square/convert@sha256:79f3de1331dcba1ad3590f1431bf83b93f8b5682d286b43be74683457c3e8109"
        ],
        "Parent": "",
        "Comment": "buildkit.dockerfile.v0",
        "Created": "2025-08-19T18:27:18.536245135+08:00",
        "DockerVersion": "",
        "Author": "",
        "Config": {
            "Hostname": "",
            "Domainname": "",
            "User": "",
            "AttachStdin": false,
            "AttachStdout": false,
            "AttachStderr": false,
            "Tty": false,
            "OpenStdin": false,
            "StdinOnce": false,
            "Env": [
                "PATH=/usr/local/sbin:/usr/local/bin:/usr/sbin:/usr/bin:/sbin:/bin"
            ],
            "Cmd": [
                "/bin/sh"
            ],
            "Image": "",
            "Volumes": null,
            "WorkingDir": "/",
            "Entrypoint": null,
            "OnBuild": null,
            "Labels": null
        },
        "Architecture": "amd64",
        "Os": "linux",
        "Size": 138278052,
        "GraphDriver": {
            "Data": {
                "LowerDir": "/lzcsys/data/system/docker/overlay2/38620462f2ee1364be04cd47e7f0260d1292b232a4272bed4991da039f00174d/diff",
                "MergedDir": "/lzcsys/data/system/docker/overlay2/cdaacd95672bbc88f33a145b30a952179678dbe4597cb52dddc588e9595b085e/merged",
                "UpperDir": "/lzcsys/data/system/docker/overlay2/cdaacd95672bbc88f33a145b30a952179678dbe4597cb52dddc588e9595b085e/diff",
                "WorkDir": "/lzcsys/data/system/docker/overlay2/cdaacd95672bbc88f33a145b30a952179678dbe4597cb52dddc588e9595b085e/work"
            },
            "Name": "overlay2"
        },
        "RootFS": {
            "Type": "layers",
            "Layers": [
                "sha256:418dccb7d85a63a6aa574439840f7a6fa6fd2321b3e2394568a317735e867d35",
                "sha256:0340df62edef58e7cba1e819b289bd876871b31945494606c699bc3f1d803027"
            ]
        },
        "Metadata": {
            "LastTagTime": "0001-01-01T00:00:00Z"
        }
    }
]
