[
    {
        "Id": "sha256:350f153ac3696785f4523defcbd33d85434e141fc402c3c40637dd2bbfb54019",
        "RepoTags": [
            "registry.lazycat.cloud/edward/library/postgres:8f4cf0232cbd1109"
        ],
        "RepoDigests": [
            "registry.lazycat.cloud/edward/library/postgres@sha256:8f4cf0232cbd1109e4c814e11a872f8382b24c36875e9d5c8fe25b1ab2bb0cdb"
        ],
        "Parent": "",
        "Comment": "buildkit.dockerfile.v0",
        "Created": "2025-06-06T18:27:47Z",
        "DockerVersion": "",
        "Author": "",
        "Config": {
            "Hostname": "",
            "Domainname": "",
            "User": "",
            "AttachStdin": false,
            "AttachStdout": false,
            "AttachStderr": false,
            "ExposedPorts": {
                "5432/tcp": {}
            },
            "Tty": false,
            "OpenStdin": false,
            "StdinOnce": false,
            "Env": [
                "PATH=/usr/local/sbin:/usr/local/bin:/usr/sbin:/usr/bin:/sbin:/bin:/usr/lib/postgresql/17/bin",
                "GOSU_VERSION=1.17",
                "LANG=en_US.utf8",
                "PG_MAJOR=17",
                "PG_VERSION=17.5-1.pgdg120+1",
                "PGDATA=/var/lib/postgresql/data"
            ],
            "Cmd": [
                "postgres"
            ],
            "Image": "",
            "Volumes": {
                "/var/lib/postgresql/data": {}
            },
            "WorkingDir": "",
            "Entrypoint": [
                "docker-entrypoint.sh"
            ],
            "OnBuild": null,
            "Labels": {
                "cloud.lazycat.image.maintainer": "Edward",
                "cloud.lazycat.image.origin_hash": "sha256:175211425b3c49fa4239b046bed694b1593b195602632a69b0195f01578683fc",
                "cloud.lazycat.image.origin_image": "postgres:17"
            },
            "StopSignal": "SIGINT"
        },
        "Architecture": "amd64",
        "Os": "linux",
        "Size": 438425417,
        "GraphDriver": {
            "Data": {
                "LowerDir": "/lzcsys/data/system/docker/overlay2/db9b2528ca30fa608dcf141e898ec5a076fcb0b846615f7e53d07e6bba3e8248/diff:/lzcsys/data/system/docker/overlay2/117bf7927c6bd2886439d649fcaa5f29893cde4dbbc6d0b4e64ffc3de7c52938/diff:/lzcsys/data/system/docker/overlay2/9c6b12bf8cf61cbf76677bbd0753b01ef13d452143fab3abca9f093f32000ec0/diff:/lzcsys/data/system/docker/overlay2/290f9ec73acba9a5186b33f8933fd55c07fe50121b193735111c4f3a86ad405f/diff:/lzcsys/data/system/docker/overlay2/d6c63a8f2fb84e10292481c6228dacfe37d578dd79e3766047e375994f6b4abd/diff:/lzcsys/data/system/docker/overlay2/e2432a2efffd7e57c765e9dae59e4b72dda5e28db707e9e6c1414704f3148dfb/diff:/lzcsys/data/system/docker/overlay2/0f8dd83e870c2e39bcf9b999291f519ddc818c18f2c8f2109bdc7bd49caa14b2/diff:/lzcsys/data/system/docker/overlay2/082e4e427d753d2674f60993ce8f2ef02086e6bce231120ada66e6777e97bc31/diff:/lzcsys/data/system/docker/overlay2/202ca189048afff98681325671bee528710328afc87c1208863e612a22ddf981/diff:/lzcsys/data/system/docker/overlay2/13a07bf3522815f2bff6f7ee11e176965069a205377ec1313ec674f178b29d8e/diff:/lzcsys/data/system/docker/overlay2/04272985fd513a4a92497a16acab324f02cadc66f7f7f88f3114d4f9b1ede12d/diff:/lzcsys/data/system/docker/overlay2/4da15262c44600f3bf7780a9f86f51dd304b497f0c9251563bfacc8da92102ed/diff:/lzcsys/data/system/docker/overlay2/2c0bb22c4d51bbfc002d2ee1b069ac89d05dd129d91a13e8c51dcad33073b72b/diff",
                "MergedDir": "/lzcsys/data/system/docker/overlay2/77e664e423a6c1b15158ac2132d75da1755a1a38ac7e378f45f027c1139185bb/merged",
                "UpperDir": "/lzcsys/data/system/docker/overlay2/77e664e423a6c1b15158ac2132d75da1755a1a38ac7e378f45f027c1139185bb/diff",
                "WorkDir": "/lzcsys/data/system/docker/overlay2/77e664e423a6c1b15158ac2132d75da1755a1a38ac7e378f45f027c1139185bb/work"
            },
            "Name": "overlay2"
        },
        "RootFS": {
            "Type": "layers",
            "Layers": [
                "sha256:7cc7fe68eff66f19872441a51938eecc4ad33746d2baa3abc081c1e6fe25988e",
                "sha256:bf168e8d96de6b2321b4c1a2f1a92cef626fc0f799bd7c11ec7f377058bdf9cf",
                "sha256:225e82c9417531d91fd02c3691f902c3d2fc77fe000074d92984934934f3c93e",
                "sha256:355851f35662079a9f621b5cc88d1e84e8914f374a13b34258f685e681b6d789",
                "sha256:51769ad1eaeb68197e8207ff78d8347a42670dc41a22d9b846faf92d222c264a",
                "sha256:aee8bdcf1c88d4530a8e651ec974094b8b0639efece8b62a9a8e0c1395b3cb95",
                "sha256:0efc75ba8fa65b5610ff85ffb644d5a6aee5036c145a3a43a59c9152c6a62c3b",
                "sha256:f6496299669a4188e9dce62f5c63d9f9a41be6a1d5a0915f0e9cd659adfa3713",
                "sha256:f83032ba7173bc6db80d41063c2ee0242e34d1fb40b97958a5c6a4d054ed88eb",
                "sha256:4a0102318d7f037eb441f254a90ff565cb8573235d52030680fd56371386b4ce",
                "sha256:af4e3ef2fba7d349967cf1d7bc785eb4e5c901437e5a464588613bf927b717f6",
                "sha256:5253dc3f84366447bc67b41a99ab50264c4816d7f5e6b0a15e5e870b88337e85",
                "sha256:d4f5cc113c6c988b10119632a80dcb5a6b6d69f598396d1e974c28b4e2e6fb55",
                "sha256:8d34d0bc792a2b4c3124a7bd598276c0a26f3f04c8f31558312f509baff762f2"
            ]
        },
        "Metadata": {
            "LastTagTime": "0001-01-01T00:00:00Z"
        }
    }
]
