[
    {
        "Id": "sha256:f42c21e4d03e9b72bc99764e81ce1b19affca36426a1f03c3e3b5e456cf10d17",
        "RepoTags": [
            "registry.lazycat.cloud/edward/ctwj/urldb-backend:562ae9b70a99ed1e"
        ],
        "RepoDigests": [
            "registry.lazycat.cloud/edward/ctwj/urldb-backend@sha256:562ae9b70a99ed1e0fc6597b294958c913c93a07ce8643231e26e9e93960a05b"
        ],
        "Parent": "",
        "Comment": "buildkit.dockerfile.v0",
        "Created": "2025-08-18T07:52:55.1078746Z",
        "DockerVersion": "",
        "Author": "",
        "Config": {
            "Hostname": "",
            "Domainname": "",
            "User": "",
            "AttachStdin": false,
            "AttachStdout": false,
            "AttachStderr": false,
            "ExposedPorts": {
                "8080/tcp": {}
            },
            "Tty": false,
            "OpenStdin": false,
            "StdinOnce": false,
            "Env": [
                "PATH=/usr/local/sbin:/usr/local/bin:/usr/sbin:/usr/bin:/sbin:/bin",
                "GIN_MODE=release",
                "TZ=Asia/Shanghai"
            ],
            "Cmd": [
                "./main"
            ],
            "ArgsEscaped": true,
            "Image": "",
            "Volumes": null,
            "WorkingDir": "/root/",
            "Entrypoint": null,
            "OnBuild": null,
            "Labels": {
                "cloud.lazycat.image.maintainer": "Edward",
                "cloud.lazycat.image.origin_hash": "sha256:4b44efd1c99e65c41c8a3be13eba6f4c0ddd0f5828a55fdb9ff8503502abb581",
                "cloud.lazycat.image.origin_image": "ctwj/urldb-backend:1.2.3"
            }
        },
        "Architecture": "amd64",
        "Os": "linux",
        "Size": 45968111,
        "GraphDriver": {
            "Data": {
                "LowerDir": "/lzcsys/data/system/docker/overlay2/773292cb0b6960fa3fce589a2c0756e7b3e54f13ddc231e79cefe839eda9b96a/diff:/lzcsys/data/system/docker/overlay2/49ea0072ba543d48142dcaf3d6217219082fa7e245b7265b307b37011d541a2f/diff:/lzcsys/data/system/docker/overlay2/48cb14f26b49dc08a3c54da552b726435d8b2981943f941e3b0f2d96d22285f9/diff:/lzcsys/data/system/docker/overlay2/38620462f2ee1364be04cd47e7f0260d1292b232a4272bed4991da039f00174d/diff",
                "MergedDir": "/lzcsys/data/system/docker/overlay2/d7c3a84f5c658ead322b93debcd5e6d8b81d1a936ed3a9130519ffb71c1dd4f2/merged",
                "UpperDir": "/lzcsys/data/system/docker/overlay2/d7c3a84f5c658ead322b93debcd5e6d8b81d1a936ed3a9130519ffb71c1dd4f2/diff",
                "WorkDir": "/lzcsys/data/system/docker/overlay2/d7c3a84f5c658ead322b93debcd5e6d8b81d1a936ed3a9130519ffb71c1dd4f2/work"
            },
            "Name": "overlay2"
        },
        "RootFS": {
            "Type": "layers",
            "Layers": [
                "sha256:418dccb7d85a63a6aa574439840f7a6fa6fd2321b3e2394568a317735e867d35",
                "sha256:e3e8a01280af930f305faba03356e8d8f305a8b8901a6facee6efd05c94483e1",
                "sha256:5f70bf18a086007016e948b04aed3b82103a36bea41755b6cddfaf10ace3c6ef",
                "sha256:aeb91a2f739b0847e3025607067dcbe07d764705e8ea254ff777c0fbb49344cc",
                "sha256:6ed74b4eea94a02e8d3d75ed48391673886930d9b906037ed01229e88138314e"
            ]
        },
        "Metadata": {
            "LastTagTime": "0001-01-01T00:00:00Z"
        }
    }
]
