[
    {
        "Id": "sha256:63cea5a29f4bda8f5d3e7f8fe475b5b34d02ac1eb40aac8e86f9e6b4be3ffcf3",
        "RepoTags": [
            "registry.lazycat.cloud/longixaoyi/redis:b0fd324311930adb"
        ],
        "RepoDigests": [
            "registry.lazycat.cloud/longixaoyi/redis@sha256:b0fd324311930adb80490e5d0929b42b8e0a1f8f4e2ec7048f3530ca310af611"
        ],
        "Parent": "",
        "Comment": "buildkit.dockerfile.v0",
        "Created": "2025-05-29T16:02:07Z",
        "DockerVersion": "",
        "Author": "",
        "Config": {
            "Hostname": "",
            "Domainname": "",
            "User": "",
            "AttachStdin": false,
            "AttachStdout": false,
            "AttachStderr": false,
            "ExposedPorts": {
                "6379/tcp": {}
            },
            "Tty": false,
            "OpenStdin": false,
            "StdinOnce": false,
            "Env": [
                "PATH=/usr/local/sbin:/usr/local/bin:/usr/sbin:/usr/bin:/sbin:/bin",
                "REDIS_DOWNLOAD_URL=https://github.com/redis/redis/archive/refs/tags/8.0.2.tar.gz",
                "REDIS_DOWNLOAD_SHA=caf3c0069f06fc84c5153bd2a348b204c578de80490c73857bee01d9b5d7401f"
            ],
            "Cmd": [
                "redis-server"
            ],
            "Image": "",
            "Volumes": {
                "/data": {}
            },
            "WorkingDir": "/data",
            "Entrypoint": [
                "docker-entrypoint.sh"
            ],
            "OnBuild": null,
            "Labels": {
                "cloud.lazycat.image.maintainer": "longixaoyi",
                "cloud.lazycat.image.origin_hash": "sha256:62b6b206d9514119fc410baf83ee96314e9f328790fdf934b24ffa88a240bbb3",
                "cloud.lazycat.image.origin_image": "docker.hlmirror.com/redis"
            }
        },
        "Architecture": "amd64",
        "Os": "linux",
        "Size": 127852671,
        "GraphDriver": {
            "Data": {
                "LowerDir": "/lzcsys/data/system/docker/overlay2/e6c02fbbaefb13a05008c473fd97b21e331ae03ed5424d3179361738248eca60/diff:/lzcsys/data/system/docker/overlay2/2708421587b75fc355437dfb4ae9490cc943ba8f85bb33a989cd0ff4c09efb42/diff:/lzcsys/data/system/docker/overlay2/2d1bf42f04d32bf65e047aea44afc1dcebf5d22c250ca749ee9d45e6bac5f4f1/diff:/lzcsys/data/system/docker/overlay2/ea2d44f7796e0f3d8a9cc22425ec29ec5f74de18209092e75481719e3ca088e5/diff:/lzcsys/data/system/docker/overlay2/2e58b21506e29bd70dc838475fc0c498c54e9fca0833de819e9f426cd9263662/diff:/lzcsys/data/system/docker/overlay2/b0e81bd942cfa6369b31a9893c7bc905af42c4fb97e6b097535dc66ceea7f6f9/diff",
                "MergedDir": "/lzcsys/data/system/docker/overlay2/ffa5d5a89d603935fb2c52170848dcd0166be6db8958d192acd56f8abfc53dbf/merged",
                "UpperDir": "/lzcsys/data/system/docker/overlay2/ffa5d5a89d603935fb2c52170848dcd0166be6db8958d192acd56f8abfc53dbf/diff",
                "WorkDir": "/lzcsys/data/system/docker/overlay2/ffa5d5a89d603935fb2c52170848dcd0166be6db8958d192acd56f8abfc53dbf/work"
            },
            "Name": "overlay2"
        },
        "RootFS": {
            "Type": "layers",
            "Layers": [
                "sha256:7fb72a7d1a8e984ccd01277432de660162a547a00de77151518dc9033cfb8cb4",
                "sha256:d9ec53339447f719ded1c47f6199c31e38266bf65623119dda92c976e4a7c93f",
                "sha256:cd84e155597c81f37cfcbfb3f3c1229ead0d6d9e7d62d0d1e6eb60c0143b0bb2",
                "sha256:f95a9acccb157322100b9aaef450d2bc0be45179920ecf65d8ce8093e2662426",
                "sha256:0e2c9c69f53d67978a8e8007f57cdfb5a0a6d14322df5d3965a29843310ada62",
                "sha256:5f70bf18a086007016e948b04aed3b82103a36bea41755b6cddfaf10ace3c6ef",
                "sha256:c452d4fe8f5aa4a0e7afeeefc2dd43551f55877c56fa1b0deff094f7cb195f20"
            ]
        },
        "Metadata": {
            "LastTagTime": "0001-01-01T00:00:00Z"
        }
    }
]
