[
    {
        "Id": "sha256:a3deaaefacaf5151240d155f2cc3fa803bb999fcf51cb0007acc1b0ea4891c3b",
        "RepoTags": [
            "registry.lazycat.cloud/nyanmisaka/jellyfin:250503-amd64"
        ],
        "RepoDigests": [
            "registry.lazycat.cloud/nyanmisaka/jellyfin@sha256:69e5cbb463c1c989390693830371a723ea1e3ac8d668bf798c85306a06ed75e6"
        ],
        "Parent": "",
        "Comment": "buildkit.dockerfile.v0",
        "Created": "2025-05-03T04:29:30.151126603+08:00",
        "DockerVersion": "",
        "Author": "",
        "Config": {
            "Hostname": "",
            "Domainname": "",
            "User": "",
            "AttachStdin": false,
            "AttachStdout": false,
            "AttachStderr": false,
            "ExposedPorts": {
                "8096/tcp": {}
            },
            "Tty": false,
            "OpenStdin": false,
            "StdinOnce": false,
            "Env": [
                "PATH=/usr/local/sbin:/usr/local/bin:/usr/sbin:/usr/bin:/sbin:/bin",
                "HEALTHCHECK_URL=http://localhost:8096/health",
                "DEBIAN_FRONTEND=noninteractive",
                "LC_ALL=en_US.UTF-8",
                "LANG=en_US.UTF-8",
                "LANGUAGE=en_US:en",
                "JELLYFIN_DATA_DIR=/config",
                "JELLYFIN_CACHE_DIR=/cache",
                "JELLYFIN_CONFIG_DIR=/config/config",
                "JELLYFIN_LOG_DIR=/config/log",
                "JELLYFIN_WEB_DIR=/jellyfin/jellyfin-web",
                "JELLYFIN_FFMPEG=/usr/lib/jellyfin-ffmpeg/ffmpeg",
                "XDG_CACHE_HOME=/cache",
                "MALLOC_TRIM_THRESHOLD_=131072",
                "NVIDIA_VISIBLE_DEVICES=all",
                "NVIDIA_DRIVER_CAPABILITIES=compute,video,utility"
            ],
            "Cmd": null,
            "Healthcheck": {
                "Test": [
                    "CMD-SHELL",
                    "curl --noproxy 'localhost' -Lk -fsS \"${HEALTHCHECK_URL}\" || exit 1"
                ],
                "Interval": 30000000000,
                "Timeout": 30000000000,
                "StartPeriod": 10000000000,
                "Retries": 3
            },
            "Image": "",
            "Volumes": {
                "/cache": {},
                "/config": {}
            },
            "WorkingDir": "",
            "Entrypoint": [
                "/jellyfin/jellyfin"
            ],
            "OnBuild": null,
            "Labels": {
                "org.opencontainers.image.description": "The Free Software Media System",
                "org.opencontainers.image.documentation": "https://jellyfin.org/docs/",
                "org.opencontainers.image.source": "https://github.com/jellyfin/jellyfin-packaging",
                "org.opencontainers.image.title": "Jellyfin",
                "org.opencontainers.image.url": "https://jellyfin.org",
                "org.opencontainers.image.version": "250503"
            }
        },
        "Architecture": "amd64",
        "Os": "linux",
        "Size": 1245788913,
        "GraphDriver": {
            "Data": {
                "LowerDir": "/lzcsys/data/system/docker/overlay2/6649f72ee0ccdbd8b8f07573379e2d7960e19a7dca3833c524bca357dded3b55/diff:/lzcsys/data/system/docker/overlay2/16b41142ae3ca6a45dfa29d2682adf616ec3f98b2375c366de2dd5ab4cb1c1e2/diff:/lzcsys/data/system/docker/overlay2/d57d1ee9206164a845fefe4cf03ba748283654d11105118bdc67bc176bbc6e37/diff:/lzcsys/data/system/docker/overlay2/f3a34a64e595b5f2d03625ca407a8fe1a7496348646c0e8237063fdf7f0cd1ff/diff:/lzcsys/data/system/docker/overlay2/52b71eceb8a9e724e59e29ff13c3c0f01462b14db725c1b1a99a8e8517d22cb4/diff:/lzcsys/data/system/docker/overlay2/cdec9f79d54e30f7d4b92228a68017892def7a455a10549ce89e8687813037c0/diff:/lzcsys/data/system/docker/overlay2/3f89436644026484d391e08a401dd5e60183a04a58123ad9b5f7ae90f8b47a56/diff",
                "MergedDir": "/lzcsys/data/system/docker/overlay2/222356441a10fb1318b30b335a0948bde70e3038f8008c76aecb9250822f8da3/merged",
                "UpperDir": "/lzcsys/data/system/docker/overlay2/222356441a10fb1318b30b335a0948bde70e3038f8008c76aecb9250822f8da3/diff",
                "WorkDir": "/lzcsys/data/system/docker/overlay2/222356441a10fb1318b30b335a0948bde70e3038f8008c76aecb9250822f8da3/work"
            },
            "Name": "overlay2"
        },
        "RootFS": {
            "Type": "layers",
            "Layers": [
                "sha256:6c4c763d22d0c5f9b2c5901dfa667fbbc4713cee6869336b8fd5022185071f1c",
                "sha256:5f70bf18a086007016e948b04aed3b82103a36bea41755b6cddfaf10ace3c6ef",
                "sha256:15bababfaacf3c0fb7aec3f3a9551b8e194fccab3f42e601e02e1b8a802e6d41",
                "sha256:7af429f27e64f736ffe1d873ac67b2da8f110c8cdc34364c8b8e567239146cc1",
                "sha256:fe9dfd62dbea53ba35cbac08b2ffd0421be8678b61eb75315622220c8a94ca0a",
                "sha256:6714804e8d519945b9e3868d3bd2e1260171dc565d2fa685b32d7add4320bc38",
                "sha256:ebc78bee32420c1377353d0539ee10f09bfe764ddddd62d666500ebab1cae9c3",
                "sha256:92ef86f831e5841b12959faba301daab66146c7b6df26c7a7542203ae28799e7"
            ]
        },
        "Metadata": {
            "LastTagTime": "0001-01-01T00:00:00Z"
        }
    }
]
