[
    {
        "Id": "sha256:1915fb3e9da77dc4be48f3b7d8c5ec9019419f27b0534b7c4dc2f19dbe6c25aa",
        "RepoTags": [
            "registry.lazycat.cloud/u07919911/jxxghp/moviepilot-v2:cc53cb3a5db6c84a"
        ],
        "RepoDigests": [
            "registry.lazycat.cloud/u07919911/jxxghp/moviepilot-v2@sha256:cc53cb3a5db6c84a2a4f4694bd9422c81b1da653ead74360e32f0d62977603e7"
        ],
        "Parent": "",
        "Comment": "buildkit.dockerfile.v0",
        "Created": "2025-09-19T00:51:19.837393574Z",
        "DockerVersion": "",
        "Author": "",
        "Config": {
            "Hostname": "",
            "Domainname": "",
            "User": "",
            "AttachStdin": false,
            "AttachStdout": false,
            "AttachStderr": false,
            "ExposedPorts": {
                "3000/tcp": {}
            },
            "Tty": false,
            "OpenStdin": false,
            "StdinOnce": false,
            "Env": [
                "PATH=/opt/venv/bin:/usr/local/bin:/usr/local/sbin:/usr/local/bin:/usr/sbin:/usr/bin:/sbin:/bin",
                "LANG=C.UTF-8",
                "GPG_KEY=7169605F62C751356D054A26A821E680E5FA6305",
                "PYTHON_VERSION=3.12.8",
                "PYTHON_SHA256=c909157bb25ec114e5869124cc2a9c4a4d4c1e957ca4ff553f1edc692101154e",
                "TZ=Asia/Shanghai",
                "HOME=/moviepilot",
                "CONFIG_DIR=/config",
                "TERM=xterm",
                "DISPLAY=:987",
                "PUID=0",
                "PGID=0",
                "UMASK=000",
                "VENV_PATH=/opt/venv"
            ],
            "Cmd": null,
            "Image": "",
            "Volumes": {
                "/config": {}
            },
            "WorkingDir": "/app",
            "Entrypoint": [
                "/entrypoint.sh"
            ],
            "OnBuild": null,
            "Labels": {
                "cloud.lazycat.image.maintainer": "u07919911",
                "cloud.lazycat.image.origin_hash": "sha256:1ad14b1b5aa234fcae0a02c4ccc3c6b702ae500d32058a2ea5f7c7e57c0b0b08",
                "cloud.lazycat.image.origin_image": "jxxghp/moviepilot-v2:latest",
                "org.opencontainers.image.created": "2025-09-19T00:50:45.818Z",
                "org.opencontainers.image.description": "NAS媒体库自动化管理工具",
                "org.opencontainers.image.licenses": "GPL-3.0",
                "org.opencontainers.image.revision": "784024fb5dc71dc5e4dee7db0bb18dfd28677321",
                "org.opencontainers.image.source": "https://github.com/jxxghp/MoviePilot",
                "org.opencontainers.image.title": "MoviePilot",
                "org.opencontainers.image.url": "https://github.com/jxxghp/MoviePilot",
                "org.opencontainers.image.version": "2.8.1-1"
            }
        },
        "Architecture": "amd64",
        "Os": "linux",
        "Size": 1279784359,
        "GraphDriver": {
            "Data": {
                "LowerDir": "/lzcsys/data/system/docker/overlay2/a0c01ca3b657dc0ebbc61619eda7c733c1e6ed1db56cb4f79a0ea43a925f9f71/diff:/lzcsys/data/system/docker/overlay2/35fc03427939eef54ef5ac7e28954ba6dad6105ff5957f6d8b324f7ac9f20ef8/diff:/lzcsys/data/system/docker/overlay2/a016e8b05e48e618c51992959123797f47fa2df5425fff49967a7b439122af27/diff:/lzcsys/data/system/docker/overlay2/ee7e794775a97a3212ce07dd2f66af800c77dd1bb60efdd643404da56f434433/diff:/lzcsys/data/system/docker/overlay2/987614a2f1a6411cce49539a39d2a95c68b0b34d3a873383bbdf76f7446c285b/diff:/lzcsys/data/system/docker/overlay2/4865fd628ddf15c2173a19ac77c9165e81aa052b72ac8664db5ec40cf1208ab2/diff:/lzcsys/data/system/docker/overlay2/c13673c8b2a569ae06716f1b3c725dffdfa4479c908cca244c55304ac02bc0ec/diff:/lzcsys/data/system/docker/overlay2/ce00638a4554496320748ace5f7d3afcded6c78adfd993593ae2553abdcdef65/diff:/lzcsys/data/system/docker/overlay2/138b9aa3251d676b8d22ae8601edce564e77b6ebec30f75de8f0446e15845c33/diff:/lzcsys/data/system/docker/overlay2/8d406cd88b3420d914c5256d152a1fdf4cbb24b9e9f50e487b4ec2bded61bfb0/diff",
                "MergedDir": "/lzcsys/data/system/docker/overlay2/555632e98b5dfa7c7efa00af0fc2a0459f3236e188f1bd5b25b6917825fc30d4/merged",
                "UpperDir": "/lzcsys/data/system/docker/overlay2/555632e98b5dfa7c7efa00af0fc2a0459f3236e188f1bd5b25b6917825fc30d4/diff",
                "WorkDir": "/lzcsys/data/system/docker/overlay2/555632e98b5dfa7c7efa00af0fc2a0459f3236e188f1bd5b25b6917825fc30d4/work"
            },
            "Name": "overlay2"
        },
        "RootFS": {
            "Type": "layers",
            "Layers": [
                "sha256:7914c8f600f532b7adbd0b003888e3aa921687d62dbe2f1f829d0ab6234a158a",
                "sha256:46cd1391c75e48c6efe37a2cef3e3e267b0dd5f0c7dd370440b9bf22861bb208",
                "sha256:e6c4c63db83312c93d00e0e6e03ae1392b27d8a93a9270a425a95603ed3170ab",
                "sha256:cc193c810c6eab0be16f4e0ab33f34d93469b9e3040c0b43ec8477905da24f6a",
                "sha256:78499349270eb67f580c83a779617baaefe6417fa4c4838a4dac05276c3c6f7c",
                "sha256:2c9e6576fd04949c260df6f17b8d66946ca24448d1d096753ba0863fce947a06",
                "sha256:ab0a2351ee222c107bf739908b740a67b673c6ba2f91e528ed7f280784f651ab",
                "sha256:1a45edff39b3b13e36c5343b8edf618ceb5b0106a0f5a1ff9ff29d5cf0d39a88",
                "sha256:67f044bc31ec580aa0455c028e58be5651b11c53d26afc1e0eb63a088881587b",
                "sha256:1e768982c409406fc106ddfbeaf2842e7be1d4a4b4153de137bdbae85a4d242d",
                "sha256:cc1e0c525fdbf94b895b593ecd9fcbe011ca1d41dd46a4d038b7bb67ec549f68"
            ]
        },
        "Metadata": {
            "LastTagTime": "0001-01-01T00:00:00Z"
        }
    }
]
