[
    {
        "Id": "sha256:0569a06814fe06d757bbff5db6e731bbce831cc6d5694c29eaabd9408830e6e1",
        "RepoTags": [
            "registry.lazycat.cloud/catdog/amir20/dozzle:e675824d3a7cb863"
        ],
        "RepoDigests": [
            "registry.lazycat.cloud/catdog/amir20/dozzle@sha256:e675824d3a7cb8635f8e2b0e7f0d162aa286651d4af16bfc68825c082f97bab7"
        ],
        "Parent": "",
        "Comment": "buildkit.dockerfile.v0",
        "Created": "2025-04-09T22:24:46.31592355Z",
        "DockerVersion": "",
        "Author": "",
        "Config": {
            "Hostname": "",
            "Domainname": "",
            "User": "",
            "AttachStdin": false,
            "AttachStdout": false,
            "AttachStderr": false,
            "ExposedPorts": {
                "8080/tcp": {}
            },
            "Tty": false,
            "OpenStdin": false,
            "StdinOnce": false,
            "Env": [
                "PATH=/usr/local/sbin:/usr/local/bin:/usr/sbin:/usr/bin:/sbin:/bin"
            ],
            "Cmd": null,
            "Image": "",
            "Volumes": null,
            "WorkingDir": "/",
            "Entrypoint": [
                "/dozzle"
            ],
            "OnBuild": null,
            "Labels": {
                "org.opencontainers.image.created": "2025-04-09T22:22:04.239Z",
                "org.opencontainers.image.description": "Realtime log viewer for docker containers.",
                "org.opencontainers.image.licenses": "MIT",
                "org.opencontainers.image.revision": "6bb3777a641fcbdb3fb76853f4e2c2e656c2046e",
                "org.opencontainers.image.source": "https://github.com/amir20/dozzle",
                "org.opencontainers.image.title": "dozzle",
                "org.opencontainers.image.url": "https://github.com/amir20/dozzle",
                "org.opencontainers.image.version": "v8.12.6"
            }
        },
        "Architecture": "amd64",
        "Os": "linux",
        "Size": 55408189,
        "GraphDriver": {
            "Data": {
                "LowerDir": "/lzcsys/data/system/docker/overlay2/2b841953e4ffe78beed557bf96bda5d17efd1f430ca438902df89b88cd66b73b/diff:/lzcsys/data/system/docker/overlay2/a78600a173fbff155d88e7743f408d68c57084ee6fd28c120172a6d2cf7bf109/diff",
                "MergedDir": "/lzcsys/data/system/docker/overlay2/6ce817244ceef3b5877dfc77a43ea0d5de8d7373227b08b9f66354ba8d218288/merged",
                "UpperDir": "/lzcsys/data/system/docker/overlay2/6ce817244ceef3b5877dfc77a43ea0d5de8d7373227b08b9f66354ba8d218288/diff",
                "WorkDir": "/lzcsys/data/system/docker/overlay2/6ce817244ceef3b5877dfc77a43ea0d5de8d7373227b08b9f66354ba8d218288/work"
            },
            "Name": "overlay2"
        },
        "RootFS": {
            "Type": "layers",
            "Layers": [
                "sha256:7bac70adf6ac815b5a3da1d33aa8f40211c96bb40aa23dd38249250d6ad0801a",
                "sha256:56746088de27ad384a8de6a781fe5577c2e12a9b8777a38462fd0bce289a43a4",
                "sha256:3a83f59a74a4b38f9f25d1b1cce1cad61141b9e02a8aa682a9e4b3ab67220310"
            ]
        },
        "Metadata": {
            "LastTagTime": "0001-01-01T00:00:00Z"
        }
    }
]
