[
    {
        "Id": "sha256:ff4bb8100af052addfe0655fb18b6f048448555b00a477b4be95d6c3099392a0",
        "RepoTags": [
            "registry.lazycat.cloud/u30236593/hotio/radarr:1cbe1311a46c0742"
        ],
        "RepoDigests": [
            "registry.lazycat.cloud/u30236593/hotio/radarr@sha256:1cbe1311a46c0742d6a97b93b891dc1da55f01b2510ee283a662f3b262d03617"
        ],
        "Parent": "",
        "Comment": "buildkit.dockerfile.v0",
        "Created": "2025-07-15T23:27:47.842023068Z",
        "DockerVersion": "",
        "Author": "",
        "Config": {
            "Hostname": "",
            "Domainname": "",
            "User": "",
            "AttachStdin": false,
            "AttachStdout": false,
            "AttachStderr": false,
            "ExposedPorts": {
                "7878/tcp": {}
            },
            "Tty": false,
            "OpenStdin": false,
            "StdinOnce": false,
            "Env": [
                "PATH=/usr/local/sbin:/usr/local/bin:/usr/sbin:/usr/bin:/sbin:/bin",
                "IMAGE_STATS=ewogICJhcHAiOiAicmFkYXJyIiwKICAiaW1hZ2UiOiAiaG90aW8vcmFkYXJyOnJlbGVhc2UiLAogICJyZXZpc2lvbiI6ICIwZmYzY2RmIiwKICAidmVyc2lvbiI6ICI1LjI2LjIuMTAwOTkiCn0K",
                "BUILD_ARCHITECTURE=linux-amd64",
                "APP_DIR=/app",
                "CONFIG_DIR=/config",
                "PUID=1000",
                "PGID=1000",
                "UMASK=002",
                "TZ=Etc/UTC",
                "XDG_CONFIG_HOME=/.config",
                "XDG_CACHE_HOME=/.cache",
                "XDG_DATA_HOME=/.local/share",
                "LANG=en_US.UTF-8",
                "LANGUAGE=en_US:en",
                "LC_ALL=en_US.UTF-8",
                "S6_BEHAVIOUR_IF_STAGE2_FAILS=2",
                "S6_CMD_WAIT_FOR_SERVICES_MAXTIME=0",
                "S6_SERVICES_GRACETIME=180000",
                "S6_STAGE2_HOOK=/etc/s6-overlay/init-hook",
                "VPN_ENABLED=false",
                "VPN_CONF=wg0",
                "VPN_PROVIDER=generic",
                "VPN_LAN_NETWORK=",
                "VPN_LAN_LEAK_ENABLED=false",
                "VPN_EXPOSE_PORTS_ON_LAN=",
                "VPN_AUTO_PORT_FORWARD=true",
                "VPN_AUTO_PORT_FORWARD_TO_PORTS=",
                "VPN_FIREWALL_TYPE=auto",
                "VPN_HEALTHCHECK_ENABLED=false",
                "VPN_NAMESERVERS=",
                "PRIVOXY_ENABLED=false",
                "UNBOUND_ENABLED=false",
                "UNBOUND_NAMESERVERS=",
                "VPN_PIA_USER=",
                "VPN_PIA_PASS=",
                "VPN_PIA_PREFERRED_REGION=",
                "VPN_PIA_DIP_TOKEN=no",
                "VPN_PIA_PORT_FORWARD_PERSIST=false",
                "WEBUI_PORTS=7878/tcp,7878/udp"
            ],
            "Cmd": null,
            "Image": "",
            "Volumes": {
                "/config": {}
            },
            "WorkingDir": "/",
            "Entrypoint": [
                "/init"
            ],
            "OnBuild": null,
            "Labels": {
                "cloud.lazycat.image.maintainer": "u30236593",
                "cloud.lazycat.image.origin_hash": "sha256:7d2f7bc4c8f6c6790f21f4aecc4689e7ef28c881668b983dc6f0e01758cd8443",
                "cloud.lazycat.image.origin_image": "ghcr.io/hotio/radarr",
                "org.opencontainers.image.created": "2025-07-15T23:27:37.000Z",
                "org.opencontainers.image.revision": "0ff3cdf542bd5d81cb3f74eacd65ffedeaba97e9",
                "org.opencontainers.image.source": "https://github.com/hotio/radarr/tree/release",
                "org.opencontainers.image.title": "hotio/radarr:release",
                "org.opencontainers.image.url": "https://hotio.dev/containers/radarr",
                "org.opencontainers.image.vendor": "hotio",
                "org.opencontainers.image.version": "5.26.2.10099"
            }
        },
        "Architecture": "amd64",
        "Os": "linux",
        "Size": 260366576,
        "GraphDriver": {
            "Data": {
                "LowerDir": "/lzcsys/data/system/docker/overlay2/792780b6eca9ad0dc0a8744a70b8bef2b1c8edd389eb79b154d7a7303c30426c/diff:/lzcsys/data/system/docker/overlay2/4acb0c5457944a0a6c27cc44e4f476e73d6ce2272a14ee9682a3e6698f6de4be/diff:/lzcsys/data/system/docker/overlay2/3dd9805be62e5f6eeb08588238cdd4d1e0610808d80b356acf4301ef183d0fb1/diff:/lzcsys/data/system/docker/overlay2/43d28fccedd61809747dd6fa006b72492028d9ad923e7578a28eae2d7fa3d51f/diff:/lzcsys/data/system/docker/overlay2/c6fa655bd399e3ebc788439fafcae3a54c9cb37f5adfe0d3fef7d08f39d04c05/diff:/lzcsys/data/system/docker/overlay2/c599a0979f80ed201a934159371021e2f9c4a79c1dfeb9f2b4e70f3256a92a25/diff:/lzcsys/data/system/docker/overlay2/4e0e4b63354c18dfd36af56bfcbe9c7f9bb577eaa7c110e8db58c1eb6a405638/diff:/lzcsys/data/system/docker/overlay2/38620462f2ee1364be04cd47e7f0260d1292b232a4272bed4991da039f00174d/diff",
                "MergedDir": "/lzcsys/data/system/docker/overlay2/b609698133364aade8dc5a5d31329dfba163d4ce59d0fa373114702592d0f3c0/merged",
                "UpperDir": "/lzcsys/data/system/docker/overlay2/b609698133364aade8dc5a5d31329dfba163d4ce59d0fa373114702592d0f3c0/diff",
                "WorkDir": "/lzcsys/data/system/docker/overlay2/b609698133364aade8dc5a5d31329dfba163d4ce59d0fa373114702592d0f3c0/work"
            },
            "Name": "overlay2"
        },
        "RootFS": {
            "Type": "layers",
            "Layers": [
                "sha256:418dccb7d85a63a6aa574439840f7a6fa6fd2321b3e2394568a317735e867d35",
                "sha256:ad91ab6aa1e7a73b322bf5d3b85be49af70f7846068fe74ffbce142629bbc8d0",
                "sha256:56c22af55234cb7c45dae09353e4ea9994c12074666235cafc81c91fa0e23adb",
                "sha256:e6fe39c28db6b0477805e5fa5ba3a080bb6360d295717674415f7d80c756f7cd",
                "sha256:29d6cf2865fba81011836644665d8ed152cd7875b748e7e44e13dc8bf282e12a",
                "sha256:12b525c23752ad165aaa253bb87602023be4bbfe6641c87bb5f6cb7ae1768ebf",
                "sha256:fc4af7a75afe3c6597c189ad215d03418453ea7c0bfbc39e57ff8a2e81342e9a",
                "sha256:9169e687640eeff2a328158db72f792f53d1d8bf3a17044e340eccacb6494dc4",
                "sha256:3d4b8e1f2fbf894a0aa16194734b51126404f33c4fe8ad197ae7e320baceed45"
            ]
        },
        "Metadata": {
            "LastTagTime": "0001-01-01T00:00:00Z"
        }
    }
]
