[
    {
        "Id": "sha256:bcedb59ec1d4e38109cc7b6c008595aedf2d113d497c564d3baf88fa00a83fcd",
        "RepoTags": [
            "registry.lazycat.cloud/v2raya:0.0.4"
        ],
        "RepoDigests": [
            "registry.lazycat.cloud/v2raya@sha256:5921b4696c6790af81a8af87053206faf4b363a107de1ed6f0eefe776163c861"
        ],
        "Parent": "",
        "Comment": "buildkit.dockerfile.v0",
        "Created": "2024-11-14T18:02:03.625181368+08:00",
        "DockerVersion": "",
        "Author": "",
        "Config": {
            "Hostname": "",
            "Domainname": "",
            "User": "",
            "AttachStdin": false,
            "AttachStdout": false,
            "AttachStderr": false,
            "ExposedPorts": {
                "2017/tcp": {}
            },
            "Tty": false,
            "OpenStdin": false,
            "StdinOnce": false,
            "Env": [
                "PATH=/usr/local/sbin:/usr/local/bin:/usr/sbin:/usr/bin:/sbin:/bin"
            ],
            "Cmd": null,
            "Image": "",
            "Volumes": {
                "/etc/v2raya": {}
            },
            "WorkingDir": "/",
            "Entrypoint": [
                "v2raya"
            ],
            "OnBuild": null,
            "Labels": null
        },
        "Architecture": "amd64",
        "Os": "linux",
        "Size": 131478561,
        "GraphDriver": {
            "Data": {
                "LowerDir": "/lzcsys/data/system/docker/overlay2/c4a2c63bb7902496e3f6d5794fa6e82dcafce8f31fd44a3f789824d1609e03b2/diff:/lzcsys/data/system/docker/overlay2/aca69daab089e060d32149e759d4fa07fe02481f91932f8733bbf821454a7629/diff:/lzcsys/data/system/docker/overlay2/272b69755c1bcf4915371c24e553dbe483f9a911a7809ceeeb00d1a2c6dbb3b7/diff:/lzcsys/data/system/docker/overlay2/fdf1502d5f014840ad70a11ddef796950da060816f08d1d4accb397b636ca579/diff:/lzcsys/data/system/docker/overlay2/dde2ce9e6e6ed696f0a9424d684df247e3c5e4f59712459a81c1faf6a60b319e/diff:/lzcsys/data/system/docker/overlay2/dfc036796732ae9f92da0a8e41192aa7173b5dad4e631f3408c5c0053bc955bb/diff",
                "MergedDir": "/lzcsys/data/system/docker/overlay2/2abd08808f67e88cac249827fb0010818255fa77bf4fab12a89e5e0100cf27e0/merged",
                "UpperDir": "/lzcsys/data/system/docker/overlay2/2abd08808f67e88cac249827fb0010818255fa77bf4fab12a89e5e0100cf27e0/diff",
                "WorkDir": "/lzcsys/data/system/docker/overlay2/2abd08808f67e88cac249827fb0010818255fa77bf4fab12a89e5e0100cf27e0/work"
            },
            "Name": "overlay2"
        },
        "RootFS": {
            "Type": "layers",
            "Layers": [
                "sha256:63ca1fbb43ae5034640e5e6cb3e083e05c290072c5366fcaa9d62435a4cced85",
                "sha256:e9c0a44382ef932db7c0ce05c428659ae1edf53c0de27fb1fe9323d96d7939ba",
                "sha256:7693cf72f619f8b32c4d1e7fa37f04027e3129b86ee2a6beea84a417b37d2cd8",
                "sha256:4ce313b7d5dbda624c9dd6799daa6caf556821259df1fa42d95d37c0b1dce651",
                "sha256:22f68e51615f0ce412e3c08bc687d06711d3189e3aece863f877668a0e1d8ab9",
                "sha256:fb1737a4c292f34c81b77218456eabc15e1b2bcd85033e6076d3d463f77ed7f5",
                "sha256:975fb75bc143307f9d46fe37e5147a58a75efaf806e8e77b57cd879c429a984e"
            ]
        },
        "Metadata": {
            "LastTagTime": "0001-01-01T00:00:00Z"
        }
    }
]
