[
    {
        "Id": "sha256:95410fa6a6b4b7f73f3ea526a51a2029f4e264280c0be6ed6dbd67b7fc2220a0",
        "RepoTags": [
            "registry.lazycat.cloud/official/glzjinglzjin-lzc/lzcapphelper:bd75664476624664"
        ],
        "RepoDigests": [
            "registry.lazycat.cloud/official/glzjinglzjin-lzc/lzcapphelper@sha256:bd7566447662466432859a26e544bac0f847da3d977cb86cf142d40dc6aa9717"
        ],
        "Parent": "",
        "Comment": "buildkit.dockerfile.v0",
        "Created": "2025-02-15T03:24:03.951810027Z",
        "DockerVersion": "",
        "Author": "",
        "Config": {
            "Hostname": "",
            "Domainname": "",
            "User": "",
            "AttachStdin": false,
            "AttachStdout": false,
            "AttachStderr": false,
            "ExposedPorts": {
                "80/tcp": {}
            },
            "Tty": false,
            "OpenStdin": false,
            "StdinOnce": false,
            "Env": [
                "PATH=/usr/local/sbin:/usr/local/bin:/usr/sbin:/usr/bin:/sbin:/bin",
                "NGINX_VERSION=1.27.3",
                "PKG_RELEASE=1",
                "DYNPKG_RELEASE=1",
                "NJS_VERSION=0.8.7",
                "NJS_RELEASE=1"
            ],
            "Cmd": [
                "nginx",
                "-g",
                "daemon off;"
            ],
            "Image": "",
            "Volumes": null,
            "WorkingDir": "/",
            "Entrypoint": [
                "/docker-entrypoint.sh"
            ],
            "OnBuild": null,
            "Labels": {
                "cloud.lazycat.image.maintainer": "official",
                "cloud.lazycat.image.origin_hash": "sha256:265fc0728920aa9661a540eb2bb398a8f4da4029ad941264e0f2929a7779c39b",
                "cloud.lazycat.image.origin_image": "crpi-3y0s0ug8uy5x8vwi.cn-hangzhou.personal.cr.aliyuncs.com/glzjinglzjin-lzc/lzcapphelper:10f2ed5f635aa5bf594dea636cf25914",
                "maintainer": "NGINX Docker Maintainers <docker-maint@nginx.com>"
            },
            "StopSignal": "SIGQUIT"
        },
        "Architecture": "amd64",
        "Os": "linux",
        "Size": 47048705,
        "GraphDriver": {
            "Data": {
                "LowerDir": "/lzcsys/data/system/docker/overlay2/1d9f187e92f0976a8250585ebef12f58a0010d54050a3b9b37e7df8d6b3be9da/diff:/lzcsys/data/system/docker/overlay2/4358a4e8e5709cd6045351c94384989da8171beff675057cad01ecf552b68449/diff:/lzcsys/data/system/docker/overlay2/f99c77395198b5938b9a31233a25f8a5db17555c5f1e6124243ec270844d912d/diff:/lzcsys/data/system/docker/overlay2/49df001d30f7c3109a12d2370eefc2f2730d19c498956ea97626e82e2c746062/diff:/lzcsys/data/system/docker/overlay2/d6bad4920479684e5bee2638f9d435fcf6606ec5cb53ddf8df31acddde7571f1/diff:/lzcsys/data/system/docker/overlay2/f0d164ea0733a0c5ca70e96a2353e7841c86194809e50e96557074e123c6eacf/diff:/lzcsys/data/system/docker/overlay2/cc672805d5588291c4968b4cd9bc88882f86203b8b62a0f46dd8239d802da86d/diff:/lzcsys/data/system/docker/overlay2/ac7efe1ecc72c52f4ff755343a5005dbf12c85f165afd5204b881e9390996aac/diff:/lzcsys/data/system/docker/overlay2/067bf9ad7346a2c04318a472f03fae2681d95a79d74f0066b1885882c4600a7a/diff",
                "MergedDir": "/lzcsys/data/system/docker/overlay2/da72b8bf24385e22893e2f10896514d2a4b2d876f31768f332ef010cb1b25b8c/merged",
                "UpperDir": "/lzcsys/data/system/docker/overlay2/da72b8bf24385e22893e2f10896514d2a4b2d876f31768f332ef010cb1b25b8c/diff",
                "WorkDir": "/lzcsys/data/system/docker/overlay2/da72b8bf24385e22893e2f10896514d2a4b2d876f31768f332ef010cb1b25b8c/work"
            },
            "Name": "overlay2"
        },
        "RootFS": {
            "Type": "layers",
            "Layers": [
                "sha256:ce5a8cde9eeef09160653b9c3d14f0c1c0e2900033476a5f2a9fc950161c0eb2",
                "sha256:a8903c9578e96e9b12e1c95bc063a17121501fd3d4eb86d93153b9e0030cb64f",
                "sha256:fd5f65a144eff5b0b6d81873afab888eb3e542810ee99405c737a78f3f78a510",
                "sha256:598e577f3a2384aa74182a192a710eabf7c61b0d8283f0f2737e40b9d4083683",
                "sha256:59a5cb944b91cd9f63a76f3878813b00266e4fe720886dfb8c1127cc4fb876ea",
                "sha256:9aa22afcf27f93024385cc52c6618f7ea2d01d871a9da2d98785acf54ca1f311",
                "sha256:23625999797d3a120bc0d83b859e7d1ec8d9b6939103fe4bfa35bcda08bde20a",
                "sha256:5a760029e979b26ccc3120770832af64f1a0f6c9f3735bafc98e512607485b63",
                "sha256:10bb050033376b43c14208e028d770e9d1f0ec4eca20e6232a907b41850350ce",
                "sha256:a232c31dad58766554b07c5bd114ce74c7d9b5f4a1623f7db486132a470c8625"
            ]
        },
        "Metadata": {
            "LastTagTime": "0001-01-01T00:00:00Z"
        }
    }
]
