[
    {
        "Id": "sha256:7f3c1956b0aaf8947b2cb8f99e17995463e50bae33733242647dc88d3c75bede",
        "RepoTags": [
            "registry.lazycat.cloud/edward/buru2020/one-mcp:e35aecbd7bcd50eb"
        ],
        "RepoDigests": [
            "registry.lazycat.cloud/edward/buru2020/one-mcp@sha256:e35aecbd7bcd50eb1483f6fa231fbb413e1e79f930b85bafd87ba62879da446f"
        ],
        "Parent": "",
        "Comment": "buildkit.dockerfile.v0",
        "Created": "2025-07-20T16:43:04.564090047Z",
        "DockerVersion": "",
        "Author": "",
        "Config": {
            "Hostname": "",
            "Domainname": "",
            "User": "",
            "AttachStdin": false,
            "AttachStdout": false,
            "AttachStderr": false,
            "ExposedPorts": {
                "3000/tcp": {}
            },
            "Tty": false,
            "OpenStdin": false,
            "StdinOnce": false,
            "Env": [
                "PATH=/usr/local/sbin:/usr/local/bin:/usr/sbin:/usr/bin:/sbin:/bin",
                "UV_TOOL_BIN_DIR=/usr/local/bin",
                "PORT=3000",
                "SQLITE_PATH=/data/one-mcp.db"
            ],
            "Cmd": null,
            "ArgsEscaped": true,
            "Image": "",
            "Volumes": null,
            "WorkingDir": "/data",
            "Entrypoint": [
                "/one-mcp"
            ],
            "OnBuild": null,
            "Labels": {
                "cloud.lazycat.image.maintainer": "Edward",
                "cloud.lazycat.image.origin_hash": "sha256:ec7cc12a653ba65821eb1a6c173417e88ca4d0a7e12f8ece2c3abfb73ff89bf3",
                "cloud.lazycat.image.origin_image": "docker.io/buru2020/one-mcp:latest",
                "org.opencontainers.image.created": "2025-07-17T22:30:33.356Z",
                "org.opencontainers.image.description": "An extremely fast Python package and project manager, written in Rust.",
                "org.opencontainers.image.licenses": "Apache-2.0",
                "org.opencontainers.image.revision": "0b23572941e271086485227f7c2b5c440062660f",
                "org.opencontainers.image.source": "https://github.com/astral-sh/uv",
                "org.opencontainers.image.title": "uv",
                "org.opencontainers.image.url": "https://github.com/astral-sh/uv",
                "org.opencontainers.image.version": "0.8.0-alpine3.21"
            }
        },
        "Architecture": "amd64",
        "Os": "linux",
        "Size": 198609586,
        "GraphDriver": {
            "Data": {
                "LowerDir": "/lzcsys/data/system/docker/overlay2/2e8afc818b9e94e648527777a6f51674d86f22fe2ce045fb0329bb66cf7df87c/diff:/lzcsys/data/system/docker/overlay2/a517b11866d55af7856dc0112a082e4bf924218f48049b4790e9d340a9c2873e/diff:/lzcsys/data/system/docker/overlay2/2c5a5389c5f98d3abb195a9d923c69327d65442a7b761fe9e6b5cf2476f3bb9f/diff:/lzcsys/data/system/docker/overlay2/63826eaff4d89df33aedddbdbb4dbb2b090511244a119e733d467210582467ba/diff:/lzcsys/data/system/docker/overlay2/a9b175d1dfb16db7a43c98d44fe3765e056bb38dab15bd875f7fe361baa596c0/diff:/lzcsys/data/system/docker/overlay2/de7f5b1ef433910e5ba2a2fe26a62345680b896e0c46d17d7254107cb5a18641/diff",
                "MergedDir": "/lzcsys/data/system/docker/overlay2/ba1fdff864575e3aa6a30be1a545a23bebd5e5944d367cf7af3a1a34a0899bac/merged",
                "UpperDir": "/lzcsys/data/system/docker/overlay2/ba1fdff864575e3aa6a30be1a545a23bebd5e5944d367cf7af3a1a34a0899bac/diff",
                "WorkDir": "/lzcsys/data/system/docker/overlay2/ba1fdff864575e3aa6a30be1a545a23bebd5e5944d367cf7af3a1a34a0899bac/work"
            },
            "Name": "overlay2"
        },
        "RootFS": {
            "Type": "layers",
            "Layers": [
                "sha256:7003d23cc2176ec98ba2f8b3b4b9b5f144ef370e39bfcf6275a92b5064bc9261",
                "sha256:056a5fb30bdd02d03c764191034ffd608fdd6485e6ea11c85d158e8aa8e80de6",
                "sha256:4e99e7e28dd3c8129cf6b1dff10a106c3b749124f4b627e9eeb596d26cc44df9",
                "sha256:f6e1956a72fce1aab2ed41bf8a8d6d3a3ad456f8da69391e65c88d15b1fe5234",
                "sha256:430320d94b7b00d7a43353ad14e11d559f066dcdc35d0874fb7b5050a1da00af",
                "sha256:49ec34e1a1fca22b773ad42d23fc2b87ed0ed2b03fd75a9606d094c59dd6153b",
                "sha256:5f70bf18a086007016e948b04aed3b82103a36bea41755b6cddfaf10ace3c6ef"
            ]
        },
        "Metadata": {
            "LastTagTime": "0001-01-01T00:00:00Z"
        }
    }
]
