[
    {
        "Id": "sha256:a4d7f5123ef52c9dd8758ed392e061be810efc805a930661d75344fbaf21367b",
        "RepoTags": [
            "registry.lazycat.cloud/lzc-im-all-in-one:0.3.25"
        ],
        "RepoDigests": [
            "registry.lazycat.cloud/lzc-im-all-in-one@sha256:8d8e83724792d2e20ee188185259fb6d18d15c9145e1964cefece13bcadfdc0f"
        ],
        "Parent": "",
        "Comment": "buildkit.dockerfile.v0",
        "Created": "2025-10-28T10:49:28.628435055+08:00",
        "DockerVersion": "",
        "Author": "",
        "Config": {
            "Hostname": "",
            "Domainname": "",
            "User": "lazycat",
            "AttachStdin": false,
            "AttachStdout": false,
            "AttachStderr": false,
            "ExposedPorts": {
                "4901/tcp": {},
                "5901/tcp": {},
                "6901/tcp": {}
            },
            "Tty": false,
            "OpenStdin": false,
            "StdinOnce": false,
            "Env": [
                "PATH=/usr/local/sbin:/usr/local/bin:/usr/sbin:/usr/bin:/sbin:/bin",
                "AUDIO_PORT=4901",
                "DEBIAN_FRONTEND=noninteractive",
                "DISPLAY=:1",
                "DISTRO=debian",
                "GOMP_SPINCOUNT=0",
                "HOME=/home/lazycat",
                "INST_SCRIPTS=/ubuntu/install/tools/install_tools_deluxe.sh                   /ubuntu/install/misc/install_tools.sh                   /ubuntu/install/chromium/install_chromium.sh                   /ubuntu/install/cleanup/cleanup.sh",
                "KASMVNC_AUTO_RECOVER=true",
                "KASM_VNC_PATH=/usr/share/kasmvnc",
                "LANG=en_US.UTF-8",
                "LANGUAGE=en_US:en",
                "LC_ALL=en_US.UTF-8",
                "LD_LIBRARY_PATH=/usr/lib/x86_64-linux-gnu:/usr/lib/i386-linux-gnu:/usr/local/nvidia/lib:/usr/local/nvidia/lib64",
                "MAX_FRAME_RATE=24",
                "NO_VNC_PORT=6901",
                "NVIDIA_DRIVER_CAPABILITIES=graphics,compat32,utility",
                "OMP_WAIT_POLICY=PASSIVE",
                "PULSE_RUNTIME_PATH=/var/run/pulse",
                "SDL_GAMECONTROLLERCONFIG=030000005e040000be02000014010000,XInput Controller,platform:Linux,a:b0,b:b1,x:b2,y:b3,back:b8,guide:b16,start:b9,leftstick:b10,rightstick:b11,leftshoulder:b4,rightshoulder:b5,dpup:b12,dpdown:b13,dpleft:b14,dpright:b15,leftx:a0,lefty:a1,rightx:a2,righty:a3,lefttrigger:b6,righttrigger:b7",
                "SHELL=/bin/bash",
                "START_PULSEAUDIO=1",
                "STARTUPDIR=/dockerstartup",
                "START_XFCE4=1",
                "TERM=xterm",
                "VNC_COL_DEPTH=24",
                "VNCOPTIONS=-PreferBandwidth -disableBasicAuth -FrameRate=60 -DLP_ClipDelay=0 -sslOnly=0",
                "VNC_PORT=5901",
                "VNC_PW=lazycat",
                "VNC_RESOLUTION=1280x720",
                "VNC_VIEW_ONLY_PW=vncviewonlypassword",
                "TZ=Etc/UTC",
                "SKIP_CLEAN=true",
                "KASM_RX_HOME=/dockerstartup/kasmrx",
                "DONT_PROMPT_WSL_INSTALL=No_Prompt_please",
                "INST_DIR=/dockerstartup/install"
            ],
            "Cmd": [
                "--tail-log"
            ],
            "ArgsEscaped": true,
            "Image": "",
            "Volumes": null,
            "WorkingDir": "/home/lazycat",
            "Entrypoint": [
                "/dockerstartup/kasm_default_profile.sh",
                "/dockerstartup/vnc_startup.sh",
                "/dockerstartup/kasm_startup.sh"
            ],
            "OnBuild": null,
            "Labels": {
                "com.kasmweb.gpu_acceleration_egl": "nvidia",
                "com.kasmweb.image": "true",
                "org.opencontainers.image.authors": "Kasm Tech \"info@kasmweb.com\""
            }
        },
        "Architecture": "amd64",
        "Os": "linux",
        "Size": 5000501247,
        "GraphDriver": {
            "Data": {
                "LowerDir": "/lzcsys/data/system/docker/overlay2/72fbf7e211e0ada42d9d7d07ceb8f43ea4d54cb17725b8d15045635f03eb17a9/diff:/lzcsys/data/system/docker/overlay2/cab852fcdb2e1e72ff0f06368a61f5599175b8a8bdd9f01291eadadd287564a2/diff:/lzcsys/data/system/docker/overlay2/5d35d475dc49653fe71f546b239fd31c9d91aa99fab0414fe603eda433924fa0/diff:/lzcsys/data/system/docker/overlay2/8147ea7f311c8ecb0c69fd87e80a84e809a596277a059e81b55311154ae1f00e/diff:/lzcsys/data/system/docker/overlay2/2e0b803b3fb352e895f32e990b9c697d94e00afb5359d1e9f258d79bcc1efdd6/diff:/lzcsys/data/system/docker/overlay2/ea8c09ca736a25c192b4a4467364c55d81e17b2ae12093c14c084635bb0c344f/diff:/lzcsys/data/system/docker/overlay2/821a3095ede3f4fc50d59e894d4b5159d2c08b52979b3d95ce678cbf872705c8/diff:/lzcsys/data/system/docker/overlay2/46dfc68ce9feeaac673083f441a055af52c2c8d76bda4521e1945a36fa2c552e/diff:/lzcsys/data/system/docker/overlay2/54234eaf3f8d9ccfc36ca9f3064ad0506d70bdf3ebce4b783d11a01bafd460db/diff:/lzcsys/data/system/docker/overlay2/aa017246bcafe39234138ce695d0bf0754f12808b20ad7a46a3c8f0f6aaa202a/diff:/lzcsys/data/system/docker/overlay2/a3fcd428fe0e0fc20dc68503a6e95e0b71a8d22473c400b1fc52eccfc6bdb316/diff:/lzcsys/data/system/docker/overlay2/de4e657187488304aa8765db96b3eaeb194f6349f87a2066086f2d877e21a7e8/diff:/lzcsys/data/system/docker/overlay2/000d38bf0897297e69bc03c547cba9f92371a5bb08e57d22c5fbc4c26afca106/diff:/lzcsys/data/system/docker/overlay2/d05ab6bbe92eec4dccb4d40efe140589090c2248284a7ed0278fcf73775d8f0b/diff:/lzcsys/data/system/docker/overlay2/dca1ed677e494e547a2572fb04e84083922731abf21456a8936778c00d9b4308/diff:/lzcsys/data/system/docker/overlay2/e1d0da4171e7872e641234ba0a7d28f6d44324abfeb08234b859d35d9b5047c0/diff:/lzcsys/data/system/docker/overlay2/59c935944a3e7de4700edde38d2f129245c5a50d45199969598a5bb00fe8356a/diff:/lzcsys/data/system/docker/overlay2/bec23605fa3d4e2736df1656675b38892ae41a913c33e95415685b0d363c0c34/diff:/lzcsys/data/system/docker/overlay2/d0a8a38f1e2006aacd2c4db5ea78958bace54e48f8771a231f52c289d3f672e5/diff:/lzcsys/data/system/docker/overlay2/9d8f37845d0537d4517609e087c98e4c8c10670523d9fdff4b7848f760246aa9/diff:/lzcsys/data/system/docker/overlay2/cb5441b31cba3abd6a68c5df07d1263bd3b8a9f658c1fd7a974220f4063c86ea/diff:/lzcsys/data/system/docker/overlay2/d124c952ae73b4a8139473f29027ccc733dd13b849961bbffe780e45113fee81/diff:/lzcsys/data/system/docker/overlay2/08b6942c59b70f36d9e9816de7e626293a833fec12119037cc1d880f787fa66d/diff:/lzcsys/data/system/docker/overlay2/8cc279dfaba7f236750c55b0e6eea702464e84a88024490edb721cd859582d36/diff:/lzcsys/data/system/docker/overlay2/64346383e36f026d679f99a749c0740a0211249c51ffbb1cece01dcd6335b552/diff",
                "MergedDir": "/lzcsys/data/system/docker/overlay2/b134c7aaa982ce2c25c4a7e85a14755fede21664884fb74e96af5e7193ffc1ea/merged",
                "UpperDir": "/lzcsys/data/system/docker/overlay2/b134c7aaa982ce2c25c4a7e85a14755fede21664884fb74e96af5e7193ffc1ea/diff",
                "WorkDir": "/lzcsys/data/system/docker/overlay2/b134c7aaa982ce2c25c4a7e85a14755fede21664884fb74e96af5e7193ffc1ea/work"
            },
            "Name": "overlay2"
        },
        "RootFS": {
            "Type": "layers",
            "Layers": [
                "sha256:991393e4646255bccded88480ff0850dde1cfbedcd6a14fa3d33af7c11b4c153",
                "sha256:5f70bf18a086007016e948b04aed3b82103a36bea41755b6cddfaf10ace3c6ef",
                "sha256:5f70bf18a086007016e948b04aed3b82103a36bea41755b6cddfaf10ace3c6ef",
                "sha256:8fe3b1a492a1f5026e93bb78e43173c9a3926d3683d07c414575d60fd5b20c8c",
                "sha256:7656b0b00765dea7ef673075e7dcbed306800212c67a46f102ebdb59388c09fc",
                "sha256:860051a054b38f3be8f55297cb906331d5dbd25b3c73f48a553e32097732db5f",
                "sha256:0065475cd0b95ade4f14a5ffbf66824597cd58cfd8310adf43cd6c13c21ba510",
                "sha256:7a64b23eee730f4bbb01d5b21b9efe50c06379bff9df5485f4cba05b7c781e44",
                "sha256:1b9cad957cf686cca6d5e6080db50b99316cc7cc9087907a478915cd6138e1fd",
                "sha256:5f70bf18a086007016e948b04aed3b82103a36bea41755b6cddfaf10ace3c6ef",
                "sha256:cc1dbb99ea1a482ba09f7b50b9fcac08ba2a007a2c7f96c1a64d24f5805d28fb",
                "sha256:d0eab9ff1d50224255eb57b2429b525694182533200eb55705d1017f4452dbfe",
                "sha256:078d71d000f984287bcc573111ab47e8b4330a3fbe19fd73260f81370361d48e",
                "sha256:5f70bf18a086007016e948b04aed3b82103a36bea41755b6cddfaf10ace3c6ef",
                "sha256:2a8c02fa82f206ce2989a3b49b0a958e8007d4f2c92b4997eec51b214a4e0523",
                "sha256:68808df9e4bde1e920246e70934945f6f9243a37a92e66391a17a2e5ae9bdcb6",
                "sha256:2e33290ff4802edb4402190d7413b1044a7221b05f31e63612f109c471642b8e",
                "sha256:cb48ec0f16b39d8f49b5577a70d99013b9b52990c2ac01c54ca2174bfd6430e9",
                "sha256:f13b53d58b5ae6abe9b17c515f1b3e753da51ce1eddb500094c21c9974891f17",
                "sha256:16a68c46fd1f5dea7863551511dfccaf4f4f1d691e1421b8234f4e6c5510ab39",
                "sha256:568ff85fbe7f8407348b6b1625348eff4610549eddb9c9fe6c9828000b7231be",
                "sha256:c81074b8b9f22d71b4215ec83a5f7ad522ea3d1863301906afc14a6c25f1fac1",
                "sha256:320db8e03581cbfe81fd69f2220192eca4ad060cd444c0639c386b23ba7b224a",
                "sha256:14aae6ee5cb132323a263ae1dd528d46e364de783b0ac1e54801bf84c9a921f2",
                "sha256:5f70bf18a086007016e948b04aed3b82103a36bea41755b6cddfaf10ace3c6ef",
                "sha256:19e317b5025736a0a61bcd79bca35d28434e383b899407300a77ef86acc75542"
            ]
        },
        "Metadata": {
            "LastTagTime": "0001-01-01T00:00:00Z"
        }
    }
]
