[
    {
        "Id": "sha256:2b5b21d6266c2d66b927bb85d693e6b9613db3d197207891b49af87ea8e090c4",
        "RepoTags": [
            "registry.lazycat.cloud/edward/ghostfolio/ghostfolio:318b1d13ab3c25bd"
        ],
        "RepoDigests": [
            "registry.lazycat.cloud/edward/ghostfolio/ghostfolio@sha256:318b1d13ab3c25bd7b98b55765fffba49c84813c43b9b9e1972f61cbd14a3307"
        ],
        "Parent": "",
        "Comment": "buildkit.dockerfile.v0",
        "Created": "2025-07-26T15:49:24.264563113Z",
        "DockerVersion": "",
        "Author": "",
        "Config": {
            "Hostname": "",
            "Domainname": "",
            "User": "node",
            "AttachStdin": false,
            "AttachStdout": false,
            "AttachStderr": false,
            "ExposedPorts": {
                "3333/tcp": {}
            },
            "Tty": false,
            "OpenStdin": false,
            "StdinOnce": false,
            "Env": [
                "PATH=/usr/local/sbin:/usr/local/bin:/usr/sbin:/usr/bin:/sbin:/bin",
                "NODE_VERSION=22.17.1",
                "YARN_VERSION=1.22.22",
                "NODE_ENV=production"
            ],
            "Cmd": [
                "/ghostfolio/entrypoint.sh"
            ],
            "ArgsEscaped": true,
            "Image": "",
            "Volumes": null,
            "WorkingDir": "/ghostfolio/apps/api",
            "Entrypoint": [
                "docker-entrypoint.sh"
            ],
            "OnBuild": null,
            "Labels": {
                "cloud.lazycat.image.maintainer": "Edward",
                "cloud.lazycat.image.origin_hash": "sha256:e74c992f9887c92dc024f7c54cb31ca6af445e05f5762c48abcb2a5e39a7dc16",
                "cloud.lazycat.image.origin_image": "ghostfolio/ghostfolio:latest",
                "org.opencontainers.image.source": "https://github.com/ghostfolio/ghostfolio"
            }
        },
        "Architecture": "amd64",
        "Os": "linux",
        "Size": 740184908,
        "GraphDriver": {
            "Data": {
                "LowerDir": "/lzcsys/data/system/docker/overlay2/9f10a1dd04d386303c6c24eb842d9f523a613e51c04a375d4d998c53da2bd32a/diff:/lzcsys/data/system/docker/overlay2/6fdf12e778d7a85ac559dcd14d80276a81b4134c0556e43bbd0350843ba3497b/diff:/lzcsys/data/system/docker/overlay2/81b316e102135cfd17681c9911f5d67df99aca24a095860e5dfd4f627ce7a9eb/diff:/lzcsys/data/system/docker/overlay2/b28d04423afbb67ce6e6cd29996c037a74f3c27f1b951d67d2b62f7fac3340fe/diff:/lzcsys/data/system/docker/overlay2/20da604a30e5bbb82814ea2ef19902374a60933d02d58d3a5f40eb6c6f17d739/diff:/lzcsys/data/system/docker/overlay2/5ac382c5c94be151aa2e7803166278de2d68207331504f32efde0d77b38437a5/diff:/lzcsys/data/system/docker/overlay2/55f9d323ef650c480ff961e1b46616ed0a81ddc03c84bde03ac9587238b2663d/diff:/lzcsys/data/system/docker/overlay2/2c0bb22c4d51bbfc002d2ee1b069ac89d05dd129d91a13e8c51dcad33073b72b/diff",
                "MergedDir": "/lzcsys/data/system/docker/overlay2/1a2e2cf0a39985edc6e45220dbfccccbaa8c754af81f7a86626953cf71bec337/merged",
                "UpperDir": "/lzcsys/data/system/docker/overlay2/1a2e2cf0a39985edc6e45220dbfccccbaa8c754af81f7a86626953cf71bec337/diff",
                "WorkDir": "/lzcsys/data/system/docker/overlay2/1a2e2cf0a39985edc6e45220dbfccccbaa8c754af81f7a86626953cf71bec337/work"
            },
            "Name": "overlay2"
        },
        "RootFS": {
            "Type": "layers",
            "Layers": [
                "sha256:7cc7fe68eff66f19872441a51938eecc4ad33746d2baa3abc081c1e6fe25988e",
                "sha256:6c4b8a9cc401c2e8965c44940e285fd5b3bd5efa10f1047cd4e5bb36c84a37bc",
                "sha256:f7fcc2e3657daf1c47d7b66c5f15616024fb82962d7d0d934a584a1feec36a88",
                "sha256:e6dfc20da42ae75f0e4368b7aa8b0379b91ef369090c75b0c3a830be3423f099",
                "sha256:1645b51ce0e2f969c24eb3608cd85179bfae549561ab3482073cfe5209f5db2f",
                "sha256:73d6f0898dc9d21cf344bf10b7a8d34d30d1beb33f7309ab432003cf57696550",
                "sha256:5aec3b8026402c770f4d34e23a8b71895be117e21367e96adcfb8c4050b3cd33",
                "sha256:769c119e66c1d05c2b299897ea0141aedd7bc59d566b3563eacb75369678be10",
                "sha256:5f70bf18a086007016e948b04aed3b82103a36bea41755b6cddfaf10ace3c6ef"
            ]
        },
        "Metadata": {
            "LastTagTime": "0001-01-01T00:00:00Z"
        }
    }
]
