[
    {
        "Id": "sha256:56307138544844230b1956957e4700d0186b001c1d56028fec19ab2daf6770eb",
        "RepoTags": [
            "registry.lazycat.cloud/tx1ee/library/postgres:555494fe13a011d8"
        ],
        "RepoDigests": [
            "registry.lazycat.cloud/tx1ee/library/postgres@sha256:555494fe13a011d802ae049b050e09cdb7e8297425aed30884a7961c05af7f0f"
        ],
        "Parent": "",
        "Comment": "buildkit.dockerfile.v0",
        "Created": "2025-02-27T00:53:12Z",
        "DockerVersion": "",
        "Author": "",
        "Config": {
            "Hostname": "",
            "Domainname": "",
            "User": "",
            "AttachStdin": false,
            "AttachStdout": false,
            "AttachStderr": false,
            "ExposedPorts": {
                "5432/tcp": {}
            },
            "Tty": false,
            "OpenStdin": false,
            "StdinOnce": false,
            "Env": [
                "PATH=/usr/local/sbin:/usr/local/bin:/usr/sbin:/usr/bin:/sbin:/bin:/usr/lib/postgresql/17/bin",
                "GOSU_VERSION=1.17",
                "LANG=en_US.utf8",
                "PG_MAJOR=17",
                "PG_VERSION=17.4-1.pgdg120+2",
                "PGDATA=/var/lib/postgresql/data"
            ],
            "Cmd": [
                "postgres"
            ],
            "Image": "",
            "Volumes": {
                "/var/lib/postgresql/data": {}
            },
            "WorkingDir": "",
            "Entrypoint": [
                "docker-entrypoint.sh"
            ],
            "OnBuild": null,
            "Labels": null,
            "StopSignal": "SIGINT"
        },
        "Architecture": "amd64",
        "Os": "linux",
        "Size": 438352964,
        "GraphDriver": {
            "Data": {
                "LowerDir": "/lzcsys/data/system/docker/overlay2/cf792ba6300bee30170122227f7e94ee5202d5a1411216f276f57196ee1b9c54/diff:/lzcsys/data/system/docker/overlay2/c71e4326b982e47e51de04703a7c1c3e23b6efc007e256e9385cd6aef70e6db9/diff:/lzcsys/data/system/docker/overlay2/1299a2fd78d54c35c64186c05529d218843f1e683432c2a1f450af202803abd3/diff:/lzcsys/data/system/docker/overlay2/e384a07c886fac0294f824acb48d919da00d05ec23fe5fe39f5fe4e09eeb4ebc/diff:/lzcsys/data/system/docker/overlay2/90eb286f3db4340d30449bc1197819a8aa698cc44b134f892bf9666f007db1c0/diff:/lzcsys/data/system/docker/overlay2/f02cf84119c20b809bbf3cd4c091a8cdcbd224da21844262a17c1444166912ac/diff:/lzcsys/data/system/docker/overlay2/bd8dd0d9c8ad680a772af32c4517ef84f9ead42937a9d749782141f978d7204c/diff:/lzcsys/data/system/docker/overlay2/bf9637da3f7f8239545e7036f94f94ac3f4f509b6ef024bacd4ac3e83050d1cd/diff:/lzcsys/data/system/docker/overlay2/9b542a6bc87bf1b486e480702b71c252104f227d57d22b4cbe9068b1df420359/diff:/lzcsys/data/system/docker/overlay2/e6c96c6a3501400720ea16065821aa6083cf868469bb7b7e3251c1322d9abbae/diff:/lzcsys/data/system/docker/overlay2/2349ece93d90fef9783545c4b2507cf034ca30125b6986deea0bb8cfa53c2210/diff:/lzcsys/data/system/docker/overlay2/3e5c5ea8871ba64ed34fd8c4f94aa18e1447f714cb73cb8bae15af2eecd4dee2/diff:/lzcsys/data/system/docker/overlay2/8e3c815a0d639357b1ae64961dce5824ab7be906061d978e7a8ed1427fd276a4/diff",
                "MergedDir": "/lzcsys/data/system/docker/overlay2/e610f3ceb3e1a2d7ebe1428f1439ac883ff5d2ff12f0c639add45c7ffa3e3615/merged",
                "UpperDir": "/lzcsys/data/system/docker/overlay2/e610f3ceb3e1a2d7ebe1428f1439ac883ff5d2ff12f0c639add45c7ffa3e3615/diff",
                "WorkDir": "/lzcsys/data/system/docker/overlay2/e610f3ceb3e1a2d7ebe1428f1439ac883ff5d2ff12f0c639add45c7ffa3e3615/work"
            },
            "Name": "overlay2"
        },
        "RootFS": {
            "Type": "layers",
            "Layers": [
                "sha256:5f1ee22ffb5e68686db3dcb6584eb1c73b5570615b0f14fabb070b96117e351d",
                "sha256:3c04cb9ff02c6c4bdfe8db594459d289e669ce66f3f203a5470e4d3516f76592",
                "sha256:bd18c1e8eb7e020509ef1b3c9b5037151b472f506a73a40bcd2bde4b7c9eb188",
                "sha256:e6baa0ab6778db9ce834d9896a44ddfb8c8bf58db1e2f72fa586979e259e9656",
                "sha256:71f99d4f7173d862d78257097a5342198fa553c6adb1988d79381d790467cec8",
                "sha256:126d48de206b295e337c215240024cecd05d5f4a4fdeebfc3e0b519710c07b44",
                "sha256:9e9d54ed2c047c0474c8bbedc37184e1e32bf1368c364fce9f5b43621ed3f4e2",
                "sha256:01db82d51f033dc87288301ef6c872a54db6d00d9fd4a6ebbdb2a853a2fc79b4",
                "sha256:bbaaffb6d84d032cf486a040ddb229e72e2c4275f83087068db60acaaab3d074",
                "sha256:58249b8964bc97c19a681ef5a819c0561f69a43b86956a4e1893559a52ffbaac",
                "sha256:4989beab085a4b421354228aa3fe8c93dd3ec5fbdfe3c5c3b9aaf1d15f92e79b",
                "sha256:193f400e52301a94cfe540086980a4fe526baf78d871c30bc60f7da0575b38cb",
                "sha256:28385f3653a9a94984ee13d45133471a651dd2e35332f783a05096423630d0fc",
                "sha256:c38925e186f08575d1e6588aaf082ace4a7d109a326861ede153fe84ae7856b8"
            ]
        },
        "Metadata": {
            "LastTagTime": "0001-01-01T00:00:00Z"
        }
    }
]
