[
    {
        "Id": "sha256:c138b5108df5be24ac86431b3f7390e6d94a8ce8ecaac5bc283e6e8613105672",
        "RepoTags": [
            "registry.lazycat.cloud/lzc/lzc-files:v0.1.55"
        ],
        "RepoDigests": [
            "registry.lazycat.cloud/lzc/lzc-files@sha256:e6cbc18ca97a4b9603e92e724922720e2868cbad53e8cdf6b09d534448c2d3a7"
        ],
        "Parent": "",
        "Comment": "buildkit.dockerfile.v0",
        "Created": "2025-09-01T13:19:29.037562255+08:00",
        "DockerVersion": "",
        "Author": "",
        "Config": {
            "Hostname": "",
            "Domainname": "",
            "User": "",
            "AttachStdin": false,
            "AttachStdout": false,
            "AttachStderr": false,
            "Tty": false,
            "OpenStdin": false,
            "StdinOnce": false,
            "Env": [
                "PATH=/usr/local/sbin:/usr/local/bin:/usr/sbin:/usr/bin:/sbin:/bin",
                "DEBIAN_FRONTEND=noninteractive",
                "LC_ALL=zh_CN.UTF-8",
                "HOME=/lzcapp/cache"
            ],
            "Cmd": null,
            "Image": "",
            "Volumes": null,
            "WorkingDir": "",
            "Entrypoint": [
                "/bin/sh"
            ],
            "OnBuild": null,
            "Labels": null
        },
        "Architecture": "amd64",
        "Os": "linux",
        "Size": 1991408144,
        "GraphDriver": {
            "Data": {
                "LowerDir": "/lzcsys/data/system/docker/overlay2/85bcabf8b3a170f105721c995dd83f50d8d333583fa7d5c4f145f82735329acc/diff:/lzcsys/data/system/docker/overlay2/2c6b7779dc2360655bf0efa24df85e58b8ff963ce0ec4b4636889fccfd0e66bf/diff:/lzcsys/data/system/docker/overlay2/85d16901c8ac138bbfd0a18155c240fd08cb445509635e759ba05bcc23e3d6af/diff:/lzcsys/data/system/docker/overlay2/3f24c5daa6f32f2e7caedbd708d6e26db07a1ec9d2618b72f4eabd0f1b1e07be/diff:/lzcsys/data/system/docker/overlay2/6f6d7e08eed82d6441a73277bcac4c51bcb8c9628afcb6062289fe6ba45bf69c/diff:/lzcsys/data/system/docker/overlay2/eb56cb3c47d6a9945445982431fff094e91814c88481eaa055bfc4fce43c10a4/diff:/lzcsys/data/system/docker/overlay2/e88a8a6e4c66828e887aa1e1b37d275e4e17d78d3bb88c90321c6db3a72bde3e/diff:/lzcsys/data/system/docker/overlay2/cb2f763ed83f8b88b7cc5776ce43909f220d9d7e48c89f0a0d5d3ddaeeaf3f27/diff:/lzcsys/data/system/docker/overlay2/9aefdfb04e57b51aa9e6a8923d5bbcf847dd913d3a6b3ca80cd68c8c53b6a81b/diff:/lzcsys/data/system/docker/overlay2/2ece027c44410da6ef213b35c1b863d7cd0bd942fddb674b5de8e9574876f172/diff:/lzcsys/data/system/docker/overlay2/cab6361182e033b3b83a1b3c5ebc2feef48f40bd7ed563f2c28a96063ea92c0f/diff:/lzcsys/data/system/docker/overlay2/2b5c3d806e70648c8ba8e52802aa5ecd0150b8cf1ef1931bb3205a92806c4ebe/diff:/lzcsys/data/system/docker/overlay2/c2366974125328468d83d9c585616b8ca5abe621387d2772509a1bf8e0c798fd/diff:/lzcsys/data/system/docker/overlay2/3ddcab8ff69a1c0e022229ceba6611930580a773a4d27fe2a95b46a205893460/diff:/lzcsys/data/system/docker/overlay2/72a83b5a511a55a7d2e6555d83c8e6375016d71960e3708497874e18fe5fc428/diff:/lzcsys/data/system/docker/overlay2/373e68755b73378430973f195bd03169846feb3a8125aa86c524eb1b6120eb19/diff:/lzcsys/data/system/docker/overlay2/f7b692b9f0236f12f6897be3e2f2087944257e2e5bb80f74a46feb9134936f51/diff:/lzcsys/data/system/docker/overlay2/11ee6657b0686a6d5ba9285e5b78cc73865611a37f12c6bcbd2ec82afc34feca/diff:/lzcsys/data/system/docker/overlay2/bbb6c69684e3b54661d839b7ce2cf3680e3d4ec4065d0c080659c6aad177c51d/diff:/lzcsys/data/system/docker/overlay2/6de3a832b2576a372b7698f95e9d5ced3283d4bdb7668e47f7e3c514265cd786/diff:/lzcsys/data/system/docker/overlay2/d3441a46e118a7d3ea25451eb9960bd6c7751b1a80610d58f936e07634d3b7e2/diff:/lzcsys/data/system/docker/overlay2/10a934692e881bd0a3d82e1f76be7a1c7d95f66b693f20a0007b9dca5b18d7f8/diff",
                "MergedDir": "/lzcsys/data/system/docker/overlay2/928c95f827aab8f62f1ad5b82b8f0c83bc539bf50e5607054cc3a76af3ceb623/merged",
                "UpperDir": "/lzcsys/data/system/docker/overlay2/928c95f827aab8f62f1ad5b82b8f0c83bc539bf50e5607054cc3a76af3ceb623/diff",
                "WorkDir": "/lzcsys/data/system/docker/overlay2/928c95f827aab8f62f1ad5b82b8f0c83bc539bf50e5607054cc3a76af3ceb623/work"
            },
            "Name": "overlay2"
        },
        "RootFS": {
            "Type": "layers",
            "Layers": [
                "sha256:eb5f13bce9936c760b9fa73aeb1b608787daa36106cc888104132e353ed37252",
                "sha256:72afcd13d3d3335688f8041c6e7ccc2b5d9fdc5dddbccaf661abe231791c631c",
                "sha256:cdc13b1ac512be78cddd6d0365e14d4fdbf8f6872453f83c2562eab4c4674a72",
                "sha256:20d8134e80816cc0427eb3ebbd5a219e2aba809c45c749426461ee9b46f38a7d",
                "sha256:80b6e48f09df5dc1ac7c7e06665e5fb8e454ee725c68d76d1e340d0c8e829a4c",
                "sha256:d397bdcd750a6aac7e7ff9acc5aa82ce2bc2eab1e9c10efe9eeadf3865f13dc6",
                "sha256:31ed82c6c7fc117e7d850e2003a3be2946de22d4fd55ca948ec2fff84691d5b1",
                "sha256:104582f75dfa5918fd350f683161cc8f60c99fdae80f4b99f258b64dd23f5e95",
                "sha256:5981a7f3d76e10e6994afb5ba0a28a3cb542583de6568c0c66991399d0a9afe1",
                "sha256:5a65321c359060252183be8d4fcb44a1394c7baf1e6c7b936218f8ce44d9456e",
                "sha256:0f10b9d0a74ff3d80151ad987650bae644e73e8704af720059815a389317b0d3",
                "sha256:5fc2f4f32f04b18f33a04ebc8e1a3fc062da82eb6e86ecd4f1e6b6a8154b8948",
                "sha256:5f70bf18a086007016e948b04aed3b82103a36bea41755b6cddfaf10ace3c6ef",
                "sha256:e8adae7a50ee077527dd0a951ca9034e35173e473a2714adc101096c20b1251b",
                "sha256:c49b51798bb814dad541b048715fbd5bc84ae99c4fdac4b2b4de92ee29943cdf",
                "sha256:593974006aef840c13d0901b5879d911ef7b5c9019c05c82e9d44d6779b6a042",
                "sha256:152d9f41a9e5af05f11f7da45df53eb9aee348d885512fe80460e460f277f2c0",
                "sha256:4032eb033fdae9ba0b71481e86e76e9b8eb00417f0a545add19a65889f6e3a69",
                "sha256:958d0a9e7e936d819b25674063f6ca376d5dabee7f10bf74fc7caebf93f4ef10",
                "sha256:689447d14b611579588426403591fae276de2b752d3ee2b6f238d30e75abd3f1",
                "sha256:d141c214897eb947dfef6d1e763af3c1b247ff86f5a2d93627aa2d319e7ca93d",
                "sha256:3746f0901725261178e3b28de115fa9bd792aa770ca38a024e29e89868b88e72",
                "sha256:75aed78f020eb0ffa8b0fc07d6c643b6fc986aaabd92625272de4e72325943b7"
            ]
        },
        "Metadata": {
            "LastTagTime": "0001-01-01T00:00:00Z"
        }
    }
]
