[
    {
        "Id": "sha256:83f319a6a40345991410e688897dc6ab3e157678d8ea844137c27bfab2cad6f4",
        "RepoTags": [
            "registry.lazycat.cloud/catdogai/postgres:17.4-1-pgvectorscale-20250422"
        ],
        "RepoDigests": [
            "registry.lazycat.cloud/catdogai/postgres@sha256:a83bd0b5c2583cbccebbc63c694019638b71923b83e706224c75f70510151ae9"
        ],
        "Parent": "",
        "Comment": "",
        "Created": "2025-04-22T09:06:05.19766723Z",
        "DockerVersion": "27.5.1",
        "Author": "",
        "Config": {
            "Hostname": "",
            "Domainname": "",
            "User": "",
            "AttachStdin": false,
            "AttachStdout": false,
            "AttachStderr": false,
            "ExposedPorts": {
                "5432/tcp": {}
            },
            "Tty": false,
            "OpenStdin": false,
            "StdinOnce": false,
            "Env": [
                "PATH=/usr/local/sbin:/usr/local/bin:/usr/sbin:/usr/bin:/sbin:/bin:/usr/lib/postgresql/17/bin",
                "GOSU_VERSION=1.17",
                "LANG=en_US.utf8",
                "PG_MAJOR=17",
                "PG_VERSION=17.4-1.pgdg120+2",
                "PGDATA=/var/lib/postgresql/data"
            ],
            "Cmd": [
                "postgres"
            ],
            "Image": "sha256:99cb4dcf271e95cbba510b078fa2c1960e155e10edb80f3912efb0bf6108618e",
            "Volumes": {
                "/var/lib/postgresql/data": {}
            },
            "WorkingDir": "",
            "Entrypoint": [
                "docker-entrypoint.sh"
            ],
            "OnBuild": null,
            "Labels": null,
            "StopSignal": "SIGINT"
        },
        "Architecture": "amd64",
        "Os": "linux",
        "Size": 440995210,
        "GraphDriver": {
            "Data": {
                "LowerDir": "/lzcsys/data/system/docker/overlay2/b75c2b7e0dffb442c0b67b612b7e40c7b7129437785e7b640d974777560da18f/diff:/lzcsys/data/system/docker/overlay2/da42ae374813032adc9db96c63c9f4597e8b9a6df70a77d33aa37e6b209437ae/diff:/lzcsys/data/system/docker/overlay2/0eb4aeafe75ab68a801d0169cc2f914a6c70fc6c250b6cfd8ae3aa96e6e6676c/diff:/lzcsys/data/system/docker/overlay2/0c1d78873eec6080a518f65011dbdffe509ab601dfcff4f437f504e5c56e1184/diff:/lzcsys/data/system/docker/overlay2/ff173ed263430187ba99ee9ef862bc76e0f23d2ebe63f41e6e14f25290687415/diff:/lzcsys/data/system/docker/overlay2/d79e366d8302d744e25ada31b1f200b75f36664e29f1cea79252f2db8dcc3b72/diff:/lzcsys/data/system/docker/overlay2/85073c578308d3758d6c58f2d926da52ff47554309e920951f28adf26ba60787/diff:/lzcsys/data/system/docker/overlay2/36d70d6a0e85d1b275e2d74824162db2f6c9e6fd9e27b46bd5209a18e196a97d/diff:/lzcsys/data/system/docker/overlay2/b8e2e645559b9221b481329a9070389bbe637c9cf8f9a96701f33dd5173c4a11/diff:/lzcsys/data/system/docker/overlay2/e41146ae0e3c305cedd14ad3b40b29926f749c488b915796c8e3cc313d446e66/diff:/lzcsys/data/system/docker/overlay2/217af39f6fe83e2cd9c831bb70fead5154d1be394f987b3f1a79111ebf1f00e2/diff:/lzcsys/data/system/docker/overlay2/f1a7aabe188f4a3c3ce97bac8d2c98ae62891365038368d6c2e83c8fe8b03917/diff:/lzcsys/data/system/docker/overlay2/aa6ca84a60a303cf8c3d2a236e505fd41476546d7bad65763e86408002775dc2/diff:/lzcsys/data/system/docker/overlay2/6675e2e91729830b28f86c606c3910a38b1dad004cc0ac07a8193e6f11d558ef/diff:/lzcsys/data/system/docker/overlay2/4862ae8878ffd0da4e0c7aa8f0d0bda0134af104a3d53c57cc32aa9cab156cde/diff:/lzcsys/data/system/docker/overlay2/e2102f006eda8d62e6246e39ab7f18d5f8dc27ae6bd975d9564b9d2de85d51a8/diff:/lzcsys/data/system/docker/overlay2/610a1db3f96f5a3348525cffa2ca024fca9f340497eead8dcd23567c40ab46fd/diff:/lzcsys/data/system/docker/overlay2/0a61441d9b290606af750a4629e54afcf13dff759c4996cbc72964d24ea0c8dc/diff:/lzcsys/data/system/docker/overlay2/e1e3a3e592970599ff9a498d6ea06be8b536d123d75b8dd43b16cfb2c5fc09a7/diff",
                "MergedDir": "/lzcsys/data/system/docker/overlay2/f1208e205c77771d04f77e92741ccbee78072f5cac8b32cd3d295d396ae4e448/merged",
                "UpperDir": "/lzcsys/data/system/docker/overlay2/f1208e205c77771d04f77e92741ccbee78072f5cac8b32cd3d295d396ae4e448/diff",
                "WorkDir": "/lzcsys/data/system/docker/overlay2/f1208e205c77771d04f77e92741ccbee78072f5cac8b32cd3d295d396ae4e448/work"
            },
            "Name": "overlay2"
        },
        "RootFS": {
            "Type": "layers",
            "Layers": [
                "sha256:ea680fbff095473bb8a6c867938d6d851e11ef0c177fce983ccc83440172bd72",
                "sha256:f176843a935e0975a8f03d07a145284baeeb63e84d2512537a37f3b1d52c3b29",
                "sha256:862238bb2be47e9cb13f3f5240485e4af80514da2a26e1f43357ad643300f64e",
                "sha256:f747a30e880f275c2dabe0fb6605e3704c59ba444ccdb86c066b48b651ab5879",
                "sha256:635fb3176498a1fe063ef2a1885f81f620117cecaad4c22650e82cac4ce25f0a",
                "sha256:6f710ddc9374073d9c983452535bf33f375091151d5e300de999dc671012cbea",
                "sha256:f830447537abea08f3b7a16359e0f9479a5b04d4ab010adb7fb848bf82a93087",
                "sha256:717e08d7d953068aefd48c70eb28d1be5d67f5618c32ceff50eae284de027973",
                "sha256:b4d84475de44b478a164b3fefce0b88ba5b0a434b4f0b86cfe1082d6139f20b5",
                "sha256:0d669016763db2713eeed6a019dccf1aaea2c67320eaf2143c8f56a58df93fbf",
                "sha256:03ab6c80a339f76bfd74c0d29ed9a00cc64f0fa0db4f926c72af63329f632b53",
                "sha256:1da9f465413d16a93996271a5fdcda4789936a2b311f1ae27069bc97cdb48b3c",
                "sha256:b860bbb68b82ba6fd32c06ae465a0c960bb0a5fd075fd99b7e9104fd65d51044",
                "sha256:79f3c1176f8202946d43c84bcda40dd7763b230839815e65b5632148d1a44716",
                "sha256:170b392245d6f59c5466f33b6fc7d9dfc42ad05152b7711fcf62915735fbb3c1",
                "sha256:ab23c07a8d6ba4e74c2f4f168433b477d43a221ba5a52ae26cb083ecde5ed31e",
                "sha256:a668adb6992d866f43ffbd1aac12ca2aabe600861290f7a71dbe7854df102138",
                "sha256:e2af7842feb9686999622e11bbf0d84f5e4da352a934a09962ab2c705fe4a325",
                "sha256:48b04498e5ef425eb5de90a5731dd576be075de540dde1fdc00a05f992613491",
                "sha256:8df00b283b69f4bd1510ac7f96f82a0266f8bd1fce5df38da3a392978bc39fd7"
            ]
        },
        "Metadata": {
            "LastTagTime": "0001-01-01T00:00:00Z"
        }
    }
]
