[
    {
        "Id": "sha256:ac2eace4ae0dca49e1e6217ae78d231ed56ecc771c2eac410c48f7943eb59918",
        "RepoTags": [
            "registry.lazycat.cloud/lzc-files/forwarder:e4649cd"
        ],
        "RepoDigests": [
            "registry.lazycat.cloud/lzc-files/forwarder@sha256:2bb7a214212f94ec85416c54fcb6401178e3594c0779e81c14bc33c00bfe9515"
        ],
        "Parent": "",
        "Comment": "buildkit.dockerfile.v0",
        "Created": "2025-10-24T11:55:31.273909017+08:00",
        "DockerVersion": "",
        "Author": "",
        "Config": {
            "Hostname": "",
            "Domainname": "",
            "User": "",
            "AttachStdin": false,
            "AttachStdout": false,
            "AttachStderr": false,
            "Tty": false,
            "OpenStdin": false,
            "StdinOnce": false,
            "Env": [
                "PATH=/usr/local/sbin:/usr/local/bin:/usr/sbin:/usr/bin:/sbin:/bin"
            ],
            "Cmd": [
                "/root/smbforwarder"
            ],
            "ArgsEscaped": true,
            "Image": "",
            "Volumes": null,
            "WorkingDir": "/root/",
            "Entrypoint": [
                "/sbin/tini",
                "--"
            ],
            "OnBuild": null,
            "Labels": null
        },
        "Architecture": "amd64",
        "Os": "linux",
        "Size": 82205902,
        "GraphDriver": {
            "Data": {
                "LowerDir": "/lzcsys/data/system/docker/overlay2/dc3f4360dcfa5bb2f2eeb75114965a7730d0548a6de944c18a10791e6da1138f/diff:/lzcsys/data/system/docker/overlay2/8c5bb88b8fe5467925e76ac4cbee76d1ec2fc45183b1d4ba20e95a21d682314e/diff:/lzcsys/data/system/docker/overlay2/bed1cbafcd1b593310797be686ff20bbb3df2a7d8655c44d4beeacdbfc880754/diff:/lzcsys/data/system/docker/overlay2/ba6e59cb0870c4e54d55b7131ed3739f9c910529435288ad521b83ce4df7c5f6/diff:/lzcsys/data/system/docker/overlay2/411933561d9f71c6885974a7c98e70dde0836646d3f4bbffa482218cdfd4f450/diff:/lzcsys/data/system/docker/overlay2/ef75a17e7f02e8a4e01c16b8023adb7bb1f79c9f0dfa2c533d8586bed8c8a409/diff:/lzcsys/data/system/docker/overlay2/0222b6680ddf00ce8288e97f82d78e0be5725d9ab6a4b5073159ccaaf5179bc7/diff:/lzcsys/data/system/docker/overlay2/e3ce7f36118c5f48ec7b4f8ed5868cd63eb71fd374b9be77138f3af05b7b1fd8/diff",
                "MergedDir": "/lzcsys/data/system/docker/overlay2/fbd1041fe7c8322f707f4db3ac752f809e626baa34c22f2c69bd398b76e92586/merged",
                "UpperDir": "/lzcsys/data/system/docker/overlay2/fbd1041fe7c8322f707f4db3ac752f809e626baa34c22f2c69bd398b76e92586/diff",
                "WorkDir": "/lzcsys/data/system/docker/overlay2/fbd1041fe7c8322f707f4db3ac752f809e626baa34c22f2c69bd398b76e92586/work"
            },
            "Name": "overlay2"
        },
        "RootFS": {
            "Type": "layers",
            "Layers": [
                "sha256:256f393e029fa2063d8c93720da36a74a032bed3355a2bc3e313ad12f8bde9d1",
                "sha256:933f836e6ceb85d9f0536cc0f72917f17cef43c561935307ae1a199d4ac275f1",
                "sha256:561e512104ecced4d49650966a04b24f48cf6d0b3e97d23580978692f3360696",
                "sha256:90048542f9f2cd1d16757dccf2fec4ce05ca462a8efae19aec2d53db99292017",
                "sha256:05aa38166511a67e33ce705a297fc18eb0d8a8ca379ebdc10c6d6c8fd709b9a8",
                "sha256:5f70bf18a086007016e948b04aed3b82103a36bea41755b6cddfaf10ace3c6ef",
                "sha256:c87f4d9d78dc5ca313f9b904b1bd992630f760e54cbb4f91144eed3592b6629a",
                "sha256:d703ae4534e040017b642fde825f06fab67db7875e805a7f92ef5033a1bd28d1",
                "sha256:ae09bfb701bc27f595ee78ba537e49e2881a71a71a332e24efd4e2535cabb843"
            ]
        },
        "Metadata": {
            "LastTagTime": "0001-01-01T00:00:00Z"
        }
    }
]
