[
    {
        "Id": "sha256:d6a948e03f3574c90eb017ba07220ffaac2d5242973db6bb647ef424e5be3b73",
        "RepoTags": [
            "registry.lazycat.cloud/cocdeshijie/imagegenius/immich:1fa9ee9599d362fd"
        ],
        "RepoDigests": [
            "registry.lazycat.cloud/cocdeshijie/imagegenius/immich@sha256:1fa9ee9599d362fd1a0ed57955c9082ab222d3c3c16666759d34fba834420442"
        ],
        "Parent": "",
        "Comment": "buildkit.dockerfile.v0",
        "Created": "2025-11-01T22:53:45.180299166+11:00",
        "DockerVersion": "",
        "Author": "",
        "Config": {
            "Hostname": "",
            "Domainname": "",
            "User": "",
            "AttachStdin": false,
            "AttachStdout": false,
            "AttachStderr": false,
            "ExposedPorts": {
                "8080/tcp": {}
            },
            "Tty": false,
            "OpenStdin": false,
            "StdinOnce": false,
            "Env": [
                "PATH=/lsiopy/bin:/usr/local/sbin:/usr/local/bin:/usr/sbin:/usr/bin:/sbin:/bin",
                "HOME=/root",
                "LANGUAGE=en_US.UTF-8",
                "LANG=en_US.UTF-8",
                "TERM=xterm",
                "S6_CMD_WAIT_FOR_SERVICES_MAXTIME=0",
                "S6_VERBOSITY=1",
                "S6_STAGE2_HOOK=/docker-mods",
                "VIRTUAL_ENV=/lsiopy",
                "IMMICH_BUILD_DATA=/app/immich/data",
                "IMMICH_ENV=production",
                "IMMICH_MACHINE_LEARNING_URL=http://127.0.0.1:3003",
                "IMMICH_MEDIA_LOCATION=/photos",
                "MACHINE_LEARNING_CACHE_FOLDER=/config/machine-learning/models",
                "NVIDIA_DRIVER_CAPABILITIES=compute,video,utility",
                "SHARP_FORCE_GLOBAL_LIBVIPS=true",
                "TRANSFORMERS_CACHE=/config/machine-learning/models",
                "UV_PYTHON=/usr/bin/python3.11",
                "NODE_ENV=production"
            ],
            "Cmd": null,
            "Image": "",
            "Volumes": {
                "/config": {},
                "/libraries": {},
                "/photos": {}
            },
            "WorkingDir": "/",
            "Entrypoint": [
                "/init"
            ],
            "OnBuild": null,
            "Labels": {
                "build_version": "ImageGenius Version:- v2.2.1-ig430 Build-date:- 2025-11-01T22:48:45+11:00",
                "cloud.lazycat.image.maintainer": "cocdeshijie",
                "cloud.lazycat.image.origin_hash": "sha256:82fabe6d1128e53a88ae265de1ca95176dcaf58a88ffe3593b9fb60c895974f6",
                "cloud.lazycat.image.origin_image": "ghcr.io/imagegenius/immich:latest",
                "maintainer": "hydazz, martabal",
                "org.opencontainers.image.authors": "imagegenius.io",
                "org.opencontainers.image.created": "2025-11-01T22:48:45+11:00",
                "org.opencontainers.image.description": "Immich is a high performance self-hosted photo and video backup solution.",
                "org.opencontainers.image.documentation": "https://docs.linuxserver.io/images/docker-baseimage-ubuntu",
                "org.opencontainers.image.licenses": "GPL-3.0-only",
                "org.opencontainers.image.ref.name": "6de657c9bfc7cc7f43d103285e95ed20400ef25b",
                "org.opencontainers.image.revision": "6de657c9bfc7cc7f43d103285e95ed20400ef25b",
                "org.opencontainers.image.source": "https://github.com/imagegenius/docker-immich",
                "org.opencontainers.image.title": "Immich",
                "org.opencontainers.image.url": "https://github.com/imagegenius/docker-immich/packages",
                "org.opencontainers.image.vendor": "imagegenius.io",
                "org.opencontainers.image.version": "v2.2.1-ig430"
            },
            "Shell": [
                "/bin/bash",
                "-o",
                "pipefail",
                "-c"
            ]
        },
        "Architecture": "amd64",
        "Os": "linux",
        "Size": 4663745500,
        "GraphDriver": {
            "Data": {
                "LowerDir": "/lzcsys/data/system/docker/overlay2/3c78219164a41d7f39fd41eed70f776a700d07f1821856b8ea574109a92e4369/diff:/lzcsys/data/system/docker/overlay2/4bbd3a020e871fa1ae7b0ad5f5ed3057303cb31a774b74ec77929c21888f3a85/diff:/lzcsys/data/system/docker/overlay2/d7b1b710c978a589235a70fd69affd9a5392bcd5984884f76444db2269c30ab4/diff:/lzcsys/data/system/docker/overlay2/a8ca82588c956e61189cc58f86e84154ebfe088b5cca6985e3f69067a6253b14/diff:/lzcsys/data/system/docker/overlay2/d13477aecfb9ebdda9337f49f3444db62f66a53117058050ace52d43b9e6fa8e/diff:/lzcsys/data/system/docker/overlay2/f15fd662286a2cf1a45d273c661d4a34466adcc674828eeafd1284539d29a592/diff:/lzcsys/data/system/docker/overlay2/3712a05972e8ef62225e4697ffde56530ac50911ad4cca776546a4051e2b6711/diff:/lzcsys/data/system/docker/overlay2/ac3be35a1dfd488666d98553f633b630f20868d5e601675e34b713b4636a1c7f/diff:/lzcsys/data/system/docker/overlay2/bddcce031b342d434373829ab9563d66104595989b672b5d91353d89f276ae3a/diff:/lzcsys/data/system/docker/overlay2/58e46753751f07427997aa59a7173e33377578f084740b2e48463695ffa52c54/diff:/lzcsys/data/system/docker/overlay2/6ff0d9c187182c31f0ad5312daf22b077c92e5626a2c90ab134c3a628b07dd18/diff",
                "MergedDir": "/lzcsys/data/system/docker/overlay2/306cb76e7c42c6bbdd74e447522d3d240367d21fba826468c28b85fd5ad66297/merged",
                "UpperDir": "/lzcsys/data/system/docker/overlay2/306cb76e7c42c6bbdd74e447522d3d240367d21fba826468c28b85fd5ad66297/diff",
                "WorkDir": "/lzcsys/data/system/docker/overlay2/306cb76e7c42c6bbdd74e447522d3d240367d21fba826468c28b85fd5ad66297/work"
            },
            "Name": "overlay2"
        },
        "RootFS": {
            "Type": "layers",
            "Layers": [
                "sha256:60227d6e18f7ec6c9663ef0377e5b08930cfbd6737af7a9b4aaa344670bed58f",
                "sha256:4237b4abe0c583f84633de1da55c1e716dbf60660634932965955c149a90929c",
                "sha256:bc2af812d480917fa5a28c02046042319bddea518104c770b5dddd0156d4ad74",
                "sha256:2b6b97d0414d4167d1d06ca1972a5d2e3ee9c0fcbe98b1c010f4f4299bd4b1e0",
                "sha256:bd3ef617bb04bfaad7033e9d2a176587cb6f4bc9282a47d607b7bf14cc9756c3",
                "sha256:8604efb9ecb5ad5a9d265aa622880a782f3850779cff7a19904c286c74025136",
                "sha256:21eaa92980f1b2351b01c0e63425c57d426ca72cba7a81c052c15d44e65e527a",
                "sha256:60de720881701d948c3695f883abd6858b095005892d6d9b1cc81e4bda90778c",
                "sha256:25f7cb06b1d0c23a780a5ebbb0f250b06944e643d96b3aeed6b83bcaddc2b80d",
                "sha256:04f43d7b24280d1434d8c88cd0463efd4767904ca6c9996c0d811009cdcb5034",
                "sha256:e4f3e83c68b25fdd59847ac48cfa52c655f81cd2864275f3d4ad02a2f47ba8b2",
                "sha256:51697563bab18cb1b0a9953a21653183c8eefe247e3b64dd9a05704002caa058"
            ]
        },
        "Metadata": {
            "LastTagTime": "0001-01-01T00:00:00Z"
        }
    }
]
