[
    {
        "Id": "sha256:36b2902c4b9aab8ff1e3f66309cff9ed5c83572357aff88b0d923fda169ba78d",
        "RepoTags": [
            "registry.lazycat.cloud/edward/ctwj/urldb-frontend:6f02425a96c9d123"
        ],
        "RepoDigests": [
            "registry.lazycat.cloud/edward/ctwj/urldb-frontend@sha256:6f02425a96c9d12370d0a2a669800916b4f74f7626ace0618b80c4bb0f6f3ccc"
        ],
        "Parent": "",
        "Comment": "buildkit.dockerfile.v0",
        "Created": "2025-08-18T23:46:57.9931987Z",
        "DockerVersion": "",
        "Author": "",
        "Config": {
            "Hostname": "",
            "Domainname": "",
            "User": "",
            "AttachStdin": false,
            "AttachStdout": false,
            "AttachStderr": false,
            "ExposedPorts": {
                "3000/tcp": {}
            },
            "Tty": false,
            "OpenStdin": false,
            "StdinOnce": false,
            "Env": [
                "PATH=/usr/local/sbin:/usr/local/bin:/usr/sbin:/usr/bin:/sbin:/bin",
                "NODE_VERSION=20.19.4",
                "YARN_VERSION=1.22.22",
                "NODE_ENV=production"
            ],
            "Cmd": [
                "node",
                ".output/server/index.mjs"
            ],
            "ArgsEscaped": true,
            "Image": "",
            "Volumes": null,
            "WorkingDir": "/app",
            "Entrypoint": [
                "docker-entrypoint.sh"
            ],
            "OnBuild": null,
            "Labels": {
                "cloud.lazycat.image.maintainer": "Edward",
                "cloud.lazycat.image.origin_hash": "sha256:788e47a92313e012d390847dafce8532aa1a0f23e05be0858e478e90c619132e",
                "cloud.lazycat.image.origin_image": "ctwj/urldb-frontend:1.2.3"
            }
        },
        "Architecture": "amd64",
        "Os": "linux",
        "Size": 147103056,
        "GraphDriver": {
            "Data": {
                "LowerDir": "/lzcsys/data/system/docker/overlay2/ac1a668c2817734061cd08472800191f5722cedefe8af70c4cf3894c16585029/diff:/lzcsys/data/system/docker/overlay2/e4509855317aa7e77027d38ff031faf8a8a744047d8f983a4e4a687b7e7241cb/diff:/lzcsys/data/system/docker/overlay2/4205a1f7581d27e87cb0c86a1d4b1e7cf9e582bc7d8b0910d64bf6d33a562e82/diff:/lzcsys/data/system/docker/overlay2/52e7d4549a864157ea7aca0d1ca98309debd80f357482deac8673cf70fa4a93d/diff:/lzcsys/data/system/docker/overlay2/1060c2a8d11a8c741b810807748d38b70868a180d25b3fe31434534ef31f2a74/diff:/lzcsys/data/system/docker/overlay2/38620462f2ee1364be04cd47e7f0260d1292b232a4272bed4991da039f00174d/diff",
                "MergedDir": "/lzcsys/data/system/docker/overlay2/630f9a94811eff51df2d6c9b9742cb29812039354d897f38c8a217ed71652434/merged",
                "UpperDir": "/lzcsys/data/system/docker/overlay2/630f9a94811eff51df2d6c9b9742cb29812039354d897f38c8a217ed71652434/diff",
                "WorkDir": "/lzcsys/data/system/docker/overlay2/630f9a94811eff51df2d6c9b9742cb29812039354d897f38c8a217ed71652434/work"
            },
            "Name": "overlay2"
        },
        "RootFS": {
            "Type": "layers",
            "Layers": [
                "sha256:418dccb7d85a63a6aa574439840f7a6fa6fd2321b3e2394568a317735e867d35",
                "sha256:54e9a650f7b7eb822819549a555f1da682a949a2f834ee90538cdcf2c5b4e72c",
                "sha256:2e12e022f9bc7fa1e7abcaaa1ca88eed4ec895ff88a92da70f4fc79360e22600",
                "sha256:eadc3b779d42558c703232696a3b9f95793b1aff49f10b11991712a7710460f1",
                "sha256:4bee363e0a14065674e395e84bce15acd72bf26b44d1ac3badf8e9c0c8f5b572",
                "sha256:7c343d4ea53ce0dc931e31a00fd448e2e229f94a2b774a3ac66e10ef4de9a670",
                "sha256:acb4bab711aa10b87335fd13f98779898be8416ffd6d402e2cdc20f1230e61e0"
            ]
        },
        "Metadata": {
            "LastTagTime": "0001-01-01T00:00:00Z"
        }
    }
]
