[
    {
        "Id": "sha256:a639c2cb34cb5257eb32ca7f46e27a0b7fea9053729038c553fd687161a4e41d",
        "RepoTags": [
            "registry.lazycat.cloud/edward/library/redis:4c6b9d7b7a334a2e"
        ],
        "RepoDigests": [
            "registry.lazycat.cloud/edward/library/redis@sha256:4c6b9d7b7a334a2e3153374e469a148ce5d9da88919e5fa943bb38c9e851eef7"
        ],
        "Parent": "",
        "Comment": "buildkit.dockerfile.v0",
        "Created": "2025-05-29T16:02:07Z",
        "DockerVersion": "",
        "Author": "",
        "Config": {
            "Hostname": "",
            "Domainname": "",
            "User": "",
            "AttachStdin": false,
            "AttachStdout": false,
            "AttachStderr": false,
            "ExposedPorts": {
                "6379/tcp": {}
            },
            "Tty": false,
            "OpenStdin": false,
            "StdinOnce": false,
            "Env": [
                "PATH=/usr/local/sbin:/usr/local/bin:/usr/sbin:/usr/bin:/sbin:/bin",
                "REDIS_DOWNLOAD_URL=https://github.com/redis/redis/archive/refs/tags/8.0.2.tar.gz",
                "REDIS_DOWNLOAD_SHA=caf3c0069f06fc84c5153bd2a348b204c578de80490c73857bee01d9b5d7401f"
            ],
            "Cmd": [
                "redis-server"
            ],
            "Image": "",
            "Volumes": {
                "/data": {}
            },
            "WorkingDir": "/data",
            "Entrypoint": [
                "docker-entrypoint.sh"
            ],
            "OnBuild": null,
            "Labels": {
                "cloud.lazycat.image.maintainer": "Edward",
                "cloud.lazycat.image.origin_hash": "sha256:07c689dad77c543eee9c4e98563c021a7b531d0f87d982aa109414492b5483e1",
                "cloud.lazycat.image.origin_image": "redis:latest"
            }
        },
        "Architecture": "amd64",
        "Os": "linux",
        "Size": 127853023,
        "GraphDriver": {
            "Data": {
                "LowerDir": "/lzcsys/data/system/docker/overlay2/bf3c4d0bf16c06962487e43e6c03807f909ba76f3352dbe72e7f7e746011ed68/diff:/lzcsys/data/system/docker/overlay2/3d0ccd8a816bdfc400d881a38a725769249d61f3bc16f63e0385be056e4492fe/diff:/lzcsys/data/system/docker/overlay2/f227cf85be45cc1131073efa703d03cde0adac6c82c423920f28e05421bfb19e/diff:/lzcsys/data/system/docker/overlay2/61454505c8d323e6b54915839f196602f2162bd8b9d3ba8b14e758876fa4798f/diff:/lzcsys/data/system/docker/overlay2/0c76288f36d4ceced9da9da619916b6e3f20e6f9187f0c9beea7036fed4aca45/diff:/lzcsys/data/system/docker/overlay2/dc8256edf396b242f21de67304848786515a2849f965c25df328dbad3bb60e28/diff",
                "MergedDir": "/lzcsys/data/system/docker/overlay2/b7729182b15db5fa232ddad6c720a09f8be312f253fcbfc54c1be59ff5af98e6/merged",
                "UpperDir": "/lzcsys/data/system/docker/overlay2/b7729182b15db5fa232ddad6c720a09f8be312f253fcbfc54c1be59ff5af98e6/diff",
                "WorkDir": "/lzcsys/data/system/docker/overlay2/b7729182b15db5fa232ddad6c720a09f8be312f253fcbfc54c1be59ff5af98e6/work"
            },
            "Name": "overlay2"
        },
        "RootFS": {
            "Type": "layers",
            "Layers": [
                "sha256:1bb35e8b4de116e84b2ccf614cce4e309b6043bf2cd35543d8394edeaeb587e3",
                "sha256:f38c8f6717f151b69109e359a0dc409b145125aa8a01449f4c5072caffb3c78a",
                "sha256:1a441b41299affb8ddee1b430583b813af4795d47d419816aa340221df4b95b2",
                "sha256:06b43024540b50b90be11a396531f07469bb5b859b63427c624cbe23c97a4db7",
                "sha256:c2459b86496b0d6fa28236f300bd6bfde2ec11fd4afd319e560b2d535f146bb2",
                "sha256:5f70bf18a086007016e948b04aed3b82103a36bea41755b6cddfaf10ace3c6ef",
                "sha256:d07636d6453ef9ddc910c643cfed9147a6d98bddf88f150a254686959baf88ea"
            ]
        },
        "Metadata": {
            "LastTagTime": "0001-01-01T00:00:00Z"
        }
    }
]
