[
    {
        "Id": "sha256:6f23dc3d8e22413ff0360fd4f427025c11cbd03413689860e0f8bbb68cb64f2a",
        "RepoTags": [
            "registry.lazycat.cloud/lzc/weaviate:1.28.2-2b40d6e"
        ],
        "RepoDigests": [
            "registry.lazycat.cloud/lzc/weaviate@sha256:42379366d5551c150bb0291040b78029266c4120ef85743ecfd343b713e5bacd"
        ],
        "Parent": "",
        "Comment": "buildkit.dockerfile.v0",
        "Created": "2025-01-16T22:41:20.957552929Z",
        "DockerVersion": "",
        "Author": "",
        "Config": {
            "Hostname": "",
            "Domainname": "",
            "User": "",
            "AttachStdin": false,
            "AttachStdout": false,
            "AttachStderr": false,
            "Tty": false,
            "OpenStdin": false,
            "StdinOnce": false,
            "Env": [
                "PATH=/usr/local/sbin:/usr/local/bin:/usr/sbin:/usr/bin:/sbin:/bin"
            ],
            "Cmd": [
                "--host",
                "0.0.0.0",
                "--port",
                "8080",
                "--scheme",
                "http"
            ],
            "ArgsEscaped": true,
            "Image": "",
            "Volumes": null,
            "WorkingDir": "/",
            "Entrypoint": [
                "/bin/weaviate"
            ],
            "OnBuild": null,
            "Labels": null
        },
        "Architecture": "amd64",
        "Os": "linux",
        "Size": 177239101,
        "GraphDriver": {
            "Data": {
                "LowerDir": "/lzcsys/data/system/docker/overlay2/3647bb03ab202a781a359cb01fb1e3522a75ab7d974c4ac03cad62fddade55d9/diff:/lzcsys/data/system/docker/overlay2/48a0b91261d1bd8bebcac4e57d2abc6eb77caa4d85f67d227cbca88a3442f228/diff:/lzcsys/data/system/docker/overlay2/b2b9b3058c3a4590283becad43428c8caa79e03556645dec36a53bfeba9284cc/diff:/lzcsys/data/system/docker/overlay2/9e131dc92ae5665bd889c3501ec1fabaf0aa67ec25f93ff21a1ccda3067d6ab8/diff:/lzcsys/data/system/docker/overlay2/6ce24f8d14d292d9d2961aef9f34289aea3c3cceba563f411b730aef0f1bc8dd/diff:/lzcsys/data/system/docker/overlay2/85f1e05407f5df7f1d2f176adb6a2f4439be3c8487249ba4207b7a2c6a918000/diff",
                "MergedDir": "/lzcsys/data/system/docker/overlay2/5a3a4290fbfe3dad952796b670e574616e2873ae12c92756f55e507dea9e18f2/merged",
                "UpperDir": "/lzcsys/data/system/docker/overlay2/5a3a4290fbfe3dad952796b670e574616e2873ae12c92756f55e507dea9e18f2/diff",
                "WorkDir": "/lzcsys/data/system/docker/overlay2/5a3a4290fbfe3dad952796b670e574616e2873ae12c92756f55e507dea9e18f2/work"
            },
            "Name": "overlay2"
        },
        "RootFS": {
            "Type": "layers",
            "Layers": [
                "sha256:a0904247e36a7726c03c71ee48f3e64462021c88dafeb13f37fdaf613b27f11c",
                "sha256:b2200c08aa07eeb268003caddc144859ed6eb95c2fbcb9ab35b520f6084714ec",
                "sha256:68292e2ed255976012045f3a2478c0bca52d666ba6b8e2f10836bf12f630ffa2",
                "sha256:a41ea08c5f1c65602d237e83723d3c476af4fcf711701d094f860af3987e8b04",
                "sha256:c18547e3a920e07937074c0e346811a4c8a7c87e341d0a4468c3084da4703a00",
                "sha256:b596e3c9c6acc71b8e20f10cee0912de8fe80ce9b09bbd5128820c37cc3b3b82",
                "sha256:7c02bfd354234cb377566b0cd3742d05c32e01a09d81482ae80e89674ecdff1a"
            ]
        },
        "Metadata": {
            "LastTagTime": "0001-01-01T00:00:00Z"
        }
    }
]
