[
    {
        "Id": "sha256:53a18edff8091d5faff1e42b4d885bc5f0f897873b0b8f0ace236cd5930819b0",
        "RepoTags": [
            "registry.lazycat.cloud/snyh1010/library/nginx:54809b2f36d0ff38"
        ],
        "RepoDigests": [
            "registry.lazycat.cloud/snyh1010/library/nginx@sha256:54809b2f36d0ff38e8e5362b0239779e4b75c2f19ad70ef047ed050f01506bb4"
        ],
        "Parent": "",
        "Comment": "buildkit.dockerfile.v0",
        "Created": "2025-02-05T21:27:16Z",
        "DockerVersion": "",
        "Author": "",
        "Config": {
            "Hostname": "",
            "Domainname": "",
            "User": "",
            "AttachStdin": false,
            "AttachStdout": false,
            "AttachStderr": false,
            "ExposedPorts": {
                "80/tcp": {}
            },
            "Tty": false,
            "OpenStdin": false,
            "StdinOnce": false,
            "Env": [
                "PATH=/usr/local/sbin:/usr/local/bin:/usr/sbin:/usr/bin:/sbin:/bin",
                "NGINX_VERSION=1.27.4",
                "NJS_VERSION=0.8.9",
                "NJS_RELEASE=1~bookworm",
                "PKG_RELEASE=1~bookworm",
                "DYNPKG_RELEASE=1~bookworm"
            ],
            "Cmd": [
                "nginx",
                "-g",
                "daemon off;"
            ],
            "Image": "",
            "Volumes": null,
            "WorkingDir": "",
            "Entrypoint": [
                "/docker-entrypoint.sh"
            ],
            "OnBuild": null,
            "Labels": {
                "maintainer": "NGINX Docker Maintainers <docker-maint@nginx.com>"
            },
            "StopSignal": "SIGQUIT"
        },
        "Architecture": "amd64",
        "Os": "linux",
        "Size": 192004242,
        "GraphDriver": {
            "Data": {
                "LowerDir": "/lzcsys/data/system/docker/overlay2/11c3040817f733d14e39e92d315513577af7181d13292374fd75bbd329516817/diff:/lzcsys/data/system/docker/overlay2/80b6a1bda089f8e9bc046ef0549427cb81eddcc844f0eb329e6884a4f2b775c3/diff:/lzcsys/data/system/docker/overlay2/e8fadedb5d82dfc49f3c2f90ccd416dbbf3d6c6737a4a69929db02ca939b36bf/diff:/lzcsys/data/system/docker/overlay2/e22071a1b7d28d033b3f3a10f52921289bbed31ad7bfa2b09600a06c9d4c955f/diff:/lzcsys/data/system/docker/overlay2/c8fd83d9441644d4bd0fc6ea252f90df664e1735b13f0ebb4fe64891b4211ffd/diff:/lzcsys/data/system/docker/overlay2/a11788cc44000cf7755a1ca248aad45777656d6ba3ed2ae9b71fd687637f40ec/diff",
                "MergedDir": "/lzcsys/data/system/docker/overlay2/20577d12c63959359b4b95c19c372b30b3b89fa050695dde40cf7975eb6828f2/merged",
                "UpperDir": "/lzcsys/data/system/docker/overlay2/20577d12c63959359b4b95c19c372b30b3b89fa050695dde40cf7975eb6828f2/diff",
                "WorkDir": "/lzcsys/data/system/docker/overlay2/20577d12c63959359b4b95c19c372b30b3b89fa050695dde40cf7975eb6828f2/work"
            },
            "Name": "overlay2"
        },
        "RootFS": {
            "Type": "layers",
            "Layers": [
                "sha256:1287fbecdfcce6ee8cf2436e5b9e9d86a4648db2d91080377d499737f1b307f3",
                "sha256:135f786ad04647c6e58d9a2d4f6f87bd677ef6144ab24c81a6f5be7acc63fbc9",
                "sha256:ad2f08e39a9de1e12157c800bd31ba86f8cc222eedec11e8e072c3ba608d26fb",
                "sha256:d98dcc720ae098efb91563f0a9abe03de50b403f7aa6c6f0e1dfb8297aedb61f",
                "sha256:aa82c57cd9fe730130e35d42c6b26a4a9d3c858f61c23f63d53b703abf30adf8",
                "sha256:d26dc06ef910f67b1b2bcbcc6318e2e08881011abc7ad40fd859f38641ab105c",
                "sha256:03d9365bc5dc9ec8b2f032927d3d3ae10b840252c86cf245a63b713d50eaa2fd"
            ]
        },
        "Metadata": {
            "LastTagTime": "0001-01-01T00:00:00Z"
        }
    }
]
