[
    {
        "Id": "sha256:361fc5127aea2ae7954af5a782b34951db591eab03df2d632d7d2fe151bdd58c",
        "RepoTags": [
            "registry.lazycat.cloud/emby/embyserver:4.8.10.0"
        ],
        "RepoDigests": [
            "registry.lazycat.cloud/emby/embyserver@sha256:ec88a9c84a211e9e6479af80e8e92b355f8371b1dbaba25be402bbef2d5cf7e5"
        ],
        "Parent": "",
        "Comment": "buildkit.dockerfile.v0",
        "Created": "2024-09-29T20:34:13.747827311Z",
        "DockerVersion": "",
        "Author": "",
        "Config": {
            "Hostname": "",
            "Domainname": "",
            "User": "",
            "AttachStdin": false,
            "AttachStdout": false,
            "AttachStderr": false,
            "ExposedPorts": {
                "1900/udp": {},
                "7359/udp": {},
                "8096/tcp": {},
                "8920/tcp": {}
            },
            "Tty": false,
            "OpenStdin": false,
            "StdinOnce": false,
            "Env": [
                "PATH=/usr/local/sbin:/usr/local/bin:/usr/sbin:/usr/bin:/sbin:/bin",
                "LANG=en_US.UTF-8",
                "HOME=/tmp",
                "AMDGPU_IDS=/share/libdrm/amdgpu.ids",
                "FONTCONFIG_PATH=/etc/fonts",
                "LD_LIBRARY_PATH=/lib:/system",
                "LIBVA_DRIVERS_PATH=/lib/dri",
                "OCL_ICD_VENDORS=/etc/OpenCL/vendors",
                "PCI_IDS_PATH=/share/hwdata/pci.ids",
                "SSL_CERT_FILE=/etc/ssl/certs/ca-certificates.crt",
                "UID=2",
                "GID=2",
                "GIDLIST=2",
                "NVIDIA_VISIBLE_DEVICES=all",
                "NVIDIA_DRIVER_CAPABILITIES=compute,video,utility",
                "IGNORE_VAAPI_ENABLED_FLAG=false",
                "XDG_CACHE_HOME=/config/cache"
            ],
            "Cmd": null,
            "Image": "",
            "Volumes": {
                "/config": {}
            },
            "WorkingDir": "",
            "Entrypoint": [
                "/init"
            ],
            "OnBuild": null,
            "Labels": {
                "maintainer": "Emby LLC <apps@emby.media>"
            }
        },
        "Architecture": "amd64",
        "Os": "linux",
        "Size": 672134265,
        "GraphDriver": {
            "Data": {
                "LowerDir": "/lzcsys/data/system/docker/overlay2/31e94a866d6195bad8dbfb2b24928a0805c6c4467aca46357a54840731f5cd82/diff:/lzcsys/data/system/docker/overlay2/a470180199099f83244b1ef707dfe39cf91e9a770d6c201700ad56175ef64b12/diff:/lzcsys/data/system/docker/overlay2/2cdeeeafbb2370f1cd3b92db4cd995993473d1f395eecc254e7123da7a2ae4cc/diff",
                "MergedDir": "/lzcsys/data/system/docker/overlay2/9ac240254e377d4a53a921a8281f8e5a8ce502b9ce07a18c35dacb9334461f95/merged",
                "UpperDir": "/lzcsys/data/system/docker/overlay2/9ac240254e377d4a53a921a8281f8e5a8ce502b9ce07a18c35dacb9334461f95/diff",
                "WorkDir": "/lzcsys/data/system/docker/overlay2/9ac240254e377d4a53a921a8281f8e5a8ce502b9ce07a18c35dacb9334461f95/work"
            },
            "Name": "overlay2"
        },
        "RootFS": {
            "Type": "layers",
            "Layers": [
                "sha256:19823cff13d4946ba7b6308a7bc609d4b99a223bc3c24f47ee66ad3b99bafaa0",
                "sha256:1a116f40051748a1022c5bd91f413ff7b8346fcce6d5be8516879e2ebd76b072",
                "sha256:b6d35e199ac869d50f0f41f65b9ea7b122ba9423cff640de2e51f521faf3fc45",
                "sha256:1e1b9ca65eae3fa3d45cdcb727f06a4b750175e55de4f3e0d1693e9270a01bc7"
            ]
        },
        "Metadata": {
            "LastTagTime": "0001-01-01T00:00:00Z"
        }
    }
]
