[
    {
        "Id": "sha256:43724892d6db0fd681c7309bd458ce636c637a027f2d203a4932668ba8ffd97c",
        "RepoTags": [
            "registry.lazycat.cloud/tx1ee/library/redis:7f346df9cd82ade3"
        ],
        "RepoDigests": [
            "registry.lazycat.cloud/tx1ee/library/redis@sha256:7f346df9cd82ade39512e2040acf3583e6af260b98c01fe525020bf89fb82783"
        ],
        "Parent": "",
        "Comment": "buildkit.dockerfile.v0",
        "Created": "2025-01-06T16:14:31Z",
        "DockerVersion": "",
        "Author": "",
        "Config": {
            "Hostname": "",
            "Domainname": "",
            "User": "",
            "AttachStdin": false,
            "AttachStdout": false,
            "AttachStderr": false,
            "ExposedPorts": {
                "6379/tcp": {}
            },
            "Tty": false,
            "OpenStdin": false,
            "StdinOnce": false,
            "Env": [
                "PATH=/usr/local/sbin:/usr/local/bin:/usr/sbin:/usr/bin:/sbin:/bin",
                "GOSU_VERSION=1.17",
                "REDIS_VERSION=7.4.2",
                "REDIS_DOWNLOAD_URL=http://download.redis.io/releases/redis-7.4.2.tar.gz",
                "REDIS_DOWNLOAD_SHA=4ddebbf09061cbb589011786febdb34f29767dd7f89dbe712d2b68e808af6a1f"
            ],
            "Cmd": [
                "redis-server"
            ],
            "Image": "",
            "Volumes": {
                "/data": {}
            },
            "WorkingDir": "/data",
            "Entrypoint": [
                "docker-entrypoint.sh"
            ],
            "OnBuild": null,
            "Labels": null
        },
        "Architecture": "amd64",
        "Os": "linux",
        "Size": 116983249,
        "GraphDriver": {
            "Data": {
                "LowerDir": "/lzcsys/data/system/docker/overlay2/768f1819101f9922b0af4cf30893e2fbb7fcf161ec0930755bf3e5261b0b1c93/diff:/lzcsys/data/system/docker/overlay2/486fa5e26e8e953ec760920ad95e4582cf1783e73f301dfe951222c82d2980f9/diff:/lzcsys/data/system/docker/overlay2/69998eafd97040ff5ce84bd2c945f83dbdcb0049eb4bfbe54e96a033efe882b5/diff:/lzcsys/data/system/docker/overlay2/bd4d56599eae2e43a5b5db5a0c0a3bbbd4fde5784896684dd81b7d4204378bf4/diff:/lzcsys/data/system/docker/overlay2/1f590b32e64e957464bfd51e2f1726b39df9dafce0072bf930f15d9254e192ca/diff:/lzcsys/data/system/docker/overlay2/28badc63be3c89487c82f0d2d4b36d9ceab39a6dcbaaa109b7223803f501b363/diff:/lzcsys/data/system/docker/overlay2/8e3c815a0d639357b1ae64961dce5824ab7be906061d978e7a8ed1427fd276a4/diff",
                "MergedDir": "/lzcsys/data/system/docker/overlay2/2bb710bbec456cb0cab527b664c128da9fb64b25c41a9ff9cbb2c66afafde87e/merged",
                "UpperDir": "/lzcsys/data/system/docker/overlay2/2bb710bbec456cb0cab527b664c128da9fb64b25c41a9ff9cbb2c66afafde87e/diff",
                "WorkDir": "/lzcsys/data/system/docker/overlay2/2bb710bbec456cb0cab527b664c128da9fb64b25c41a9ff9cbb2c66afafde87e/work"
            },
            "Name": "overlay2"
        },
        "RootFS": {
            "Type": "layers",
            "Layers": [
                "sha256:5f1ee22ffb5e68686db3dcb6584eb1c73b5570615b0f14fabb070b96117e351d",
                "sha256:55f29078b6771c8e00f3f7c79ca547588423edb44153889ae47139a605f27eb0",
                "sha256:cbceaf8d047b3f25cec806bfd2ed207be2da1a3c4f574c0a2808fbe49e23df6b",
                "sha256:332db12f1f9ff3af06ae18a397a3bde3fe718b7ff699776410189e52dd301d61",
                "sha256:9fec1c0b7378ba81f51a916e9e350070e5aa4f1cd0e03e74d805b9b67c7631a7",
                "sha256:526f32d26111f54220f75718c4dab857c56f94bff35cccd57aafda624b83665c",
                "sha256:5f70bf18a086007016e948b04aed3b82103a36bea41755b6cddfaf10ace3c6ef",
                "sha256:14aea9d123dbbaff13addc05a8a6b96352adc8c9e5c10f0956c1eb6da5c1b37c"
            ]
        },
        "Metadata": {
            "LastTagTime": "0001-01-01T00:00:00Z"
        }
    }
]
