[
    {
        "Id": "sha256:5fcfaa401882ea57404ded60ea34c7d7332ed8fb0d00e57f2931c2655b4d5553",
        "RepoTags": [
            "registry.cn-hangzhou.aliyuncs.com/axy5920/logview:1.4"
        ],
        "RepoDigests": [
            "registry.cn-hangzhou.aliyuncs.com/axy5920/logview@sha256:ab81d2acc59bd75578b1a109067e60521cb59ea9589c1a8ef0d34554bca8ef15"
        ],
        "Parent": "",
        "Comment": "",
        "Created": "2025-10-22T01:15:07.444477951Z",
        "DockerVersion": "27.3.1",
        "Author": "",
        "Config": {
            "Hostname": "",
            "Domainname": "",
            "User": "",
            "AttachStdin": false,
            "AttachStdout": false,
            "AttachStderr": false,
            "ExposedPorts": {
                "5000/tcp": {}
            },
            "Tty": false,
            "OpenStdin": false,
            "StdinOnce": false,
            "Env": [
                "PATH=/usr/local/bin:/usr/local/sbin:/usr/local/bin:/usr/sbin:/usr/bin:/sbin:/bin",
                "LANG=C.UTF-8",
                "GPG_KEY=E3FF2839C048B25C084DEBE9B26995E310250568",
                "PYTHON_VERSION=3.9.24",
                "PYTHON_SHA256=668391afabd5083faafa4543753d190f82f33ce6ba22d6e9ac728b43644b278a",
                "PYTHONDONTWRITEBYTECODE=1",
                "PYTHONUNBUFFERED=1"
            ],
            "Cmd": [
                "python",
                "/app/app.py"
            ],
            "Image": "sha256:e0ae6b28564ea56bbea0157b8c3e17a1b88a06f0e2e05fae6c0c1f94b02a48d1",
            "Volumes": null,
            "WorkingDir": "/app",
            "Entrypoint": null,
            "OnBuild": null,
            "Labels": null
        },
        "Architecture": "amd64",
        "Os": "linux",
        "Size": 332878569,
        "GraphDriver": {
            "Data": {
                "LowerDir": "/lzcsys/data/system/docker/overlay2/cba52ab5fd4148f091aaa4e44b847312fb5f8d8dbecb1674247dabb6c4f18553/diff:/lzcsys/data/system/docker/overlay2/165651ab952f603c07f21d2cfeaad683161d9229b6e1c0baa03ff4fa6e28e5af/diff:/lzcsys/data/system/docker/overlay2/614c468abca4788a64ef445e4ebdae99e6242dc0943fb58ac0710810c03f07fe/diff:/lzcsys/data/system/docker/overlay2/1130330fce53ca609abeea78a15af3e3af1bf9467bec1ac153d5197cdefde3e7/diff:/lzcsys/data/system/docker/overlay2/11f4258436335f29a941677389df8482d6e0f993c06b9348cf56c055704df667/diff:/lzcsys/data/system/docker/overlay2/da97fcbe6c603d6e9bde4fdef110f2c2b1e5d6fcc5d1f1d7d11a32916921e2cc/diff:/lzcsys/data/system/docker/overlay2/6fa20488f50a2e1d59b3b428e98f1694192b28172ae772d32c668234a914e2a5/diff:/lzcsys/data/system/docker/overlay2/773bff02d862638209997a55e6cebf15273a46cce15c090112d01cbbd16e4914/diff",
                "MergedDir": "/lzcsys/data/system/docker/overlay2/e7b70dd0893588d90a132ca6746363c3ceb0fb9548617c397b46add1e1227f03/merged",
                "UpperDir": "/lzcsys/data/system/docker/overlay2/e7b70dd0893588d90a132ca6746363c3ceb0fb9548617c397b46add1e1227f03/diff",
                "WorkDir": "/lzcsys/data/system/docker/overlay2/e7b70dd0893588d90a132ca6746363c3ceb0fb9548617c397b46add1e1227f03/work"
            },
            "Name": "overlay2"
        },
        "RootFS": {
            "Type": "layers",
            "Layers": [
                "sha256:1d46119d249f7719e1820e24a311aa7c453f166f714969cffe89504678eaa447",
                "sha256:fb1a3962b6aaab288cf62e0648fb0a421043f2d6bc4389fec3757bd248fba10e",
                "sha256:a72fb8065c603a9b088ec86592f05df87e82bdcb6eb082cad510d1a891320a36",
                "sha256:066418b3f8567088be7faf6e2d612b77ce1254a28e84fd3924654bb907f141b1",
                "sha256:0b4977f8e80013075ccb1cc94830b91dc4c541f64e4e9f45105f818b8194d311",
                "sha256:d6c7cf518494a49585a553cacc59664ee576487be3733574089c0b23a8039f08",
                "sha256:e0540a4b08c0b576852f02f9111aebe70924c4954e4c72f93bdac4b065264806",
                "sha256:5309964b4d86fda1fd5cd36d5ba4b243287a12a3a285b8649e19a6f85e2dc8bb",
                "sha256:67f0c0edfc9f2fe7279a6ce2e6312525e0348b2adb8519436aa412b7e0c457b5"
            ]
        },
        "Metadata": {
            "LastTagTime": "0001-01-01T00:00:00Z"
        }
    }
]
