[
    {
        "Id": "sha256:31162975262407047ee7c8d795b143188dc582d479335d411615ae7360143303",
        "RepoTags": [
            "registry.lazycat.cloud/lzc/lzc-photo:3295c1ec"
        ],
        "RepoDigests": [
            "registry.lazycat.cloud/lzc/lzc-photo@sha256:6ff1e40fd131d96ac88281cb8d8448cf1a93d91f4989656f9d766a031dc2bbf4"
        ],
        "Parent": "",
        "Comment": "buildkit.dockerfile.v0",
        "Created": "2025-10-24T13:28:03.876767436+08:00",
        "DockerVersion": "",
        "Author": "",
        "Config": {
            "Hostname": "",
            "Domainname": "",
            "User": "",
            "AttachStdin": false,
            "AttachStdout": false,
            "AttachStderr": false,
            "Tty": false,
            "OpenStdin": false,
            "StdinOnce": false,
            "Env": [
                "PATH=/usr/local/sbin:/usr/local/bin:/usr/sbin:/usr/bin:/sbin:/bin"
            ],
            "Cmd": [
                "bash"
            ],
            "ArgsEscaped": true,
            "Image": "",
            "Volumes": null,
            "WorkingDir": "/",
            "Entrypoint": null,
            "OnBuild": null,
            "Labels": null
        },
        "Architecture": "amd64",
        "Os": "linux",
        "Size": 79774595,
        "GraphDriver": {
            "Data": {
                "LowerDir": "/lzcsys/data/system/docker/overlay2/4dc9e32ebefde6201bb707671afe94b89c74fb2f1828c7455cb599f4d7afbeab/diff",
                "MergedDir": "/lzcsys/data/system/docker/overlay2/48b905103a3bd3304874b88a1c930165323c18352a1b80ec5c762a0d9e829bc6/merged",
                "UpperDir": "/lzcsys/data/system/docker/overlay2/48b905103a3bd3304874b88a1c930165323c18352a1b80ec5c762a0d9e829bc6/diff",
                "WorkDir": "/lzcsys/data/system/docker/overlay2/48b905103a3bd3304874b88a1c930165323c18352a1b80ec5c762a0d9e829bc6/work"
            },
            "Name": "overlay2"
        },
        "RootFS": {
            "Type": "layers",
            "Layers": [
                "sha256:08000c18d16dadf9553d747a58cf44023423a9ab010aab96cf263d2216b8b350",
                "sha256:768431836f766cf304acf5353340225bd9ba9d08af21ad86efe76f3468f1129f"
            ]
        },
        "Metadata": {
            "LastTagTime": "0001-01-01T00:00:00Z"
        }
    }
]
