[
    {
        "Id": "sha256:18f865063206ebceb88957761dc3912f73504fcd73a0232a42485e99a4be2561",
        "RepoTags": [
            "registry.lazycat.cloud/alpine:3.18"
        ],
        "RepoDigests": [
            "registry.lazycat.cloud/alpine@sha256:b12c7d46bc14b4260b9e42714688e2dbf5dee973b291a4c12e0e1539404d9f1d"
        ],
        "Parent": "",
        "Comment": "",
        "Created": "2024-07-22T22:26:55.251528891Z",
        "DockerVersion": "23.0.11",
        "Author": "",
        "Config": {
            "Hostname": "",
            "Domainname": "",
            "User": "",
            "AttachStdin": false,
            "AttachStdout": false,
            "AttachStderr": false,
            "Tty": false,
            "OpenStdin": false,
            "StdinOnce": false,
            "Env": [
                "PATH=/usr/local/sbin:/usr/local/bin:/usr/sbin:/usr/bin:/sbin:/bin"
            ],
            "Cmd": [
                "/bin/sh"
            ],
            "Image": "sha256:bcb357d67ea869c7f2f3907f596232cfa8ac8ef779f91fd5edc2df4048fd8b6c",
            "Volumes": null,
            "WorkingDir": "",
            "Entrypoint": null,
            "OnBuild": null,
            "Labels": null
        },
        "Architecture": "amd64",
        "Os": "linux",
        "Size": 7354302,
        "GraphDriver": {
            "Data": {
                "MergedDir": "/lzcsys/data/system/docker/overlay2/f97de7d82f310a1ac58d6376bd9726d915c20f13793966fc89c32ea22a5bc42f/merged",
                "UpperDir": "/lzcsys/data/system/docker/overlay2/f97de7d82f310a1ac58d6376bd9726d915c20f13793966fc89c32ea22a5bc42f/diff",
                "WorkDir": "/lzcsys/data/system/docker/overlay2/f97de7d82f310a1ac58d6376bd9726d915c20f13793966fc89c32ea22a5bc42f/work"
            },
            "Name": "overlay2"
        },
        "RootFS": {
            "Type": "layers",
            "Layers": [
                "sha256:ce7f800efff9a5cfddf4805e3887943b4a7bd97cf83140587336261130ece03b"
            ]
        },
        "Metadata": {
            "LastTagTime": "0001-01-01T00:00:00Z"
        }
    }
]
