[
    {
        "Id": "sha256:a6292eb82e9d63330bc7f48c88f19d14c757105be23535b200f278c0af8b299f",
        "RepoTags": [
            "registry.lazycat.cloud/librespeed:23.5.12"
        ],
        "RepoDigests": [
            "registry.lazycat.cloud/librespeed@sha256:1f828fe8337470d2ed5841176bfa6633fd94bda97261a636c35d0bef60a35270"
        ],
        "Parent": "",
        "Comment": "",
        "Created": "2022-03-08T12:54:54.342173154Z",
        "DockerVersion": "20.10.12",
        "Author": "",
        "Config": {
            "Hostname": "",
            "Domainname": "",
            "User": "",
            "AttachStdin": false,
            "AttachStdout": false,
            "AttachStderr": false,
            "ExposedPorts": {
                "80/tcp": {}
            },
            "Tty": false,
            "OpenStdin": false,
            "StdinOnce": false,
            "Env": [
                "PATH=/usr/local/sbin:/usr/local/bin:/usr/sbin:/usr/bin:/sbin:/bin",
                "PHPIZE_DEPS=autoconf \t\tdpkg-dev \t\tfile \t\tg++ \t\tgcc \t\tlibc-dev \t\tmake \t\tpkg-config \t\tre2c",
                "PHP_INI_DIR=/usr/local/etc/php",
                "APACHE_CONFDIR=/etc/apache2",
                "APACHE_ENVVARS=/etc/apache2/envvars",
                "PHP_CFLAGS=-fstack-protector-strong -fpic -fpie -O2 -D_LARGEFILE_SOURCE -D_FILE_OFFSET_BITS=64",
                "PHP_CPPFLAGS=-fstack-protector-strong -fpic -fpie -O2 -D_LARGEFILE_SOURCE -D_FILE_OFFSET_BITS=64",
                "PHP_LDFLAGS=-Wl,-O1 -pie",
                "GPG_KEYS=42670A7FE4D0441C8E4632349E4FDC074A4EF02D 5A52880781F755608BF815FC910DEB46F53EA312",
                "PHP_VERSION=7.4.28",
                "PHP_URL=https://www.php.net/distributions/php-7.4.28.tar.xz",
                "PHP_ASC_URL=https://www.php.net/distributions/php-7.4.28.tar.xz.asc",
                "PHP_SHA256=9cc3b6f6217b60582f78566b3814532c4b71d517876c25013ae51811e65d8fce",
                "TITLE=LibreSpeed",
                "MODE=standalone",
                "PASSWORD=password",
                "TELEMETRY=false",
                "ENABLE_ID_OBFUSCATION=false",
                "REDACT_IP_ADDRESSES=false",
                "WEBPORT=80"
            ],
            "Cmd": [
                "bash",
                "/entrypoint.sh"
            ],
            "Image": "sha256:7ff084d766fdec6fc22d33f5f9eb9e439c74a2f0be428cb20bc03be80a717aee",
            "Volumes": null,
            "WorkingDir": "/var/www/html",
            "Entrypoint": [
                "docker-php-entrypoint"
            ],
            "OnBuild": null,
            "Labels": null,
            "StopSignal": "SIGWINCH"
        },
        "Architecture": "amd64",
        "Os": "linux",
        "Size": 478020587,
        "GraphDriver": {
            "Data": {
                "LowerDir": "/lzcsys/data/system/docker/overlay2/0a1c51a3792a60880e251ecde36f055fc680c4d8fb123c50327be7eff5722da6/diff:/lzcsys/data/system/docker/overlay2/4f87149915e9ad18679188f36462d3e3c07e6b031630fbb819e6c56de944f896/diff:/lzcsys/data/system/docker/overlay2/87d4527cca43adad4e5310546dfa309440a67d7ba829387c6e23ed466737743f/diff:/lzcsys/data/system/docker/overlay2/67778b73af5dade79d9bde738d127bff6240c9e0b93379a4d193b094d0509aaf/diff:/lzcsys/data/system/docker/overlay2/a310554b6fbac70d71b50bea97be8a9e41f7affb215f1c2032a1e354457a70f6/diff:/lzcsys/data/system/docker/overlay2/355ca4c5bb8a3ec5a4788cf1354db9c7e261667f187b8bf90f3baf7515c069ca/diff:/lzcsys/data/system/docker/overlay2/244aa489f3d5948eb52d71ada73bd09ae1907d79484ee96cd67e9d4c2b258df4/diff:/lzcsys/data/system/docker/overlay2/8b7c36a1dd4bcb97828c7b2a54317617c4c92b32280a440c5fac29a59c028771/diff:/lzcsys/data/system/docker/overlay2/a5c3353a377ff29074770be833228a6df2665b58adbd2741c734a18a3bcd59bf/diff:/lzcsys/data/system/docker/overlay2/7f2f2c11db6ed804f134e86689beaafce19e9a007e1e1faf27968369677819f1/diff:/lzcsys/data/system/docker/overlay2/6b0cf13198b258e2e9af2b5879454e1ffde3fe6b07471fe1e711db38ada7bf64/diff:/lzcsys/data/system/docker/overlay2/245b6611d2418c2be7b1f2b532b496f16c617977a241e4a72c65edc5d8cb3398/diff:/lzcsys/data/system/docker/overlay2/efb7deebf6903a079225265d05a810d2555e30bd23143045dce579419afac1d0/diff:/lzcsys/data/system/docker/overlay2/b9e908b9658a17f8ef442f5171a85703c76d7cc6394c80db50dcd28394bb3c0f/diff:/lzcsys/data/system/docker/overlay2/c22a8b32884566331c99eb4d6c9498ff3e9eb6a15144eaa35842baf0a3a23ae2/diff:/lzcsys/data/system/docker/overlay2/4bec3175fb0a8c058dbac433107b6f652964718615a91fadd9e28e77ce696436/diff:/lzcsys/data/system/docker/overlay2/aa94d95aeaae29b3d5a2635fb296d3e27a17f575cf0f93c2926aa3f1b9eabdba/diff:/lzcsys/data/system/docker/overlay2/e37b8f37f3a48a387944c2e485d2717b13fcd2d21d065ab0756d0477c92b7c47/diff:/lzcsys/data/system/docker/overlay2/1316b41ffa35cc65fd7bd91162b81e1b61d8d415078864c9eb95ee78025a5f16/diff:/lzcsys/data/system/docker/overlay2/133b13b509fa5935f5ec56aa24ea38c962d491d344339104d51035ebdb61fb90/diff:/lzcsys/data/system/docker/overlay2/0205aaf0d8c4daf014350ab352efa3fdf975369ccba12c77f764f1cd75c8afcf/diff:/lzcsys/data/system/docker/overlay2/bd149719cf4f0f12b128ccdbb699cbcc486a835b0b69aa77a3a86c40dc9f38d4/diff",
                "MergedDir": "/lzcsys/data/system/docker/overlay2/886a26b022ed835001d3ae10a4dc6fe0dbbe9e11d13ae29b14a5f286c9f2e587/merged",
                "UpperDir": "/lzcsys/data/system/docker/overlay2/886a26b022ed835001d3ae10a4dc6fe0dbbe9e11d13ae29b14a5f286c9f2e587/diff",
                "WorkDir": "/lzcsys/data/system/docker/overlay2/886a26b022ed835001d3ae10a4dc6fe0dbbe9e11d13ae29b14a5f286c9f2e587/work"
            },
            "Name": "overlay2"
        },
        "RootFS": {
            "Type": "layers",
            "Layers": [
                "sha256:1401df2b50d5de5a743b7bac3238ef3b7ce905ae39f54707b0ebb8eda3ab10bc",
                "sha256:7a5c9e1cb1a95297465c4fe63d541b3af577f3d7d4977778ff2ef34411711f6e",
                "sha256:5681a9aeb0977f6663eb8338a4d53f05072daafc3f121d08c135fb353849729a",
                "sha256:9c546a77f820197618c8a38f2f00cffdc9482b4630336e8363b8ae663aa6b0d1",
                "sha256:139a4108096b4fb142a0e84626ca41613adfbc13f786649274f7132b5fc17cb5",
                "sha256:66a49291b12dad2c2c742c573ec3bb645133a512ae689d9b27056269bfb1aa4e",
                "sha256:b3bb35acd4ffe7ac7e8a7e335e5464ea3df57df45a00993b3f68fc2e4ea0e9db",
                "sha256:90ef736cdd8b9d3c1ada17ee9c79c0df259ebffbf27ab9dedb48284aab64ceb5",
                "sha256:83409d7da27df9dd3931f75f3de05f548192d9730dcf1ba551c148ef6e27d74d",
                "sha256:9651f693957bb48ff7d8bb3ce17660cffb2493235372559c8f614534d7e16cb8",
                "sha256:ad2e31e1e3542f36d69cb428820ac78c594b10ec9c455994aa372d2451139a60",
                "sha256:d646648d7185f6aad7ad4acffc2f07951e00180c2fb529ee44eed4da345dda17",
                "sha256:6d4cf2602cd9c02e839083097edf2957d1eeb7ae6070823d42160958e76f93ba",
                "sha256:9c74d2ed1b0e38e8cbe2e7f2db635bf0b3ea9d0410432d7788c9670b220ab04d",
                "sha256:8c59eb066233a0b178ff0694a7c520d7a5db0e48296cd0da94caa90aafcc1e88",
                "sha256:734ababafb6b352753817ae4a1e1181f35b67ce36952f0a79027fb806ccc093e",
                "sha256:1835f0cca8bf7abac849bb6ac3d5634735fb1c09b586446d4ea55883e476d443",
                "sha256:9d544df618b985abb9cc0c58d6dcda14ef4dd1896108b66e6c4ef70d3987375a",
                "sha256:8ff5a99537b918c9ffa2e2321ba5233e57a5a24e973bc6336368a1bfeac6c953",
                "sha256:714fd0048e5110ecef8ecef5cb6be5cbaf60e8ee97c0229dd7d3291e43917fbb",
                "sha256:f5b01bf84466c79ed636440e56fe3038bd7266b85572d5ca17d200adc11a2ade",
                "sha256:426edfd3f97164b0b734d6ac78541e34650327192a1956c5d80ae804cfc96f0f",
                "sha256:b867b9f21a84e514bd7705e7189ae7d2cc40a6e284a1e98921d075dfc2667363"
            ]
        },
        "Metadata": {
            "LastTagTime": "0001-01-01T00:00:00Z"
        }
    }
]
