[
    {
        "Id": "sha256:2b9b41bd7ec2e82e38bd87d878be11a035b4680a60800d7eb453cc1764c8d6e6",
        "RepoTags": [
            "registry.lazycat.cloud/x/lzc-aipod-mtrans:3f3b3fc"
        ],
        "RepoDigests": [
            "registry.lazycat.cloud/x/lzc-aipod-mtrans@sha256:4aa9977951ab2bdb734efb1363d6b878f6648730876461e1907b9a11f8b1a850"
        ],
        "Parent": "",
        "Comment": "buildkit.dockerfile.v0",
        "Created": "2025-09-30T10:50:23.098103495+08:00",
        "DockerVersion": "",
        "Author": "",
        "Config": {
            "Hostname": "",
            "Domainname": "",
            "User": "",
            "AttachStdin": false,
            "AttachStdout": false,
            "AttachStderr": false,
            "Tty": false,
            "OpenStdin": false,
            "StdinOnce": false,
            "Env": [
                "PATH=/usr/local/sbin:/usr/local/bin:/usr/sbin:/usr/bin:/sbin:/bin",
                "MODELS_DIR=/app/models",
                "NUM_WORKERS=1",
                "IP=0.0.0.0",
                "PORT=8989",
                "RUST_LOG=warn"
            ],
            "Cmd": [
                "/app/mtrans"
            ],
            "ArgsEscaped": true,
            "Image": "",
            "Volumes": null,
            "WorkingDir": "/app",
            "Entrypoint": null,
            "OnBuild": null,
            "Labels": null
        },
        "Architecture": "amd64",
        "Os": "linux",
        "Size": 2830412326,
        "GraphDriver": {
            "Data": {
                "LowerDir": "/lzcsys/data/system/docker/overlay2/7226a09a8f1038fbac3fd136ed1e78daa0d48c32a3d78bbbd04e8158a8b04e70/diff:/lzcsys/data/system/docker/overlay2/22e721b79f841b0b6f2b3d231d91024255858a27fc03e83836d39904bbec3333/diff:/lzcsys/data/system/docker/overlay2/ea0ff86eb8546eeda281c8d587d70a2a5cc4e2ac5dc0d8fbc4e7324a9127435a/diff:/lzcsys/data/system/docker/overlay2/dfc924f59ea482e34ad09d0625a92fda695458f3cf3e7927cd17aac20c635fe4/diff",
                "MergedDir": "/lzcsys/data/system/docker/overlay2/dfa1c0594ecca4e9e4832e8b49eea9f5f3c7423fe6032b1fc212c11c3851343a/merged",
                "UpperDir": "/lzcsys/data/system/docker/overlay2/dfa1c0594ecca4e9e4832e8b49eea9f5f3c7423fe6032b1fc212c11c3851343a/diff",
                "WorkDir": "/lzcsys/data/system/docker/overlay2/dfa1c0594ecca4e9e4832e8b49eea9f5f3c7423fe6032b1fc212c11c3851343a/work"
            },
            "Name": "overlay2"
        },
        "RootFS": {
            "Type": "layers",
            "Layers": [
                "sha256:aca83606673032726b42f8e1396ceb979c32bfb26b602732baf699053e46b33e",
                "sha256:b6b9d00fa419802d47c3fc60cabd11203d4d53b6f0f584f53ee6ffd89e1cabcb",
                "sha256:d08d64e5998dba0388d615281cf0901113ea0924e8f4ac690272215ae5e829ec",
                "sha256:a414bbc9187a8bf092343344a9fc18a186df087f5ba7bfa308d55c7b3c317553",
                "sha256:a4123ff452b703e1626eaaf50556842a4dc71b1cf8b98ae3407987916e851b3f"
            ]
        },
        "Metadata": {
            "LastTagTime": "0001-01-01T00:00:00Z"
        }
    }
]
