[
    {
        "Id": "sha256:f6f67d7c4ec639f147f112705aca304e2460db1845b9eff68b3e66793ba5ece5",
        "RepoTags": [
            "registry.lazycat.cloud/tx1ee/outlinewiki/outline:1b173a5ab264e265"
        ],
        "RepoDigests": [
            "registry.lazycat.cloud/tx1ee/outlinewiki/outline@sha256:1b173a5ab264e26527639cb1a6c95ff9a0b6c1d969af45f43f68b2e46b960a25"
        ],
        "Parent": "",
        "Comment": "buildkit.dockerfile.v0",
        "Created": "2025-10-29T03:23:33.476502466Z",
        "DockerVersion": "",
        "Author": "",
        "Config": {
            "Hostname": "",
            "Domainname": "",
            "User": "nodejs",
            "AttachStdin": false,
            "AttachStdout": false,
            "AttachStderr": false,
            "ExposedPorts": {
                "3000/tcp": {}
            },
            "Tty": false,
            "OpenStdin": false,
            "StdinOnce": false,
            "Env": [
                "PATH=/usr/local/sbin:/usr/local/bin:/usr/sbin:/usr/bin:/sbin:/bin",
                "NODE_VERSION=22.21.0",
                "YARN_VERSION=1.22.22",
                "NODE_ENV=production",
                "FILE_STORAGE_LOCAL_ROOT_DIR=/var/lib/outline/data"
            ],
            "Cmd": [
                "yarn",
                "start"
            ],
            "Healthcheck": {
                "Test": [
                    "CMD-SHELL",
                    "wget -qO- \"http://localhost:${PORT:-3000}/_health\" | grep -q \"OK\" || exit 1"
                ],
                "Interval": 60000000000
            },
            "ArgsEscaped": true,
            "Image": "",
            "Volumes": {
                "/var/lib/outline/data": {}
            },
            "WorkingDir": "/opt/outline",
            "Entrypoint": [
                "docker-entrypoint.sh"
            ],
            "OnBuild": null,
            "Labels": {
                "cloud.lazycat.image.maintainer": "tx1ee",
                "cloud.lazycat.image.origin_hash": "sha256:a13ef551855ef070cf5a2ca2376644d0526995a05fdeb1f3a9a2f3a163f7a3c3",
                "cloud.lazycat.image.origin_image": "outlinewiki/outline:1.0.1",
                "org.opencontainers.image.created": "2025-10-29T03:23:06.644Z",
                "org.opencontainers.image.description": "The fastest knowledge base for growing teams. Beautiful, realtime collaborative, feature packed, and markdown compatible.",
                "org.opencontainers.image.licenses": "NOASSERTION",
                "org.opencontainers.image.revision": "ecba11b786c25ad3f39979982a02a437a04a2afa",
                "org.opencontainers.image.source": "https://github.com/outline/outline",
                "org.opencontainers.image.title": "outline",
                "org.opencontainers.image.url": "https://github.com/outline/outline",
                "org.opencontainers.image.version": "1.0.1"
            }
        },
        "Architecture": "amd64",
        "Os": "linux",
        "Size": 992947322,
        "GraphDriver": {
            "Data": {
                "LowerDir": "/lzcsys/data/system/docker/overlay2/0bc3961972fb77713e7509d9f1d9235f97aa2c7065acad5ee189300093d9b179/diff:/lzcsys/data/system/docker/overlay2/6755d82272870422e2f553983a39160fa498caac4ff7ac2bb92452b2959a7907/diff:/lzcsys/data/system/docker/overlay2/8e9740e7496510ce5f7137019e0222761baf760a9a093b9e12a0ec0e34439c53/diff:/lzcsys/data/system/docker/overlay2/6eae9e58d952736d43250cb283a42d244275f03c3bbc21e1a6c3ac186c049455/diff:/lzcsys/data/system/docker/overlay2/bc2fee10501ec2ca4c2e749fe5155a74b15c0de3d281ee8092e7481b57bf960e/diff:/lzcsys/data/system/docker/overlay2/4ce7ddc49f2071e292a3039c07ec5e8a0e0c19aad437ec010c26e7d1dd962317/diff:/lzcsys/data/system/docker/overlay2/2240e455ebf82d2106f2f4989dc2f97cc1cc645c9faf1a9fa0a896925ea19c39/diff:/lzcsys/data/system/docker/overlay2/1eed37a69e13246def1e2cbc1e3c4aa32a2100464455545741bb4002c65aa7cb/diff:/lzcsys/data/system/docker/overlay2/1e02b4858c3db1c9daa768c164b92bb80fef849b8b2f6001194d86eff9fbb394/diff:/lzcsys/data/system/docker/overlay2/c0a62ab1847a30f26d9128d7957f55a6516a2a2af20cd4dbfe5355eae194022b/diff:/lzcsys/data/system/docker/overlay2/9a05a45ddfa1c618f2f9bb7ba456b500588e44c0c52eeecd63ea6ce6e22c776c/diff:/lzcsys/data/system/docker/overlay2/0a24684e72b913663fa228b96d32cf988ae8541b46f26be4f5084dee9b1156f2/diff:/lzcsys/data/system/docker/overlay2/d869cfe432509b1f3fd279eb46afeb93076ccd3f5947a6aa3c42a677445f678c/diff:/lzcsys/data/system/docker/overlay2/355af808a817544aa581f0f3824028f62150efa78267f0bd787d3b9a73e720db/diff",
                "MergedDir": "/lzcsys/data/system/docker/overlay2/5c6f465424e4d81b11c55c3339442f2c9bfe2f3896ab58509efe4fa35db9f06d/merged",
                "UpperDir": "/lzcsys/data/system/docker/overlay2/5c6f465424e4d81b11c55c3339442f2c9bfe2f3896ab58509efe4fa35db9f06d/diff",
                "WorkDir": "/lzcsys/data/system/docker/overlay2/5c6f465424e4d81b11c55c3339442f2c9bfe2f3896ab58509efe4fa35db9f06d/work"
            },
            "Name": "overlay2"
        },
        "RootFS": {
            "Type": "layers",
            "Layers": [
                "sha256:d6d0586ce8024205fd00d811876170571638957b5095d7e9dd1d015345c8d069",
                "sha256:c5165b198ba2c6e3422f43136c1d20c89022a8b15395324a8be3d4d83fe92933",
                "sha256:aa21de031a467efec341358b87540aef1f8b0a2e3090b9706c8fec1f410bf8c0",
                "sha256:d73a8c3456273f20347083de0172fe1ab7b7313653cce1918b77e628fb52d1c6",
                "sha256:2a83fe515879193235eef665b9cef02c3a4af3579461eeb5c386e2ae108974f2",
                "sha256:4937dec385c9e53351eb5f6dad6a57757f1d518f0242e45972b2d05428ff8cb6",
                "sha256:e41e51118f198dd7e578aeb18e4f8c232b18c4da773735bbf11364ebfbcf072b",
                "sha256:9b7e3907c24143754d3496047ac87e334e1fcbad53be9b60f9cebd8c2d9b64ae",
                "sha256:dbf312302f3e8e1e414494c5b3e0bbd78ae55715fb9f5f1ecb4ad6f8e1056334",
                "sha256:85fc42eed39593dee4cfe1afa1cfcdb7ae9f4ab07cfd4b80d233ac844360d467",
                "sha256:b1f19b340cc4f81e580a0c24852a2c900186be2a915659f87cb9ccfcd5adc36f",
                "sha256:7de2cb64eaaec0b935728f59819f32eb4775064ed7b994d89c5da227348f86c5",
                "sha256:a152586bccaacafa5116448d0d4e39e12963ec31ad3d180b2d800aa78dab0222",
                "sha256:9e9f0b84a49acbce04574f59901ac3ca6a2bcbd536f2beb32aec8a1b31970966",
                "sha256:e9e2d073b8af2153bf4ba693b18c8ebb33be01ed23ff8d5a345c59799b07540d"
            ]
        },
        "Metadata": {
            "LastTagTime": "0001-01-01T00:00:00Z"
        }
    }
]
