[
    {
        "Id": "sha256:081b82fc14436fb88cc8f5c3b9701624f95a50fc5d44d125238ef2063340ccb2",
        "RepoTags": [
            "registry.lazycat.cloud/lzc/tvos-release:v0.1.315"
        ],
        "RepoDigests": [
            "registry.lazycat.cloud/lzc/tvos-release@sha256:a80347bfccd7fe4844912b614576c4a61f5bd80600263ae61a79249a839467b3"
        ],
        "Parent": "",
        "Comment": "buildkit.dockerfile.v0",
        "Created": "2025-10-29T15:40:37.230768572+08:00",
        "DockerVersion": "",
        "Author": "",
        "Config": {
            "Hostname": "",
            "Domainname": "",
            "User": "",
            "AttachStdin": false,
            "AttachStdout": false,
            "AttachStderr": false,
            "ExposedPorts": {
                "5500/tcp": {}
            },
            "Tty": false,
            "OpenStdin": false,
            "StdinOnce": false,
            "Env": [
                "PATH=/usr/local/sbin:/usr/local/bin:/usr/sbin:/usr/bin:/sbin:/bin",
                "DEBIAN_FRONTEND=noninteractive"
            ],
            "Cmd": null,
            "Image": "",
            "Volumes": null,
            "WorkingDir": "",
            "Entrypoint": [
                "/home/tvos/run.sh"
            ],
            "OnBuild": null,
            "Labels": null
        },
        "Architecture": "amd64",
        "Os": "linux",
        "Size": 3117273548,
        "GraphDriver": {
            "Data": {
                "LowerDir": "/lzcsys/data/system/docker/overlay2/0050ea12a02247485f1edcc44d2c14f6b24a38161a815c9715d9e9bbd0b92e58/diff:/lzcsys/data/system/docker/overlay2/6962dd9f37f80f7d5731e4b282ae6a893b3f74371dade37d9c15a51d0ba6f2e2/diff:/lzcsys/data/system/docker/overlay2/cf88b73fcfe5f76e5df83121d1289fad08d955632ea289d8a063bee550be37b5/diff:/lzcsys/data/system/docker/overlay2/56906f48ebd6a9f6e4799c8a29dbf92dbf6c359627bcf2f4d98890c462c054c3/diff:/lzcsys/data/system/docker/overlay2/86f242d4c048a372da4a1418a780510d604495576e614d03fb2566c652f5dd7f/diff:/lzcsys/data/system/docker/overlay2/647b720b45a975f8e7299643f675b15ee1e692d25ad894ce006d0977bd5bb03d/diff:/lzcsys/data/system/docker/overlay2/2a628e20ca5c546ea637c1e402daf0a8c8964ad8cfbb0b432ee3251252f73f35/diff:/lzcsys/data/system/docker/overlay2/1d652a5597f7f46dc6a9d4ce266926f5a78ca1970b6c866a0bd08f019777f901/diff:/lzcsys/data/system/docker/overlay2/630f984db5626d218f4b985a1e8f5285ffe814587cdec6be8e6623bbb3cc6d4f/diff:/lzcsys/data/system/docker/overlay2/d01bcb9a93bb80c03a83ecd555b21fd793e523b740defb1475de6d9e7031c3de/diff:/lzcsys/data/system/docker/overlay2/a207add5a2576af228091052475233fa98d7798d634adc88bffe27e439da7beb/diff:/lzcsys/data/system/docker/overlay2/cd9ec87ab03c919496c255fa4e4c757613709c1b332aabd6e03202bcd94d161e/diff:/lzcsys/data/system/docker/overlay2/455f3d379301ec2f5482fe601fd8e42f7c522807ee7ce669521ba12742e6fcb9/diff:/lzcsys/data/system/docker/overlay2/1a51e23b871167a0451ee8f023bddc131414eae6c377ae57c91e417c0e1dd164/diff:/lzcsys/data/system/docker/overlay2/158fdc08c157e5bc57ddbed4631a3e19922f5bc6be6b2e978fb878ad5723b595/diff:/lzcsys/data/system/docker/overlay2/00c55d04f4f74af025659bea384ae2bc1e09ff49faea61eed6c441f9a4f58441/diff:/lzcsys/data/system/docker/overlay2/98bae35086cdad6fe8b0be4dfd22e032419ff3cb357e2299d67a28a6c4f5f9a2/diff:/lzcsys/data/system/docker/overlay2/b9e222801d045c6f84beaf4a5aedb86f870142fccfd9878ac50a1400d996368b/diff:/lzcsys/data/system/docker/overlay2/e1c8cfede9f625ecaec158e05009faca027129615464e3c1b8acd4c98c035f6e/diff:/lzcsys/data/system/docker/overlay2/c843544a28e444d3c0815955f2559420799dd56f7ed477b524e28d829bf30a99/diff:/lzcsys/data/system/docker/overlay2/aad15e5a74b5414d2f5a52772509820822f872d7f0a87c7396b1a99236727730/diff:/lzcsys/data/system/docker/overlay2/09caf7f8dd78798d414b1b25a61cb766360d3d80e05c5875886eec66e0c00ac1/diff:/lzcsys/data/system/docker/overlay2/ae34a30c076ecac450764b0e02aa2e8c03d7c513219a69d3bd24843598e6cf44/diff:/lzcsys/data/system/docker/overlay2/3d71b0c22da1e4f316d2fc371957f8230cb2c09aeae9bf93aedff93d1efdb6a3/diff:/lzcsys/data/system/docker/overlay2/305ea93be93c137429eeb6ba61a96dbb69a3c788bf84f33fd12a4cf523507b52/diff:/lzcsys/data/system/docker/overlay2/0761a075fa32160ab46ed18edb88b7c960788a5c34893b844778782333deb72c/diff:/lzcsys/data/system/docker/overlay2/c5537f6d80dec140831916dfe60ef7ee19d60f5ed72432db8682636bf1eaefba/diff",
                "MergedDir": "/lzcsys/data/system/docker/overlay2/4849d64878a8f36482c2f29496c641c0cc55a431dac3b4305ec11dab6019dba8/merged",
                "UpperDir": "/lzcsys/data/system/docker/overlay2/4849d64878a8f36482c2f29496c641c0cc55a431dac3b4305ec11dab6019dba8/diff",
                "WorkDir": "/lzcsys/data/system/docker/overlay2/4849d64878a8f36482c2f29496c641c0cc55a431dac3b4305ec11dab6019dba8/work"
            },
            "Name": "overlay2"
        },
        "RootFS": {
            "Type": "layers",
            "Layers": [
                "sha256:461a7776911dec611e743446d46c4175a1c698b56883ee31f987cd3b441e2223",
                "sha256:df551a9aabbbb6a2f12c94293cacc5cd6c5c57a34a5c3b0903299346b03c2b90",
                "sha256:6514000d52ac9801b250caba9b8b9430656d98efda4302081a278af75f034bf8",
                "sha256:6eca031b680e22494f1f4d09a3a658bf2a8250d7ea0310174296d9f004ceefab",
                "sha256:c679a5a3288227292d82e4013ce5c68f08ecee8e320e5e0dfe49f432035ac501",
                "sha256:d01c620eaa232862955c37f5323392aa1dfa9f0b01d83a0881131fffd3e76cb3",
                "sha256:fd1916b90e9045389d0ab55c8bafddbcbf45bbfe1da6c3ace115f1a3d3952c03",
                "sha256:593df92db8747a9e1033838403db1e22d62e6f44c50066d32db436680c08722b",
                "sha256:b815d491ba134ab8b66441c983c7d3127d85181d31e1cddddc5e1c0af07abe59",
                "sha256:fdd8505b52d46891d743049e7fc71c2428b5342478d782367f07a9fd652a3789",
                "sha256:77e22db51d9e8a424b3418f75ba39d6ffd4fd19dda7b525ab57917658bd697e8",
                "sha256:ce2f438550604b91005e052ae30ca26068c93d77e0addc8cdefcf587614f9703",
                "sha256:70d1bcc0cd0c829968777cec5d8deed1397608662c2c3716d9ab10fe91212a6d",
                "sha256:689c1021561171725eee2d99749f96aaeff90f96f4d3870319bef9422946cdae",
                "sha256:048580ed5db0907340c71bc6cda016b32b3eaee893bfa61fd74dde30679839d4",
                "sha256:540164ceefac8f11d3731a46640df4b8a73e93f56a8ee0a0d38df8b469867e57",
                "sha256:50cf9b7ef60516e8c88f7e26e7e3b34a49b6d59cf59335eac2dc80b3921b83a1",
                "sha256:a3b8f28b9b027bb93f1789ce446e1135b6b729dc09cef64443baa2800ac297da",
                "sha256:589a7e7ccb4b5c3121bef202d91302bdddf65edb5950bb859c2a9c0515b6950e",
                "sha256:82a2a7153dcb13a441113f5493ae806c17c91a5e180c9a8d3b25720e66f3e20a",
                "sha256:5f70bf18a086007016e948b04aed3b82103a36bea41755b6cddfaf10ace3c6ef",
                "sha256:c93c645fd6f8acb19837ce004837889614d4f8606a1fed03e53f6a90d777710e",
                "sha256:5f70bf18a086007016e948b04aed3b82103a36bea41755b6cddfaf10ace3c6ef",
                "sha256:5f70bf18a086007016e948b04aed3b82103a36bea41755b6cddfaf10ace3c6ef",
                "sha256:5f70bf18a086007016e948b04aed3b82103a36bea41755b6cddfaf10ace3c6ef",
                "sha256:6875e8e9cfc029581a14a25f261db86640f70f15b596f760b72620f8da0b0992",
                "sha256:5f70bf18a086007016e948b04aed3b82103a36bea41755b6cddfaf10ace3c6ef",
                "sha256:a0be88db9b9379472a81a3210051314667aec9bc0d56b7fed7dd8a77db94bc8a"
            ]
        },
        "Metadata": {
            "LastTagTime": "0001-01-01T00:00:00Z"
        }
    }
]
