[
    {
        "Id": "sha256:69ac149db74bd9c4782559846bf164393cbd8e0e7d1ebbc1dbce8d0d941544da",
        "RepoTags": [
            "registry.lazycat.cloud/ai/photosearch:18c29f07"
        ],
        "RepoDigests": [
            "registry.lazycat.cloud/ai/photosearch@sha256:95ebb2ed3c6b9510f4fddf8bd9999b204a02fbd5b76b53f843c36db35d0cda13"
        ],
        "Parent": "",
        "Comment": "buildkit.dockerfile.v0",
        "Created": "2025-05-30T17:51:17.761383683+08:00",
        "DockerVersion": "",
        "Author": "",
        "Config": {
            "Hostname": "",
            "Domainname": "",
            "User": "",
            "AttachStdin": false,
            "AttachStdout": false,
            "AttachStderr": false,
            "ExposedPorts": {
                "5000/tcp": {}
            },
            "Tty": false,
            "OpenStdin": false,
            "StdinOnce": false,
            "Env": [
                "PATH=/usr/local/bin:/usr/local/sbin:/usr/local/bin:/usr/sbin:/usr/bin:/sbin:/bin",
                "LANG=C.UTF-8",
                "GPG_KEY=A035C8C19219BA821ECEA86B64E628F8D684696D",
                "PYTHON_VERSION=3.11.11",
                "PYTHON_SHA256=2a9920c7a0cd236de33644ed980a13cbbc21058bfdc528febb6081575ed73be3",
                "LAZY_VAR=/lzcapp/var",
                "NEOReadDebugKeys=1",
                "OverrideGpuAddressSpace=48"
            ],
            "Cmd": [
                "python3",
                "/photosearch/server.py"
            ],
            "ArgsEscaped": true,
            "Image": "",
            "Volumes": null,
            "WorkingDir": "/photosearch",
            "Entrypoint": null,
            "OnBuild": null,
            "Labels": null
        },
        "Architecture": "amd64",
        "Os": "linux",
        "Size": 4034495418,
        "GraphDriver": {
            "Data": {
                "LowerDir": "/lzcsys/data/system/docker/overlay2/343be42753e64b0c05693869f6e29aec7c01c06e20285bd3c60d6d82ed1cb3a9/diff:/lzcsys/data/system/docker/overlay2/7bef41b9ac067da48a176184f8c4e4e8e6279b888c814d02fd4021bafa6debc4/diff:/lzcsys/data/system/docker/overlay2/79d956ffa4288fef235b6ba3c2cbda9647625211e0306d8f1b9009a5a21403fe/diff:/lzcsys/data/system/docker/overlay2/1e65c04c36b262ddf9f157671701542b00cffe7e5d4fdf4b0eaa9f12211de071/diff:/lzcsys/data/system/docker/overlay2/772accb9720f47367efb7c38e68a749888348c7273bc6b8084c3150a6a122a25/diff:/lzcsys/data/system/docker/overlay2/386adb56f9a344c10c788edabec283f497d7462c4028a74466582b4fe25ad062/diff:/lzcsys/data/system/docker/overlay2/94dfa741e6c609e509f261684bf4b5c36eeff1860018f70ed6d00415e6e494ba/diff:/lzcsys/data/system/docker/overlay2/ce193ad5764eae1f9e5bf5720fa94c8d04c058498613431ffb71dcb9421af12f/diff:/lzcsys/data/system/docker/overlay2/b5481dc334715079b37610f45e2346aed0734003c80957919dc791bc2b608852/diff:/lzcsys/data/system/docker/overlay2/de8330658a0324210ab794268d1e69ffedd51095797cd392b7d53aa3616a3dfb/diff:/lzcsys/data/system/docker/overlay2/6301d305d16711132e7bbf8c317d6f43d93cde0ed57c99df361c5046e6bd65d0/diff:/lzcsys/data/system/docker/overlay2/f297ee249f1a722e31c49fa293d44d3f796365c7803753a7bd83675b8b14f2bf/diff:/lzcsys/data/system/docker/overlay2/da64ccf416889ca9c1ac0ea9b78a8a7d11c91d373fac71d53976aae0a42e1e90/diff:/lzcsys/data/system/docker/overlay2/d85d3dc2b442301ec7e7635f580c746c90b29ddcda4d40828b8a89261136e8ea/diff:/lzcsys/data/system/docker/overlay2/7218a8782a41972944688beeef03738861904ddd90e23599713f70086f990d32/diff:/lzcsys/data/system/docker/overlay2/d20ce411cec8c2aeb1196f3c33081cebb640e87cdd8086b468d6dac1c9a63c7b/diff:/lzcsys/data/system/docker/overlay2/83ac13b75751d3fe67d810859095f8ddb9ddf9a141b19980b8325745fdcbb982/diff:/lzcsys/data/system/docker/overlay2/4890e4deb481f1e6ddab623d48dcac91966be675eb19e0311abc274522815e51/diff:/lzcsys/data/system/docker/overlay2/d6ee16ef06deae3de3a90e72ec3b036915e54b9cf4b508fc3a14ee2b7209c31a/diff:/lzcsys/data/system/docker/overlay2/578f1dcc1b93c93bfb576ccb7a6b01851f95b72aa5de51a5d2a7e01ef7035467/diff",
                "MergedDir": "/lzcsys/data/system/docker/overlay2/122029aea48a510cabdf64e9e8b1bda580647751e17d4d1ffc55fcc2250a6a1a/merged",
                "UpperDir": "/lzcsys/data/system/docker/overlay2/122029aea48a510cabdf64e9e8b1bda580647751e17d4d1ffc55fcc2250a6a1a/diff",
                "WorkDir": "/lzcsys/data/system/docker/overlay2/122029aea48a510cabdf64e9e8b1bda580647751e17d4d1ffc55fcc2250a6a1a/work"
            },
            "Name": "overlay2"
        },
        "RootFS": {
            "Type": "layers",
            "Layers": [
                "sha256:8b296f48696071aafb5a6286ca60d441a7e559b192fc7f94bb63ee93dae98f17",
                "sha256:f6ee4a3f4002665c60cff4c02c92ef2465ad4e09761543040b0ead3494cfe607",
                "sha256:15faf35c49d14ea8a6d7597b57a24ff5893fec8e8c2dd2f6242a26064b67fb7e",
                "sha256:a2962e4963128c1096a01854f36793531a8814384cc2cf2f3a5439b63442adf9",
                "sha256:d2da33bc49e341a1bb5eeda4befa030891f491d625377e78458099edf841228f",
                "sha256:265d3b9275f5bb6fe530e569c1fb1c654d74c710b581122ee6cab71146fbc524",
                "sha256:13015a10c01abd60c50512e0b9740e4ef876f7cc12d2673ec7bb29976133bae8",
                "sha256:0a257726a516025976c0699564d4a88f3aa4fd66bacd4a3bcb67f3ac9a71d745",
                "sha256:3e8edf4ba38ea908fd3e88ea3e8e045719823a6ccc36287ffd69b21aed0de454",
                "sha256:09c864934813527c65df0cc1b76c3e70303beb29859faf20c0379e9b5f21bb3b",
                "sha256:237df4167d228c0135e5b8d7b207f1bdc3f2437368194cdadeba48e3d766f7dc",
                "sha256:c00d81dad4e0c4a25cec5e763239d3b142cd3963bf3c4a3d6a9e04375f2c6d08",
                "sha256:1c75f5d84cef502f5888afbb45cd0d8fc94e9eb4187fbf5152493c65c2838ebe",
                "sha256:5f70bf18a086007016e948b04aed3b82103a36bea41755b6cddfaf10ace3c6ef",
                "sha256:fb02723993381acd382f21b839926039f2f945d7d001abe2af11a8fd1bc1837f",
                "sha256:eb23b63a7701ef954f959a1af8f86964a1ac38b2e674eae33ca161caff930cd7",
                "sha256:2700af6076a31ed1f837b132d9a16ee120bdb93d6cb6514aa0cc4696a214e29a",
                "sha256:8cebf7bbd0d382fa418bd81f18d1e458ee4283df659d8341363d894cfb0fbb54",
                "sha256:3764c026fbc01367e1474b2276ee9ab862d510c0e5511e842adaceefe83231e4",
                "sha256:4eeac5ed4b7dae38eee6c263fddd823aa770bc65e2a41e2f807a2a12d2ed874c",
                "sha256:e397b4ea650dd6ecc3e961c97132a163e43cf17c6a3e8ce93852f194742c8950"
            ]
        },
        "Metadata": {
            "LastTagTime": "0001-01-01T00:00:00Z"
        }
    }
]
