[
    {
        "Id": "sha256:cbe916c81f29cdb220dfae0c1bb9dab1db96375f131890b1d0794917416caa5e",
        "RepoTags": [
            "registry.lazycat.cloud/abby/1555904/solara-music:2ee940bb697abc2f"
        ],
        "RepoDigests": [
            "registry.lazycat.cloud/abby/1555904/solara-music@sha256:2ee940bb697abc2f925cc45826fbb25446c050b86373eebe07cf4ef80c15e18b"
        ],
        "Parent": "",
        "Comment": "buildkit.dockerfile.v0",
        "Created": "2025-11-03T14:05:35.641168289+08:00",
        "DockerVersion": "",
        "Author": "",
        "Config": {
            "Hostname": "",
            "Domainname": "",
            "User": "nextjs",
            "AttachStdin": false,
            "AttachStdout": false,
            "AttachStderr": false,
            "ExposedPorts": {
                "3001/tcp": {}
            },
            "Tty": false,
            "OpenStdin": false,
            "StdinOnce": false,
            "Env": [
                "PATH=/usr/local/sbin:/usr/local/bin:/usr/sbin:/usr/bin:/sbin:/bin",
                "NODE_VERSION=18.20.8",
                "YARN_VERSION=1.22.22"
            ],
            "Cmd": [
                "npm",
                "start"
            ],
            "ArgsEscaped": true,
            "Image": "",
            "Volumes": null,
            "WorkingDir": "/app",
            "Entrypoint": [
                "docker-entrypoint.sh"
            ],
            "OnBuild": null,
            "Labels": {
                "cloud.lazycat.image.maintainer": "abby",
                "cloud.lazycat.image.origin_hash": "sha256:d76f395017fb8b4ccc462024a56333e988915791e0b440c886cf3b3ded61bbe8",
                "cloud.lazycat.image.origin_image": "1555904/solara-music:latest",
                "com.docker.compose.project": "solara-docker-main",
                "com.docker.compose.service": "solara-music",
                "com.docker.compose.version": "2.29.2"
            }
        },
        "Architecture": "amd64",
        "Os": "linux",
        "Size": 142470312,
        "GraphDriver": {
            "Data": {
                "LowerDir": "/lzcsys/data/system/docker/overlay2/fa02021e6cbb3e171032e866bbc506e87df32c8a04e711c05db25d199322bc2b/diff:/lzcsys/data/system/docker/overlay2/08c0809a1b0840abb8ee05258bd6fe8ae97f76540bbf6feb1d0029cba7f7da35/diff:/lzcsys/data/system/docker/overlay2/6263c8ba0b2d0fb05f6e02501dfc46fa7036ac9d91f8e1d1ac8ed0e78b18048e/diff:/lzcsys/data/system/docker/overlay2/3e34e50b11c2bc6d94e7b689eec6438d6927f4da708e317b171a2c2f4596d92a/diff:/lzcsys/data/system/docker/overlay2/078c44940f634aff5f57a40904d55a0c63f369f99c9973d091f4029c45301ca2/diff:/lzcsys/data/system/docker/overlay2/812b317af9ef815f698c22a9f307e4e1b78a45becc5d648fe59da1fb4d1c8a55/diff:/lzcsys/data/system/docker/overlay2/631a6f700eefd2848a326929929d03941c82228021ec31b799060855de91557f/diff:/lzcsys/data/system/docker/overlay2/09c852a735ffefc366792290c8e37d7f794062911e6e25054671678c4d2b779f/diff:/lzcsys/data/system/docker/overlay2/37fd11db5cea31af86f4639113b3fb309240da8eae364c8d045e2c9a6b22a113/diff:/lzcsys/data/system/docker/overlay2/4dc9e32ebefde6201bb707671afe94b89c74fb2f1828c7455cb599f4d7afbeab/diff",
                "MergedDir": "/lzcsys/data/system/docker/overlay2/180ace9046b931802ce13230d886f512b3dc8ee89e57fb86b6ddf51076db7f87/merged",
                "UpperDir": "/lzcsys/data/system/docker/overlay2/180ace9046b931802ce13230d886f512b3dc8ee89e57fb86b6ddf51076db7f87/diff",
                "WorkDir": "/lzcsys/data/system/docker/overlay2/180ace9046b931802ce13230d886f512b3dc8ee89e57fb86b6ddf51076db7f87/work"
            },
            "Name": "overlay2"
        },
        "RootFS": {
            "Type": "layers",
            "Layers": [
                "sha256:08000c18d16dadf9553d747a58cf44023423a9ab010aab96cf263d2216b8b350",
                "sha256:0b1f26057bd0491a50f56fd7f2983bd3ad478511f12fff2b361a97c50cb5828b",
                "sha256:f3b40b0cdb1caad1db11b8589c814f85b3e69f3ed33f64a686e465e74a47c9f0",
                "sha256:82140d9a70a706b719632fec8e4d083419fc62159f94afec80dcabc52e0ed0d2",
                "sha256:1a7396d59fff136a02a78b9f471f770a0c2c9fa600e9b42040186c6216b1de0f",
                "sha256:4fe893c219e301451d8a69a222f430cfa806cb457fc07bd86e78313ccc5e4783",
                "sha256:0c5801d29f2ccfce5599f6ebc2845e18cb715f46e254611fbf2fd65be870e05c",
                "sha256:1efc8d5a4d992de967908ecc8b45808e62e1d3eca303e64e2a07e308a3845cd6",
                "sha256:bc949e0e0e49412ddedb7072afb1b4c3a58a2303abb53312c37e137ff65f033a",
                "sha256:a72fd1d5b64f7d5bc5d7976a994b783bcd227688a5a43e7998aa7379fffff0b6",
                "sha256:e3e41b5154bd1036cf92f0c8a3a8ea4ea9719e8e1998bf8edef59d5dc75b63f2"
            ]
        },
        "Metadata": {
            "LastTagTime": "0001-01-01T00:00:00Z"
        }
    }
]
