[
    {
        "Id": "sha256:62367466e4eb9cb8cec14a33e7cccababc85657b086a6f39ee6826d456ff25af",
        "RepoTags": [
            "registry.lazycat.cloud/x/videorag/rag:93c36f3"
        ],
        "RepoDigests": [
            "registry.lazycat.cloud/x/videorag/rag@sha256:6696db1fb0f2cead2b89351cc85c725d2cd57b69bdc447b49836127409e5f4b4"
        ],
        "Parent": "",
        "Comment": "buildkit.dockerfile.v0",
        "Created": "2025-09-19T12:15:00.534690509+08:00",
        "DockerVersion": "",
        "Author": "",
        "Config": {
            "Hostname": "",
            "Domainname": "",
            "User": "",
            "AttachStdin": false,
            "AttachStdout": false,
            "AttachStderr": false,
            "ExposedPorts": {
                "3000/tcp": {}
            },
            "Tty": false,
            "OpenStdin": false,
            "StdinOnce": false,
            "Env": [
                "PATH=/usr/local/bin:/usr/local/sbin:/usr/local/bin:/usr/sbin:/usr/bin:/sbin:/bin",
                "LANG=C.UTF-8",
                "GPG_KEY=7169605F62C751356D054A26A821E680E5FA6305",
                "PYTHON_VERSION=3.12.11",
                "PYTHON_SHA256=c30bb24b7f1e9a19b11b55a546434f74e739bb4c271a3e3a80ff4380d49f7adb",
                "DEBIAN_FRONTEND=noninteractive",
                "HF_ENDPOINT=https://hf-mirror.com",
                "HF_HOME=/app/models"
            ],
            "Cmd": [
                "python3",
                "server.py"
            ],
            "ArgsEscaped": true,
            "Image": "",
            "Volumes": null,
            "WorkingDir": "/app",
            "Entrypoint": null,
            "OnBuild": null,
            "Labels": null
        },
        "Architecture": "amd64",
        "Os": "linux",
        "Size": 877116942,
        "GraphDriver": {
            "Data": {
                "LowerDir": "/lzcsys/data/system/docker/overlay2/2f06f153df5b511375c1791093b2a502b13a88c58b57a1f5612b139853c391c5/diff:/lzcsys/data/system/docker/overlay2/4cce0e708eec7f369a540caabf41dd47fe510c7c34f524fbc189e26acc7edad5/diff:/lzcsys/data/system/docker/overlay2/309d8db50c4c1518a49cd42032b4ec4a71f3a06b14c546d58ed211d5ddd26399/diff:/lzcsys/data/system/docker/overlay2/dfb14e19247ededc974b61ea8027eca0fdd28f58ca4f5a30a3361aeb2838b545/diff:/lzcsys/data/system/docker/overlay2/65b00e84317e41f16f7ccc950572a9ecbe361b8b608d981d8f24c7309a12e56d/diff:/lzcsys/data/system/docker/overlay2/1db9fe061a224879ed54afac913199be127d724e123d60bd6494e36952445d54/diff:/lzcsys/data/system/docker/overlay2/46e5edbc78f48f8b7b52c194d94b448ddd84682f721b9ae985af9cbfc6e4151b/diff:/lzcsys/data/system/docker/overlay2/a60f6652a1977e261e37fefaa938dc21da985d589d702a3faa71b792ca100d59/diff:/lzcsys/data/system/docker/overlay2/c35cf2f37e6e27d21f2984695f58e72d1cc8d1f4a62309a49795914291449b36/diff:/lzcsys/data/system/docker/overlay2/37ed8a197e831c915fd15f99a3bbcc36e7d42c2fdf890691ef1f6de9545e2667/diff",
                "MergedDir": "/lzcsys/data/system/docker/overlay2/c0cc3072b27cd55660126139f7e8b9f96e87afb705ec6ff95aa57fb587064a41/merged",
                "UpperDir": "/lzcsys/data/system/docker/overlay2/c0cc3072b27cd55660126139f7e8b9f96e87afb705ec6ff95aa57fb587064a41/diff",
                "WorkDir": "/lzcsys/data/system/docker/overlay2/c0cc3072b27cd55660126139f7e8b9f96e87afb705ec6ff95aa57fb587064a41/work"
            },
            "Name": "overlay2"
        },
        "RootFS": {
            "Type": "layers",
            "Layers": [
                "sha256:36f5f951f60a9fa1d51878e76fc16ba7b752f4d464a21b758a8ac88f0992c488",
                "sha256:db50b384e7f6bcbbc21381a55314e750bb84698433d9a639ab7b95e45f2e311f",
                "sha256:2f1f04e0e5ee6275544a1a9afbe73278dc236d5815f10cd84f7bac0514504bf2",
                "sha256:0f257b00cec96f8914841d5f10af74587190cebd6ddfff6cedbc9813dcc2539b",
                "sha256:56582bfcb6d0c05f6fcc50a9e6a91bfbedd1bfbff0f6a929f5a96646d498f88d",
                "sha256:4caac8f234642b474196cd49d6744aed520d322709074985b8d94824f23ea30d",
                "sha256:b22916d9ece713a4ed108e9c65a7888d594c0c7506d5e469fe018e32fd3077c6",
                "sha256:c61c42c5e963282e3f2a93a9eea2516a425f4beee03a90fc9fce94063ac0bedd",
                "sha256:d2886db8bdfcb17a6108136ecbd0a420eb58813f72be802dca52f0c108c4b8e3",
                "sha256:85b3575283ce2564e3e1015b0e2d3fb511bc3dfcb20f3490988ffa4317c2499b",
                "sha256:a006d916cb40b5efbcbc9bfcfcb9b697d3f5eaaf8d23888d1d17ca795e73ea1f"
            ]
        },
        "Metadata": {
            "LastTagTime": "0001-01-01T00:00:00Z"
        }
    }
]
