[
    {
        "Id": "sha256:88c475f54c7a42833ed7b1f3b0d57749acc78d1cf8468efee84e8c96c620f14b",
        "RepoTags": [
            "registry.lazycat.cloud/aria2ng:1.36.0-2"
        ],
        "RepoDigests": [
            "registry.lazycat.cloud/aria2ng@sha256:74b5cc9229198382552ba904a7478b9cd2f05098257289f46b12547f7dd42726"
        ],
        "Parent": "",
        "Comment": "buildkit.dockerfile.v0",
        "Created": "2023-06-16T10:30:58.807060975+08:00",
        "DockerVersion": "",
        "Author": "",
        "Config": {
            "Hostname": "",
            "Domainname": "",
            "User": "",
            "AttachStdin": false,
            "AttachStdout": false,
            "AttachStderr": false,
            "ExposedPorts": {
                "8080/tcp": {}
            },
            "Tty": false,
            "OpenStdin": false,
            "StdinOnce": false,
            "Env": [
                "PATH=/usr/local/sbin:/usr/local/bin:/usr/sbin:/usr/bin:/sbin:/bin",
                "ARIA2RPCPORT=8080"
            ],
            "Cmd": [
                "--conf-path=/aria2/conf/aria2.conf"
            ],
            "ArgsEscaped": true,
            "Image": "",
            "Volumes": {
                "/aria2/conf": {},
                "/aria2/data": {}
            },
            "WorkingDir": "/aria2",
            "Entrypoint": [
                "./start.sh"
            ],
            "OnBuild": null,
            "Labels": null
        },
        "Architecture": "amd64",
        "Os": "linux",
        "Size": 67807930,
        "GraphDriver": {
            "Data": {
                "LowerDir": "/lzcsys/data/system/docker/overlay2/ec5f71ec1e50b720fc6d96e7561e9d6c33b87544490d1eee60e396461c611766/diff:/lzcsys/data/system/docker/overlay2/e96cef33428be8bd9c267ec55a29619267f2d64ef3e7f4f8d0d65d1249dd71b7/diff:/lzcsys/data/system/docker/overlay2/e1151877309afc5aa6a604aa0231a28f2ece13016760148fab7b49e073143152/diff:/lzcsys/data/system/docker/overlay2/9251d6d882f872a66b2381febacc58df3582dc277da25dcbcc2a9948e8562d76/diff:/lzcsys/data/system/docker/overlay2/14b34351da61bf1321620622c55d421bfd889c89e6726389dcd8a2ddec042b12/diff:/lzcsys/data/system/docker/overlay2/77f992431ea613d13f34458fa032bb101b55e96b3a1665b26bb1d8c33c08cfc0/diff:/lzcsys/data/system/docker/overlay2/7ea6d4557e45576efb0dd8e8f3fa3201a7798aceb169478857f685d73b303221/diff:/lzcsys/data/system/docker/overlay2/033b8f416ed1c25f86048cae0ba4f348f86bb0f6268ac6cd84df12eed8ed2115/diff",
                "MergedDir": "/lzcsys/data/system/docker/overlay2/3e4d55d0fb8c02331ea48e78cdab9bddc70ce5a541d98e1514365813154fb2eb/merged",
                "UpperDir": "/lzcsys/data/system/docker/overlay2/3e4d55d0fb8c02331ea48e78cdab9bddc70ce5a541d98e1514365813154fb2eb/diff",
                "WorkDir": "/lzcsys/data/system/docker/overlay2/3e4d55d0fb8c02331ea48e78cdab9bddc70ce5a541d98e1514365813154fb2eb/work"
            },
            "Name": "overlay2"
        },
        "RootFS": {
            "Type": "layers",
            "Layers": [
                "sha256:24302eb7d9085da80f016e7e4ae55417e412fb7e0a8021e95e3b60c67cde557d",
                "sha256:caa0a0dce5888e44637a54fe0b3fa01d74f13a1e4279c8e330969c6ef3625852",
                "sha256:29e91f41a7c14bc43b32f2041703abc6df925fc14394041652f96be0c47ad7f7",
                "sha256:5f70bf18a086007016e948b04aed3b82103a36bea41755b6cddfaf10ace3c6ef",
                "sha256:3708b0a5bb69df8f7a8a894046b998905f6630b5b682ba8aea3ada7eaf3aa4f0",
                "sha256:65bbbf875afc1831f81d813722ef160736894a249f0e48d8a4692cb8b07c8777",
                "sha256:a439d06565da059c737d1bf628cb23a8da87add187491f07d723a0655daa6db7",
                "sha256:a6f7a5debed135e188e0a63d8163479fa3fcda780385203cbec228f3f4dac11f",
                "sha256:0a893d7045a71e9dcff2e2896be0f320b4fa8c453cc9d4c0e1c6966ca5b48ace"
            ]
        },
        "Metadata": {
            "LastTagTime": "0001-01-01T00:00:00Z"
        }
    }
]
