[
    {
        "Id": "sha256:2598739619425562bf52c8c38e32ceecfc03ef228ed6cdaa1af32b756c62290d",
        "RepoTags": [
            "registry.lazycat.cloud/czyt/openlistteam/openlist:a4f202cd35fa3006"
        ],
        "RepoDigests": [
            "registry.lazycat.cloud/czyt/openlistteam/openlist@sha256:a4f202cd35fa30063bf8231eb399124047e70b099a288f5ba89e2a2b5632c3a5"
        ],
        "Parent": "",
        "Comment": "buildkit.dockerfile.v0",
        "Created": "2025-11-10T12:11:31.193424859Z",
        "DockerVersion": "",
        "Author": "",
        "Config": {
            "Hostname": "",
            "Domainname": "",
            "User": "openlist",
            "AttachStdin": false,
            "AttachStdout": false,
            "AttachStderr": false,
            "ExposedPorts": {
                "5244/tcp": {},
                "5245/tcp": {}
            },
            "Tty": false,
            "OpenStdin": false,
            "StdinOnce": false,
            "Env": [
                "PATH=/usr/local/sbin:/usr/local/bin:/usr/sbin:/usr/bin:/sbin:/bin",
                "UMASK=022",
                "RUN_ARIA2=true"
            ],
            "Cmd": [
                "/entrypoint.sh"
            ],
            "ArgsEscaped": true,
            "Image": "",
            "Volumes": {
                "/opt/openlist/data/": {}
            },
            "WorkingDir": "/opt/openlist/",
            "Entrypoint": null,
            "OnBuild": null,
            "Labels": {
                "MAINTAINER": "OpenList",
                "cloud.lazycat.image.maintainer": "czyt",
                "cloud.lazycat.image.origin_hash": "sha256:213be9ccc5d5b26934a9defb0b30c649253af23c42fecb3d9875bff625b90d51",
                "cloud.lazycat.image.origin_image": "openlistteam/openlist:v4.1.7-aio",
                "org.opencontainers.image.created": "2025-11-10T12:11:13.927Z",
                "org.opencontainers.image.description": "A new AList Fork to Anti Trust Crisis",
                "org.opencontainers.image.licenses": "AGPL-3.0",
                "org.opencontainers.image.revision": "ee2c77acd86c7d06b1a625da53717fd1e18c505b",
                "org.opencontainers.image.source": "https://github.com/OpenListTeam/OpenList",
                "org.opencontainers.image.title": "OpenList",
                "org.opencontainers.image.url": "https://github.com/OpenListTeam/OpenList",
                "org.opencontainers.image.version": "v4.1.7-aio"
            }
        },
        "Architecture": "amd64",
        "Os": "linux",
        "Size": 305850397,
        "GraphDriver": {
            "Data": {
                "LowerDir": "/lzcsys/data/system/docker/overlay2/e89d1434ca05fef6e062b92ee96632edf171a3207a9cadde7c37f0d81682ae95/diff:/lzcsys/data/system/docker/overlay2/bfd0f6ca783d371ce0809f29f54689d7686ee1079a1b0b41d14bb07dcf252626/diff:/lzcsys/data/system/docker/overlay2/fb8ec230348cb95ed8bfcca99d9d024d929638ae94c1ba8a0c1df0b1cd11b882/diff:/lzcsys/data/system/docker/overlay2/5cde767a33b1c34caf2b625928abb5e9f8b76e0b5d10d11d7d0972048cb4b5c6/diff:/lzcsys/data/system/docker/overlay2/e8aa2260fc10e63a39d983e6066e8a1b4691e37311d1e56442045ebec9423b16/diff:/lzcsys/data/system/docker/overlay2/41b63e2378c299800bfae3d3e8b59842bc3f951a0e303832d18064890a96fc97/diff:/lzcsys/data/system/docker/overlay2/5e830faba8aca54d0c4801c1d726786d7e1e367b0305734a7d6700c3dd7f0e3e/diff:/lzcsys/data/system/docker/overlay2/02e629ab2258a8cc360362e190f349d96a628b76d480533b6170920d2eedd3f0/diff",
                "MergedDir": "/lzcsys/data/system/docker/overlay2/0ce561f078194a06135237a0513c3875199ccbeaa54e4ad31101df1b7200f73e/merged",
                "UpperDir": "/lzcsys/data/system/docker/overlay2/0ce561f078194a06135237a0513c3875199ccbeaa54e4ad31101df1b7200f73e/diff",
                "WorkDir": "/lzcsys/data/system/docker/overlay2/0ce561f078194a06135237a0513c3875199ccbeaa54e4ad31101df1b7200f73e/work"
            },
            "Name": "overlay2"
        },
        "RootFS": {
            "Type": "layers",
            "Layers": [
                "sha256:e21721183b10fa6d84b263043a2e6a3f972aab36fcbdb9640aeeb21044a8c8c1",
                "sha256:78b89d87a967addeb61043ded1f6ff6c164d7a4573c9db407f23b5adf448c4dc",
                "sha256:ea135c199dff3c8d243561d825c782049a9828dde21a8896e19a9d096bd335eb",
                "sha256:a5f64a8e25cf673d2e8ac28812f9a429124028f63e9ddcdaf9fc092554acb57c",
                "sha256:5f70bf18a086007016e948b04aed3b82103a36bea41755b6cddfaf10ace3c6ef",
                "sha256:2971a6965c09c0b80557291633321c270bce22762df8099e59648ae866c37ab6",
                "sha256:49fedb64534b9557f3439a576b0817fc394acb912000f81982a0800512b0fcb3",
                "sha256:344e7deec163d94a1a9ae17408ba7fe1aadb1fdf075141abf4d103b9a049736c",
                "sha256:5f70bf18a086007016e948b04aed3b82103a36bea41755b6cddfaf10ace3c6ef"
            ]
        },
        "Metadata": {
            "LastTagTime": "0001-01-01T00:00:00Z"
        }
    }
]
