[
    {
        "Id": "sha256:66f8bdd3810c96dc5c28aec39583af731b34a2cd99471530f53c8794ed5b423e",
        "RepoTags": [
            "registry.lazycat.cloud/nginx:1.27.3"
        ],
        "RepoDigests": [
            "registry.lazycat.cloud/nginx@sha256:10d5e08c653bc46286c2e4eaa095783d14be6486825fea247efab07ab329cda0"
        ],
        "Parent": "",
        "Comment": "buildkit.dockerfile.v0",
        "Created": "2024-11-26T18:42:08Z",
        "DockerVersion": "",
        "Author": "",
        "Config": {
            "Hostname": "",
            "Domainname": "",
            "User": "",
            "AttachStdin": false,
            "AttachStdout": false,
            "AttachStderr": false,
            "ExposedPorts": {
                "80/tcp": {}
            },
            "Tty": false,
            "OpenStdin": false,
            "StdinOnce": false,
            "Env": [
                "PATH=/usr/local/sbin:/usr/local/bin:/usr/sbin:/usr/bin:/sbin:/bin",
                "NGINX_VERSION=1.27.3",
                "NJS_VERSION=0.8.7",
                "NJS_RELEASE=1~bookworm",
                "PKG_RELEASE=1~bookworm",
                "DYNPKG_RELEASE=1~bookworm"
            ],
            "Cmd": [
                "nginx",
                "-g",
                "daemon off;"
            ],
            "Image": "",
            "Volumes": null,
            "WorkingDir": "",
            "Entrypoint": [
                "/docker-entrypoint.sh"
            ],
            "OnBuild": null,
            "Labels": {
                "maintainer": "NGINX Docker Maintainers <docker-maint@nginx.com>"
            },
            "StopSignal": "SIGQUIT"
        },
        "Architecture": "amd64",
        "Os": "linux",
        "Size": 191758412,
        "GraphDriver": {
            "Data": {
                "LowerDir": "/lzcsys/data/system/docker/overlay2/64ee6bbeb38b22735215dda6b2c4fb52f886bcb27ea65ae71aca746efc80354c/diff:/lzcsys/data/system/docker/overlay2/e79c5b19516b5679752b2a84a64f498ca1701f704011be94d396a3e69a736d2c/diff:/lzcsys/data/system/docker/overlay2/e46120a7e0ac0bb4cbb24e19198efeb0febd142771df582304407034ae702818/diff:/lzcsys/data/system/docker/overlay2/5abf591fd835895176f8e04334436dd14f4db98e09214d6a74ece1c87d8829dc/diff:/lzcsys/data/system/docker/overlay2/989dc97a72a4db33e2930ca50f63ed950f40cf7230edcf8f9ace0d8c1c9013a7/diff:/lzcsys/data/system/docker/overlay2/139d0a2a22562dc38fc00b3a66878e522499d5b98979d1e02aa5464996348246/diff",
                "MergedDir": "/lzcsys/data/system/docker/overlay2/71493087a15af9f04a51538acf4ac3399643b5339c92ced61e332b33b324b983/merged",
                "UpperDir": "/lzcsys/data/system/docker/overlay2/71493087a15af9f04a51538acf4ac3399643b5339c92ced61e332b33b324b983/diff",
                "WorkDir": "/lzcsys/data/system/docker/overlay2/71493087a15af9f04a51538acf4ac3399643b5339c92ced61e332b33b324b983/work"
            },
            "Name": "overlay2"
        },
        "RootFS": {
            "Type": "layers",
            "Layers": [
                "sha256:c0f1022b22a9b36851b358f44e5475e39d166e71a8073cf53c894a299239b1c5",
                "sha256:fc00b055de35d5107931402e9770c98bc235c0172fb15b2cea8a799875b16029",
                "sha256:2c3a053d7b67b4a625149942f98c9931fd562fbb99729aa28e40f166a5aa4dfb",
                "sha256:b060cc3bd13cc12fdefa7ed4a17835001f79f35c5765ce673f0ff0cf539f37b9",
                "sha256:8aa4787aa17aafe4941460baea50d771e6cc7604a6a4e95286aef509285a70f9",
                "sha256:c28e0f7d0cc5b8174a8ab6bc1782d5d7ed8fdcbf951f378f4260eef0b4cf4aff",
                "sha256:d32d820bcf1c5032ddedd6feb42ae6180e170e1580231b52a7f9a20bd7c7044a"
            ]
        },
        "Metadata": {
            "LastTagTime": "0001-01-01T00:00:00Z"
        }
    }
]
