[
    {
        "Id": "sha256:ccb383bae778d8c56b8259b0e98dbd06ffe5f155e55e655cd34801c66efdb2da",
        "RepoTags": [
            "registry.lazycat.cloud/aixinyin/1panel/maxkb:bc6d7a430b9aa53e"
        ],
        "RepoDigests": [
            "registry.lazycat.cloud/aixinyin/1panel/maxkb@sha256:bc6d7a430b9aa53e1685cbc7adb817c5a8aae0fcc1c85ef13389482add215aeb"
        ],
        "Parent": "",
        "Comment": "buildkit.dockerfile.v0",
        "Created": "2025-11-13T03:19:11.689458534Z",
        "DockerVersion": "",
        "Author": "",
        "Config": {
            "Hostname": "",
            "Domainname": "",
            "User": "",
            "AttachStdin": false,
            "AttachStdout": false,
            "AttachStderr": false,
            "ExposedPorts": {
                "5432/tcp": {},
                "6379/tcp": {},
                "8080/tcp": {}
            },
            "Tty": false,
            "OpenStdin": false,
            "StdinOnce": false,
            "Env": [
                "PATH=/opt/py3/bin:/usr/local/sbin:/usr/local/bin:/usr/sbin:/usr/bin:/sbin:/bin:/usr/lib/postgresql/17/bin",
                "GOSU_VERSION=1.19",
                "LANG=en_US.UTF-8",
                "PG_MAJOR=17",
                "PG_VERSION=17.6-2.pgdg13+1",
                "PGDATA=/opt/maxkb/data/postgresql/pgdata",
                "POSTGRES_USER=root",
                "POSTGRES_PASSWORD=Password123@postgres",
                "POSTGRES_MAX_CONNECTIONS=1000",
                "REDIS_PASSWORD=Password123@redis",
                "PYTHONUNBUFFERED=1",
                "MAXKB_CONFIG_TYPE=ENV",
                "MAXKB_LOG_LEVEL=INFO",
                "MAXKB_SANDBOX=1",
                "MAXKB_SANDBOX_HOME=/opt/maxkb-app/sandbox",
                "MAXKB_SANDBOX_PYTHON_PACKAGE_PATHS=/opt/py3/lib/python3.11/site-packages,/opt/maxkb-app/sandbox/python-packages,/opt/maxkb/python-packages",
                "MAXKB_SANDBOX_PYTHON_BANNED_KEYWORDS=subprocess.,system(,exec(,execve(,pty.,eval(,compile(,shutil.,input(,__import__",
                "MAXKB_SANDBOX_PYTHON_BANNED_HOSTS=127.0.0.1,localhost,host.docker.internal,maxkb,pgsql,redis",
                "MAXKB_ADMIN_PATH=/admin",
                "MAXKB_VERSION=v2.3.1 (build at 2025-11-13T11:15, commit: 3838f68)",
                "MAXKB_DB_NAME=maxkb",
                "MAXKB_DB_HOST=127.0.0.1",
                "MAXKB_DB_PORT=5432",
                "MAXKB_DB_USER=root",
                "MAXKB_DB_PASSWORD=Password123@postgres",
                "MAXKB_DB_MAX_OVERFLOW=80",
                "MAXKB_REDIS_HOST=127.0.0.1",
                "MAXKB_REDIS_PORT=6379",
                "MAXKB_REDIS_DB=0",
                "MAXKB_REDIS_PASSWORD=Password123@redis",
                "MAXKB_EMBEDDING_MODEL_PATH=/opt/maxkb-app/model/embedding",
                "MAXKB_EMBEDDING_MODEL_NAME=/opt/maxkb-app/model/embedding/shibing624_text2vec-base-chinese",
                "MAXKB_LOCAL_MODEL_HOST=127.0.0.1",
                "MAXKB_LOCAL_MODEL_PORT=11636",
                "MAXKB_LOCAL_MODEL_PROTOCOL=http",
                "PIP_TARGET=/opt/maxkb/python-packages"
            ],
            "Cmd": [
                "/usr/bin/start-all.sh"
            ],
            "ArgsEscaped": true,
            "Image": "",
            "Volumes": {
                "/opt/maxkb": {},
                "/var/lib/postgresql/data": {}
            },
            "WorkingDir": "/opt/maxkb-app",
            "Entrypoint": [
                "bash",
                "-c"
            ],
            "OnBuild": null,
            "Labels": {
                "cloud.lazycat.image.maintainer": "aixinyin",
                "cloud.lazycat.image.origin_hash": "sha256:5416377dc05889e4b824a3451eabdffa2cc283f3358ab2a3ab48474a2aa83e86",
                "cloud.lazycat.image.origin_image": "1panel/maxkb"
            },
            "StopSignal": "SIGINT"
        },
        "Architecture": "amd64",
        "Os": "linux",
        "Size": 3068287398,
        "GraphDriver": {
            "Data": {
                "LowerDir": "/lzcsys/data/system/docker/overlay2/c2949739d35b8fe54206adc4b1eecd2e7d7a4316531a68b381c48194ef8ac70e/diff:/lzcsys/data/system/docker/overlay2/7e06a76b80971586369a8c891e536721d08ea576e20353d66273d19cf9338053/diff:/lzcsys/data/system/docker/overlay2/f784af823d80939c2ae09c548d76ee9ef8537b1dd319aa6771cbef1150fafcd1/diff:/lzcsys/data/system/docker/overlay2/7f43c12e71076368940ac791a06f8081211535f5ee2ab6a1bc50e34a2c0edc6b/diff:/lzcsys/data/system/docker/overlay2/7fa8e293e4a04e93b8f6a892d7ad43214da36aa8c885e3a64ec006d8992db5e2/diff:/lzcsys/data/system/docker/overlay2/7457b70f9e42eb354a4ecabd6d05cc6a42a6e3ed158d77214753abd28639f83d/diff:/lzcsys/data/system/docker/overlay2/84463e9278c00571d1822028ec53cecc718660d1b3b507ad0c00e2b0a7a32091/diff:/lzcsys/data/system/docker/overlay2/47df34544d844b9bbe0094b59c235339380a19659431ea7030020c44c65a5ddb/diff:/lzcsys/data/system/docker/overlay2/1da5920faeb3c7bf252564de1507f634e58e88381696c65ae14a51ec34a63b51/diff:/lzcsys/data/system/docker/overlay2/f9e3937e37da239d0d49654f2399cb222a379ac5a1f430746e71c23c4f28134f/diff:/lzcsys/data/system/docker/overlay2/e14f446a35a0480ce17718ab9cb5fa7311b6bbd6067aa6c175b72d13dadd0c2c/diff:/lzcsys/data/system/docker/overlay2/d695d32f6f027645c388dfe1d5eb951838e9a516167166579383a4c7a5384c3b/diff:/lzcsys/data/system/docker/overlay2/09b0b61606549bd5559cd2c28dfea26d1556d36dc4bb48eaf41ed57274881068/diff:/lzcsys/data/system/docker/overlay2/d22a7bba2fc83dd10fd9813eeefa5333c12c49ac655bcf6338689eef0d25a512/diff:/lzcsys/data/system/docker/overlay2/87fb3fd090f0f02caaa6782abff01c6dcbae11adbe8261f8d58f48c9b33d2f26/diff:/lzcsys/data/system/docker/overlay2/a109a2fc8ef276ccb2d5eddefee8bc1133d9b50b104864e600032983ba3ffce5/diff:/lzcsys/data/system/docker/overlay2/84693660fe44dab227dcdcf294d9dbb4bddfa29c700a5fbe24142d0f5603d352/diff:/lzcsys/data/system/docker/overlay2/84c81414b3942d71fb98132632395db7be099ccc70aa1a5f437cc408d12819e0/diff:/lzcsys/data/system/docker/overlay2/26942713d219d446de100c75d8dcaff759b2d61b7e7eec513ec5774c8843aa7b/diff:/lzcsys/data/system/docker/overlay2/8096c40a5c5a592e92bc3c1fa5a97aa110849e253ba34c6919301d52f1b4da66/diff:/lzcsys/data/system/docker/overlay2/210136c2efd13fe8a8e78275c6e0cc56a00be7bfdbf26bb2387bca1fd0f5a267/diff:/lzcsys/data/system/docker/overlay2/0fdbd49615561369f5d542377a5024c8edb9e4d93d6fef4abb1fa4c80ba729d6/diff:/lzcsys/data/system/docker/overlay2/e6c1f779f8714e9b9a65f161aa245c7bd53a8cd620e1f5b370095712165bfec5/diff",
                "MergedDir": "/lzcsys/data/system/docker/overlay2/b26b8177770363da49b5059f3227cd79c8bd860fbac255c3927c7256d6bf604b/merged",
                "UpperDir": "/lzcsys/data/system/docker/overlay2/b26b8177770363da49b5059f3227cd79c8bd860fbac255c3927c7256d6bf604b/diff",
                "WorkDir": "/lzcsys/data/system/docker/overlay2/b26b8177770363da49b5059f3227cd79c8bd860fbac255c3927c7256d6bf604b/work"
            },
            "Name": "overlay2"
        },
        "RootFS": {
            "Type": "layers",
            "Layers": [
                "sha256:36d06fe0cbc654e5f67d58c960ed33e53127e4a3288d8ce6f6a60a9c311794d4",
                "sha256:648107d61368fa6895f890ae3f0597877e82bc4921dd6bfde62e1fba884950b0",
                "sha256:8bd2ef2c5aab285f3e8d6e393d0de7c21a60b765fda1580c4d308a59ae6c61a7",
                "sha256:d5f053629a9cdc0b65d147fbdede3a93a7c24eccf857325800b479ea6f9759c3",
                "sha256:588fa1d194e96cd1510516c719609565cc797412d8daca5ad8d1ec692c3d556c",
                "sha256:5b32b245ce3b062804abd43147e3ce1f96c6e64f6a5c0f7fe1376a64998ef330",
                "sha256:f0d90713dbba0e6140ea300e709d365c0ff92b74d1bb2e4391ebbcbf598fb075",
                "sha256:d9beae79309b41f3fd9d172842292161849197e74ea9eceffd0ecd99e2d9dc2a",
                "sha256:3bf3eb10fb6888b992bd59d40a5ed0c3e3b5384e6d08e9ee8349f9c7326c0269",
                "sha256:639caa956012cd887aa0bbe7ccc7c4eda12e7aaae7936b96ebcb2f8feba2c8d1",
                "sha256:320901d7f176273bfe84255971dcc56b38d92b64fd3e1dcc1802e514bc277ba3",
                "sha256:40bfe565ca6caec1f0a1c0bdac7ba0d82cefa33337e7954ae7da9b3db8f4a8f6",
                "sha256:53c0bea81578eea66723553731383bed7ad9fa235c54f02bc0ae2511f65d75c8",
                "sha256:e3359a2181fb643594fe1329dc8d2fa419a198dd1370197cb0c1d36b2c36451e",
                "sha256:5bd90776dc60257f55887c29972660753ea4c11358ef78a9abed569c1cb7d932",
                "sha256:44c78233d6f40edc6954b1a919bc622a96e1c346413b00d571f352ad06789897",
                "sha256:d71c2e7462cc9ebfccc43dd53d1bfff8b950820e957013d4e158981be7a2e96f",
                "sha256:91a372537c7e0b96e3fb9bda29fe446ceacaf08c39136521fe9e1b55d4e8707d",
                "sha256:dd98acc1ea7660dcb192f7a32dac3384bf4fe7ab571dc5083846cf85b57d5ea0",
                "sha256:12dadbb9916f0ddfcc04820a83a8dfcabe203cb957c1199b9b5cc3c24e8b9282",
                "sha256:5f70bf18a086007016e948b04aed3b82103a36bea41755b6cddfaf10ace3c6ef",
                "sha256:6f246e9c5069af3cf5cb9f0a3b2978b56c90e0a280223d051e1e11b68fff5f77",
                "sha256:2c44f2d05d80c99de66ae12adc935505a6db0f551a4687f0ea80ceedf0b398ff",
                "sha256:44c2c15558693a7ab7019b493f842c4df57d868c4ebcddbf53852cb5a84275f1"
            ]
        },
        "Metadata": {
            "LastTagTime": "0001-01-01T00:00:00Z"
        }
    }
]
