[
    {
        "Id": "sha256:ce57a2b52b824391e33d7a2866da7310e4efb84637410618fc2a2f4f82d7148d",
        "RepoTags": [
            "registry.lazycat.cloud/official/glzjinglzjin-lzc/lazycatonlinedevice:5f5f107e5d773b79"
        ],
        "RepoDigests": [
            "registry.lazycat.cloud/official/glzjinglzjin-lzc/lazycatonlinedevice@sha256:5f5f107e5d773b7937f23294b2c9309a207b8777006cb7526ddaf662fe0a6148"
        ],
        "Parent": "",
        "Comment": "buildkit.dockerfile.v0",
        "Created": "2025-02-19T16:30:03.201338699Z",
        "DockerVersion": "",
        "Author": "",
        "Config": {
            "Hostname": "",
            "Domainname": "",
            "User": "",
            "AttachStdin": false,
            "AttachStdout": false,
            "AttachStderr": false,
            "ExposedPorts": {
                "8080/tcp": {}
            },
            "Tty": false,
            "OpenStdin": false,
            "StdinOnce": false,
            "Env": [
                "PATH=/usr/local/sbin:/usr/local/bin:/usr/sbin:/usr/bin:/sbin:/bin"
            ],
            "Cmd": [
                "./main"
            ],
            "ArgsEscaped": true,
            "Image": "",
            "Volumes": null,
            "WorkingDir": "/app",
            "Entrypoint": null,
            "OnBuild": null,
            "Labels": {
                "cloud.lazycat.image.maintainer": "official",
                "cloud.lazycat.image.origin_hash": "sha256:766813e8cb90bf0e3bc59ca6317dddd0480729c4930c14a0a982cc990cadd706",
                "cloud.lazycat.image.origin_image": "crpi-3y0s0ug8uy5x8vwi.cn-hangzhou.personal.cr.aliyuncs.com/glzjinglzjin-lzc/lazycatonlinedevice:0229551c0a47742d527b47b6c8b929ee"
            }
        },
        "Architecture": "amd64",
        "Os": "linux",
        "Size": 30048609,
        "GraphDriver": {
            "Data": {
                "LowerDir": "/lzcsys/data/system/docker/overlay2/1797bc77326d1a88703d5d93a0d6e16680a6cc78c63570ee6e236cf2cc773a63/diff:/lzcsys/data/system/docker/overlay2/1c3f86c8eeb443351c9398d03b523cd0e8d7b672eee8ebba15ed657fd82ccb63/diff:/lzcsys/data/system/docker/overlay2/e175338a8c1f30d54e9ed215dd84e2d44adba55e92f0202a5f3c3e1f7532d844/diff:/lzcsys/data/system/docker/overlay2/4dc9e32ebefde6201bb707671afe94b89c74fb2f1828c7455cb599f4d7afbeab/diff",
                "MergedDir": "/lzcsys/data/system/docker/overlay2/4d4bdb53947dfb3fbe2cf3cc1ab9df755f36cd920fb74639ff5a2799b61ac029/merged",
                "UpperDir": "/lzcsys/data/system/docker/overlay2/4d4bdb53947dfb3fbe2cf3cc1ab9df755f36cd920fb74639ff5a2799b61ac029/diff",
                "WorkDir": "/lzcsys/data/system/docker/overlay2/4d4bdb53947dfb3fbe2cf3cc1ab9df755f36cd920fb74639ff5a2799b61ac029/work"
            },
            "Name": "overlay2"
        },
        "RootFS": {
            "Type": "layers",
            "Layers": [
                "sha256:08000c18d16dadf9553d747a58cf44023423a9ab010aab96cf263d2216b8b350",
                "sha256:ea50b34d362068511c9fdd5de318e1711e9a1dd726fbba25d340290a4febd55f",
                "sha256:7784837c0293ed72bc7efb9d8659de380627eb1a18954db9d80bde24010179dd",
                "sha256:b847f0d8cf816b8db4df8599a04b2439ccef7213b1af079f1450cfa075d25df2",
                "sha256:8799fc1346750b4a9e8410aa5618c37c656bfd3cbc56535c5c0d473b4353a74b"
            ]
        },
        "Metadata": {
            "LastTagTime": "0001-01-01T00:00:00Z"
        }
    }
]
