[
    {
        "Id": "sha256:95335852097d5770e13f59630001e4bafdd6588e9dc69b4605f0a4ee001dd366",
        "RepoTags": [
            "registry.lazycat.cloud/longixaoyi/b3log/siyuan:4c62937a7d7b1b75"
        ],
        "RepoDigests": [
            "registry.lazycat.cloud/longixaoyi/b3log/siyuan@sha256:4c62937a7d7b1b7549fa5d817f40c01ff6015b257552ff78938a5f1185f888f2"
        ],
        "Parent": "",
        "Comment": "buildkit.dockerfile.v0",
        "Created": "2025-10-29T09:48:46.13928907Z",
        "DockerVersion": "",
        "Author": "",
        "Config": {
            "Hostname": "",
            "Domainname": "",
            "User": "",
            "AttachStdin": false,
            "AttachStdout": false,
            "AttachStderr": false,
            "ExposedPorts": {
                "6806/tcp": {}
            },
            "Tty": false,
            "OpenStdin": false,
            "StdinOnce": false,
            "Env": [
                "PATH=/usr/local/sbin:/usr/local/bin:/usr/sbin:/usr/bin:/sbin:/bin",
                "TZ=Asia/Shanghai",
                "HOME=/home/siyuan",
                "RUN_IN_CONTAINER=true"
            ],
            "Cmd": [
                "/opt/siyuan/kernel"
            ],
            "ArgsEscaped": true,
            "Image": "",
            "Volumes": null,
            "WorkingDir": "/opt/siyuan/",
            "Entrypoint": [
                "/opt/siyuan/entrypoint.sh"
            ],
            "OnBuild": null,
            "Labels": {
                "cloud.lazycat.image.maintainer": "longixaoyi",
                "cloud.lazycat.image.origin_hash": "sha256:04ee63fcf41423ec759d0c50f4571253d388d3a739749efff215eab683de1d7b",
                "cloud.lazycat.image.origin_image": "b3log/siyuan:v3.3.6",
                "maintainer": "Liang Ding<845765@qq.com>"
            }
        },
        "Architecture": "amd64",
        "Os": "linux",
        "Size": 162512997,
        "GraphDriver": {
            "Data": {
                "LowerDir": "/lzcsys/data/system/docker/overlay2/6a910206c5eeb59a17d54a992af88cb92d21684a623d5548f8dd10f2c6d0826a/diff:/lzcsys/data/system/docker/overlay2/dba8dcb0ccf992cb8e9abc7a7119c98866bde2463cf74333cf68bf5dc2b50aea/diff:/lzcsys/data/system/docker/overlay2/a67c0a65e60ae86bc9e61a5d236441ce5f67647a8ac9cfb136a803b74a0bb047/diff:/lzcsys/data/system/docker/overlay2/e3ce7f36118c5f48ec7b4f8ed5868cd63eb71fd374b9be77138f3af05b7b1fd8/diff",
                "MergedDir": "/lzcsys/data/system/docker/overlay2/ead002ecdd535f45ffa4b246767b8770add24d33f68eef3cdb54575874aec874/merged",
                "UpperDir": "/lzcsys/data/system/docker/overlay2/ead002ecdd535f45ffa4b246767b8770add24d33f68eef3cdb54575874aec874/diff",
                "WorkDir": "/lzcsys/data/system/docker/overlay2/ead002ecdd535f45ffa4b246767b8770add24d33f68eef3cdb54575874aec874/work"
            },
            "Name": "overlay2"
        },
        "RootFS": {
            "Type": "layers",
            "Layers": [
                "sha256:256f393e029fa2063d8c93720da36a74a032bed3355a2bc3e313ad12f8bde9d1",
                "sha256:9ffd7966a8a2ac0c846d31f50b6a253b3d509d6b6afc775d781e9184fef788f8",
                "sha256:0b14cdffbfae76f5a92c8f5028215b1cc8bf180c9ce49473a3695a8845cc5e1b",
                "sha256:c888dc6b77a0fd4d4bacf896d8553624d17bf5417c6f351f7298ef1128a1a357",
                "sha256:b91289d3fc7ca1cdf7f6610e6cbbe85b202a0f984365197f3cfa3ebe8ead51a3"
            ]
        },
        "Metadata": {
            "LastTagTime": "0001-01-01T00:00:00Z"
        }
    }
]
