[
    {
        "Id": "sha256:88534f98c7a78d5368b01dd15f3da2319afab5d8d590b9f2690038bb3f2af0e6",
        "RepoTags": [
            "registry.lazycat.cloud/catdogai/postgres:17.4-pgvectorscale-202509121813"
        ],
        "RepoDigests": [
            "registry.lazycat.cloud/catdogai/postgres@sha256:621a1b07e12c8a7371c5022598556c548889866b9e43fa5cf1ee5372a67388f6"
        ],
        "Parent": "",
        "Comment": "",
        "Created": "2025-09-12T10:17:04.175439961Z",
        "DockerVersion": "27.5.1",
        "Author": "",
        "Config": {
            "Hostname": "",
            "Domainname": "",
            "User": "",
            "AttachStdin": false,
            "AttachStdout": false,
            "AttachStderr": false,
            "ExposedPorts": {
                "5432/tcp": {}
            },
            "Tty": false,
            "OpenStdin": false,
            "StdinOnce": false,
            "Env": [
                "PATH=/usr/local/sbin:/usr/local/bin:/usr/sbin:/usr/bin:/sbin:/bin:/usr/lib/postgresql/17/bin",
                "GOSU_VERSION=1.17",
                "LANG=en_US.utf8",
                "PG_MAJOR=17",
                "PG_VERSION=17.4-1.pgdg120+2",
                "PGDATA=/var/lib/postgresql/data"
            ],
            "Cmd": [
                "postgres"
            ],
            "Image": "sha256:eacb86cb4c9f0b46d69df78b8591ccbc3a7ce59cc7a1a36ad627884646862f7f",
            "Volumes": {
                "/var/lib/postgresql/data": {}
            },
            "WorkingDir": "",
            "Entrypoint": [
                "docker-entrypoint.sh"
            ],
            "OnBuild": null,
            "Labels": null,
            "StopSignal": "SIGINT"
        },
        "Architecture": "amd64",
        "Os": "linux",
        "Size": 441161093,
        "GraphDriver": {
            "Data": {
                "LowerDir": "/lzcsys/data/system/docker/overlay2/d3857779af871567b3fca9c843ef7ca0013a11cfc29018113aba150f0fcbe89c/diff:/lzcsys/data/system/docker/overlay2/6d256a32ebfd637912079decc9c1dc086ff38a141981ff71fa7c5e85f1a4d03f/diff:/lzcsys/data/system/docker/overlay2/489f337c93be2b25e660a94aebc7cf16a69ed427c4a2a82c26e5cb8cb8b9f74b/diff:/lzcsys/data/system/docker/overlay2/2cbc7b84c3a31b437853106c433723ea87739d9fac88b7f633de2b9311423c4e/diff:/lzcsys/data/system/docker/overlay2/1adc5cd847ac4e705d7cafc500f9d41ff95821bc1085f659d28fc0645b63e857/diff:/lzcsys/data/system/docker/overlay2/224bb2a0fd73ad36dfdc46d295ba2966ee7cfe9e8cc7f799152e906743363bff/diff:/lzcsys/data/system/docker/overlay2/5e2fe0e34bab4ccb6297ef328b5d90ac38fa805af85d61bb88057a58c2066ff8/diff:/lzcsys/data/system/docker/overlay2/7a1c0bf3fcdf70e0689f6ba6aaef322eb84b194941edc84844c5c92f966c1091/diff:/lzcsys/data/system/docker/overlay2/b850033ff210ad12da3f9a101a9ddbf2cc4cde5b3759d90a2df51b98bbf8fb50/diff:/lzcsys/data/system/docker/overlay2/015cc124b0d187dfe61ec6d1d7257850880dbdca14dd73ed724e95d4ad07d0fe/diff:/lzcsys/data/system/docker/overlay2/b74202d850ef1f7ea701e982246ef636ba776f57bd8d49965bc698b6567b3067/diff:/lzcsys/data/system/docker/overlay2/95b1cd0ebc16eaa040074858691e7e19f4c0c09f0ab9047244a590e66a563a66/diff:/lzcsys/data/system/docker/overlay2/a2a4e60740abe0e60ea643076d7973b64269f6df820358492de04579776161b4/diff:/lzcsys/data/system/docker/overlay2/ceecccaecd0c4ee04e4313e5f0fb13b7ee1b455998c318adaf08b6270d6360b3/diff:/lzcsys/data/system/docker/overlay2/846adaffe396df23639a51107d0fdb7ef4c5a029703785a338401064f8967415/diff:/lzcsys/data/system/docker/overlay2/fc0eeaee2d2749250a0bca066c2b74d22c2ef87eeeb5e92ea3c4f3ef4a4fb25f/diff:/lzcsys/data/system/docker/overlay2/a31a8d397a7f150dd4fb76cb02c6458c7fe1b9d578aa1c9ff8889f8b16a3f2b2/diff:/lzcsys/data/system/docker/overlay2/044cde5d569c2321eb74c46438964f4672404b70ebc1d3b1e479696dca182373/diff:/lzcsys/data/system/docker/overlay2/3f89436644026484d391e08a401dd5e60183a04a58123ad9b5f7ae90f8b47a56/diff",
                "MergedDir": "/lzcsys/data/system/docker/overlay2/5fc73f4b90d4044a36da1ba899a450a468eae895126713d5870385fe4c73105f/merged",
                "UpperDir": "/lzcsys/data/system/docker/overlay2/5fc73f4b90d4044a36da1ba899a450a468eae895126713d5870385fe4c73105f/diff",
                "WorkDir": "/lzcsys/data/system/docker/overlay2/5fc73f4b90d4044a36da1ba899a450a468eae895126713d5870385fe4c73105f/work"
            },
            "Name": "overlay2"
        },
        "RootFS": {
            "Type": "layers",
            "Layers": [
                "sha256:6c4c763d22d0c5f9b2c5901dfa667fbbc4713cee6869336b8fd5022185071f1c",
                "sha256:683451efa9f6de6749368d97ef1a328c1ee9f0bf26aa38f21bae4abe86b44aad",
                "sha256:83fca5bbee4db2b46eb709ebac7d2feea33dc19d873d4925cbc4763d41ad2088",
                "sha256:5c04842d3ab6146531faba55da74348c991281e8efe4d12d251959806915d036",
                "sha256:212f30dac1ceb0e5b5882534a293ea9940046958ac68057328e3cba2c8f5e9c2",
                "sha256:67bb609d24bd71f790bb60bd1b1c401592a294ce48768620d8871840b61be95c",
                "sha256:48b65f78b38a1b0a25bde731805d5d34096c1501a106d14d20cfb6f428bdcdcf",
                "sha256:3f088ac0a3f19fe574255d1162476d9261b7696bac465e18ac805c44bbc39612",
                "sha256:b1cfd869f1266cd363f559ff45e425a83e54fc1f3353ebebc0290af927e3d669",
                "sha256:449aa6f62fa3e355e556faeb5882d79bb57f74ea012280e2cfdb62f4e72e221e",
                "sha256:67a1d8f38955dedf065c3c31efeb14f180275b2c6352ae76bc498d7e7b9eb36c",
                "sha256:bc6db6da022bbb98bf93031b2119591fc4f6c64690e5fe599340f13cf7f567ab",
                "sha256:ca891db8c58065e96f3f448caa08a8d47a29d955f8222beb19b5758427ff7a59",
                "sha256:af988cd4ffd643cb5de60937f4f924ac4623428a8f65aeb93e6610a7b3db1a8c",
                "sha256:3f7b894839782cd8f820e5badb3c7f94a98b018fcb9e71379f65604e66c85dce",
                "sha256:f68e04743b906fd61592abcec8e97fbef74cb8180607337a7a760af0dc9c5d13",
                "sha256:b87db556575ac21d95d124dfe05e116d3bedc5b18c95f68900faf24aa120ce79",
                "sha256:a60183054879d67ac15f6161d628ced9bb4344f42c55745972e6a1c79543ed0b",
                "sha256:6c3eff8572dfe324f6f07d882062a7dfe2e5bd1e418f02a0f76b4740c35514b5",
                "sha256:617a9dce5ce087e64972a22caf1bff600aafe04ebbf0f8aa596668020fffbec2"
            ]
        },
        "Metadata": {
            "LastTagTime": "0001-01-01T00:00:00Z"
        }
    }
]
