[
    {
        "Id": "sha256:8831f4300b69fca5a0f43ca5b502f074dc10302a0f3697394b12525c7eabe254",
        "RepoTags": [
            "registry.lazycat.cloud/u07919911/linuxserver/qbittorrent:cbb982587d53f2cc"
        ],
        "RepoDigests": [
            "registry.lazycat.cloud/u07919911/linuxserver/qbittorrent@sha256:cbb982587d53f2cc4c91dc8378374451bb21de358ef93f3dc447967cb3c8c6d6"
        ],
        "Parent": "",
        "Comment": "buildkit.dockerfile.v0",
        "Created": "2025-11-02T06:57:28.285843288Z",
        "DockerVersion": "",
        "Author": "",
        "Config": {
            "Hostname": "",
            "Domainname": "",
            "User": "",
            "AttachStdin": false,
            "AttachStdout": false,
            "AttachStderr": false,
            "ExposedPorts": {
                "6881/tcp": {},
                "6881/udp": {},
                "8080/tcp": {}
            },
            "Tty": false,
            "OpenStdin": false,
            "StdinOnce": false,
            "Env": [
                "PATH=/lsiopy/bin:/usr/local/sbin:/usr/local/bin:/usr/sbin:/usr/bin:/sbin:/bin",
                "PS1=$(whoami)@$(hostname):$(pwd)\\$ ",
                "HOME=/config",
                "TERM=xterm",
                "S6_CMD_WAIT_FOR_SERVICES_MAXTIME=0",
                "S6_VERBOSITY=1",
                "S6_STAGE2_HOOK=/docker-mods",
                "VIRTUAL_ENV=/lsiopy",
                "LSIO_FIRST_PARTY=true",
                "XDG_CONFIG_HOME=/config",
                "XDG_DATA_HOME=/config"
            ],
            "Cmd": null,
            "Image": "",
            "Volumes": {
                "/config": {}
            },
            "WorkingDir": "/",
            "Entrypoint": [
                "/init"
            ],
            "OnBuild": null,
            "Labels": {
                "build_version": "Linuxserver.io version:- 5.1.2-r3-ls423 Build-date:- 2025-11-02T06:56:00+00:00",
                "cloud.lazycat.image.maintainer": "u07919911",
                "cloud.lazycat.image.origin_hash": "sha256:6dff0387892d449f5074f12b618fcd336e0898a869d75e0d7d75c1781f584e96",
                "cloud.lazycat.image.origin_image": "linuxserver/qbittorrent:latest",
                "maintainer": "thespad",
                "org.opencontainers.image.authors": "linuxserver.io",
                "org.opencontainers.image.created": "2025-11-02T06:56:00+00:00",
                "org.opencontainers.image.description": "The [Qbittorrent](https://www.qbittorrent.org/) project aims to provide an open-source software alternative to µTorrent. qBittorrent is based on the Qt toolkit and libtorrent-rasterbar library.",
                "org.opencontainers.image.documentation": "https://docs.linuxserver.io/images/docker-qbittorrent",
                "org.opencontainers.image.licenses": "GPL-3.0-only",
                "org.opencontainers.image.ref.name": "260109c2c4a45815d5e46ffacf51b7e7140d0ab0",
                "org.opencontainers.image.revision": "260109c2c4a45815d5e46ffacf51b7e7140d0ab0",
                "org.opencontainers.image.source": "https://github.com/linuxserver/docker-qbittorrent",
                "org.opencontainers.image.title": "Qbittorrent",
                "org.opencontainers.image.url": "https://github.com/linuxserver/docker-qbittorrent/packages",
                "org.opencontainers.image.vendor": "linuxserver.io",
                "org.opencontainers.image.version": "5.1.2-r3-ls423"
            }
        },
        "Architecture": "amd64",
        "Os": "linux",
        "Size": 197665742,
        "GraphDriver": {
            "Data": {
                "LowerDir": "/lzcsys/data/system/docker/overlay2/5696edab39892ca0523cf82717846f487bc36642bb3b008992ed46f877eb88f0/diff:/lzcsys/data/system/docker/overlay2/6857748ab76a91fd40e6c1ad4db26c7d530b7156ca881348935b49790faf9948/diff:/lzcsys/data/system/docker/overlay2/8648637b0e6c6b82c7de69294e75bcdeca9d66253aa92ae46b60218dc10dfd71/diff:/lzcsys/data/system/docker/overlay2/40ee0246936b64402c86a892546a4a0022cddc18b4176357f6108868e4169fbd/diff:/lzcsys/data/system/docker/overlay2/611c9f15b0d4a5c5f457d8d052085fa79b1645fb6ea4079b0feaf3fc5f2ff97a/diff:/lzcsys/data/system/docker/overlay2/a088c3cb32a0f47ceaa9ad8db7ca121caf8cb7912b41773622da96f3a969932b/diff:/lzcsys/data/system/docker/overlay2/895d169ed3bd054a46434229ef0445a06a50bca5309e1825496e5bd68029aba5/diff:/lzcsys/data/system/docker/overlay2/680e5ca097621c63d60d8633a61b36ea508804d11cd6157aebebd8ba31dbb6c3/diff:/lzcsys/data/system/docker/overlay2/0b6c82080ae05385ed05518d2ad076629dd3bdfcfc37394f02ca0507ca421a51/diff",
                "MergedDir": "/lzcsys/data/system/docker/overlay2/2a50769cef90596054100b497d6307995313a23903492066aef35dadc62e28de/merged",
                "UpperDir": "/lzcsys/data/system/docker/overlay2/2a50769cef90596054100b497d6307995313a23903492066aef35dadc62e28de/diff",
                "WorkDir": "/lzcsys/data/system/docker/overlay2/2a50769cef90596054100b497d6307995313a23903492066aef35dadc62e28de/work"
            },
            "Name": "overlay2"
        },
        "RootFS": {
            "Type": "layers",
            "Layers": [
                "sha256:1a72cf7acaf8dcbed5ffb229a74dbaf0be70edbe78f5dd5ad104b8d71a46a232",
                "sha256:4237b4abe0c583f84633de1da55c1e716dbf60660634932965955c149a90929c",
                "sha256:79fa24c3261e32c5410cdb73a0a7b7009bfcb45928f07d1fb8a9949b2736f882",
                "sha256:9dc0a89fd1ff099a7bf4d68a323b354d0b399675e5277a054b3140244d1a7a92",
                "sha256:b81a786cd3f589699b3948050506b0ed73166a76ba9e492f9e33bd062146fd37",
                "sha256:c1603397037fbaf041fc05c2010262714895fd0d3865edbe69cfb2d55fa92b8e",
                "sha256:0bfb195567e94b73aa92794f5714c782dbdc530b8538465450da1e5707a4b664",
                "sha256:6e8bf3e496cfed5ed784c88bf4146e2495c69e7edfeb0525989eb8f9048df1a3",
                "sha256:06052a83d882b7dbd369239b87625127b12a4639fb11a31d824c8bff8599a5fe",
                "sha256:3beb32e9cc9e4c1afea1c2e173fbeab6dd56407bc1f4c9e39e9ecb5b99663550"
            ]
        },
        "Metadata": {
            "LastTagTime": "0001-01-01T00:00:00Z"
        }
    }
]
