[
    {
        "Id": "sha256:ae53e74faab9e10eb7aa7f335b14f0ff0156b03d54b591f13fab66a72707fb75",
        "RepoTags": [
            "registry.lazycat.cloud/zeroc/ourongxing/newsnow:759c9c290177b737"
        ],
        "RepoDigests": [
            "registry.lazycat.cloud/zeroc/ourongxing/newsnow@sha256:759c9c290177b7375e91fbd310d2400ab2d3a1089b90e62828fab317e1dede27"
        ],
        "Parent": "",
        "Comment": "buildkit.dockerfile.v0",
        "Created": "2024-11-27T12:47:17.126389696Z",
        "DockerVersion": "",
        "Author": "",
        "Config": {
            "Hostname": "",
            "Domainname": "",
            "User": "",
            "AttachStdin": false,
            "AttachStdout": false,
            "AttachStderr": false,
            "ExposedPorts": {
                "4444/tcp": {}
            },
            "Tty": false,
            "OpenStdin": false,
            "StdinOnce": false,
            "Env": [
                "PATH=/usr/local/sbin:/usr/local/bin:/usr/sbin:/usr/bin:/sbin:/bin",
                "NODE_VERSION=20.12.2",
                "YARN_VERSION=1.22.19",
                "HOST=0.0.0.0",
                "PORT=4444",
                "NODE_ENV=production"
            ],
            "Cmd": [
                "node",
                "output/server/index.mjs"
            ],
            "ArgsEscaped": true,
            "Image": "",
            "Volumes": null,
            "WorkingDir": "/usr/app",
            "Entrypoint": [
                "docker-entrypoint.sh"
            ],
            "OnBuild": null,
            "Labels": {
                "org.opencontainers.image.created": "2024-11-27T12:46:35.621Z",
                "org.opencontainers.image.description": "Elegant reading of real-time and hottest news",
                "org.opencontainers.image.licenses": "MIT",
                "org.opencontainers.image.revision": "94068b899ab4d607052f97632608d4dd1132d9a6",
                "org.opencontainers.image.source": "https://github.com/ourongxing/newsnow",
                "org.opencontainers.image.title": "newsnow",
                "org.opencontainers.image.url": "https://github.com/ourongxing/newsnow",
                "org.opencontainers.image.version": "v0.0.20"
            }
        },
        "Architecture": "amd64",
        "Os": "linux",
        "Size": 138522352,
        "GraphDriver": {
            "Data": {
                "LowerDir": "/lzcsys/data/system/docker/overlay2/0897724739a079bff877157456b8cee5890d7460734ff964912c6b2729696bbd/diff:/lzcsys/data/system/docker/overlay2/eb2646966f59a6b7bc3a34d91f99dcd8f186e481624eda438031b44e3f0548b7/diff:/lzcsys/data/system/docker/overlay2/09635977726a8b402f0062010c62590cd6e68e4e9e6e8292a5f1ba260e4b4185/diff:/lzcsys/data/system/docker/overlay2/1ecc1bc59e87d5331bd492179013fae8bc61f16972972d547def4677f72b7351/diff:/lzcsys/data/system/docker/overlay2/f21d5b13dade8b2742340e6eee781adf03b0d910f033e917640af3f957f2a91f/diff",
                "MergedDir": "/lzcsys/data/system/docker/overlay2/725064e70f28de637fe18d646278683382edc935f4202fd09793199a4d43a389/merged",
                "UpperDir": "/lzcsys/data/system/docker/overlay2/725064e70f28de637fe18d646278683382edc935f4202fd09793199a4d43a389/diff",
                "WorkDir": "/lzcsys/data/system/docker/overlay2/725064e70f28de637fe18d646278683382edc935f4202fd09793199a4d43a389/work"
            },
            "Name": "overlay2"
        },
        "RootFS": {
            "Type": "layers",
            "Layers": [
                "sha256:d4fc045c9e3a848011de66f34b81f052d4f2c15a17bb196d637e526349601820",
                "sha256:84fb6f960d5d96dc1f8afb7361710ce5657b76735fd4147f17d515ba8d6a2a34",
                "sha256:6362a60db446b078429ce5b479d8319c6c2467907f8a15a348ca87e7afb62967",
                "sha256:8116e33b542a67590614d801501e5476e264ed518246e540e496eee3d74684e4",
                "sha256:1c604461efdd7b8b6223b8b4ad68fff5778c7679b6ee3148e2bda882cd795e6c",
                "sha256:2f15391690e395affd56d5f82aa3ca9e16ae72dec5899f31b4e0fb2a800e75fa"
            ]
        },
        "Metadata": {
            "LastTagTime": "0001-01-01T00:00:00Z"
        }
    }
]
