[
    {
        "Id": "sha256:90bf16a8ca353add100722d7bfb5c53c22ec0a395bd553924816b67a511bc6cf",
        "RepoTags": [
            "registry.lazycat.cloud/dockurr/windows:1.0.14-patched"
        ],
        "RepoDigests": [
            "registry.lazycat.cloud/dockurr/windows@sha256:a99c7c8490a03224e2fe1f3b61fdbe08cde0b0934d3e1aca9c509567a2fe0c09"
        ],
        "Parent": "",
        "Comment": "buildkit.dockerfile.v0",
        "Created": "2025-02-07T18:20:09.656373593+08:00",
        "DockerVersion": "",
        "Author": "",
        "Config": {
            "Hostname": "",
            "Domainname": "",
            "User": "",
            "AttachStdin": false,
            "AttachStdout": false,
            "AttachStderr": false,
            "ExposedPorts": {
                "10086/tcp": {},
                "10087/udp": {},
                "22/tcp": {},
                "25565/tcp": {},
                "30033/tcp": {},
                "3389/tcp": {},
                "4500/udp": {},
                "500/udp": {},
                "8006/tcp": {},
                "9987/udp": {}
            },
            "Tty": false,
            "OpenStdin": false,
            "StdinOnce": false,
            "Env": [
                "PATH=/usr/local/sbin:/usr/local/bin:/usr/sbin:/usr/bin:/sbin:/bin",
                "RAM_SIZE=4G",
                "CPU_CORES=6",
                "DISK_SIZE=64G",
                "VERSION=win11",
                "LANGUAGE=cn"
            ],
            "Cmd": null,
            "Image": "",
            "Volumes": {
                "/storage": {}
            },
            "WorkingDir": "/",
            "Entrypoint": [
                "/usr/bin/tini",
                "-s",
                "/run/entry.sh"
            ],
            "OnBuild": null,
            "Labels": null
        },
        "Architecture": "amd64",
        "Os": "linux",
        "Size": 389157600,
        "GraphDriver": {
            "Data": {
                "LowerDir": "/lzcsys/data/system/docker/overlay2/9004950ee28c8b12f3d636ec846c374b8744c5edb04413650c8cc7715a0d43e3/diff:/lzcsys/data/system/docker/overlay2/4c1f9bd333fcf6a81125fb5c90957598af18efa2daed2ef36b96dd1169176c11/diff:/lzcsys/data/system/docker/overlay2/3cdfbad03ad676a4a149b2f4b9a92e2df33e914dbcb6a5538a629c675a75d7d2/diff:/lzcsys/data/system/docker/overlay2/ef75a4bad6fcf73a6953359dee140374fbafff082cc2fb7d07d66c5b4a69cdf2/diff:/lzcsys/data/system/docker/overlay2/6731420c89abdc5a512a8f67cf92e6cfaa2119f3344c8671a66e837d1d2f5d11/diff",
                "MergedDir": "/lzcsys/data/system/docker/overlay2/255a8ed0c0a10601637837d6541f4454c7083342ff40a2933029274c705ba882/merged",
                "UpperDir": "/lzcsys/data/system/docker/overlay2/255a8ed0c0a10601637837d6541f4454c7083342ff40a2933029274c705ba882/diff",
                "WorkDir": "/lzcsys/data/system/docker/overlay2/255a8ed0c0a10601637837d6541f4454c7083342ff40a2933029274c705ba882/work"
            },
            "Name": "overlay2"
        },
        "RootFS": {
            "Type": "layers",
            "Layers": [
                "sha256:95bb4fefd54d745688cab750256d8acba01977d99e9d342746dcdadce1e9f04b",
                "sha256:7e7bc57ce3e2872413ce812ba5d3899bfb597724830ef6babfba76403430842d",
                "sha256:48d40374615c09ca579cea9c81b69c7d5b6e84c94589c47f74a3ed771cc944ba",
                "sha256:6eb797fd0d88e88f959b593ccaa1ad4ed005f0411a2404b6a8998a97d3693e9b",
                "sha256:d4bc1ccb6ff60e3fe3566463ea75cf58a5fd61c111ebcb5112e96db27d4f3931",
                "sha256:2e21b220288dc3a4330ccb6fe004af5790dfed11827efea76836d8f84eaefbcf"
            ]
        },
        "Metadata": {
            "LastTagTime": "0001-01-01T00:00:00Z"
        }
    }
]
