{
  "ociVersion": "1.0.2-dev",
  "process": {
    "consoleSize": {
      "height": 24,
      "width": 80
    },
    "user": {
      "uid": 0,
      "gid": 0
    },
    "args": [
      "/sbin/init"
    ],
    "env": [
      "PATH=/usr/local/sbin:/usr/local/bin:/usr/sbin:/usr/bin:/sbin:/bin",
      "TERM=xterm",
      "container=runc"
    ],
    "cwd": "/root",
    "capabilities": {
      "bounding": [
        "CAP_CHOWN",
        "CAP_DAC_OVERRIDE",
        "CAP_DAC_READ_SEARCH",
        "CAP_FOWNER",
        "CAP_FSETID",
        "CAP_KILL",
        "CAP_SETGID",
        "CAP_SETUID",
        "CAP_SETPCAP",
        "CAP_LINUX_IMMUTABLE",
        "CAP_NET_BIND_SERVICE",
        "CAP_NET_BROADCAST",
        "CAP_NET_ADMIN",
        "CAP_NET_RAW",
        "CAP_IPC_LOCK",
        "CAP_IPC_OWNER",
        "CAP_SYS_MODULE",
        "CAP_SYS_RAWIO",
        "CAP_SYS_CHROOT",
        "CAP_SYS_PTRACE",
        "CAP_SYS_PACCT",
        "CAP_SYS_ADMIN",
        "CAP_SYS_BOOT",
        "CAP_SYS_NICE",
        "CAP_SYS_RESOURCE",
        "CAP_SYS_TIME",
        "CAP_SYS_TTY_CONFIG",
        "CAP_MKNOD",
        "CAP_LEASE",
        "CAP_AUDIT_WRITE",
        "CAP_AUDIT_CONTROL",
        "CAP_SETFCAP",
        "CAP_MAC_OVERRIDE",
        "CAP_MAC_ADMIN",
        "CAP_SYSLOG",
        "CAP_WAKE_ALARM",
        "CAP_BLOCK_SUSPEND",
        "CAP_AUDIT_READ",
        "CAP_PERFMON",
        "CAP_BPF",
        "CAP_CHECKPOINT_RESTORE"
      ],
      "effective": [
        "CAP_CHOWN",
        "CAP_DAC_OVERRIDE",
        "CAP_DAC_READ_SEARCH",
        "CAP_FOWNER",
        "CAP_FSETID",
        "CAP_KILL",
        "CAP_SETGID",
        "CAP_SETUID",
        "CAP_SETPCAP",
        "CAP_LINUX_IMMUTABLE",
        "CAP_NET_BIND_SERVICE",
        "CAP_NET_BROADCAST",
        "CAP_NET_ADMIN",
        "CAP_NET_RAW",
        "CAP_IPC_LOCK",
        "CAP_IPC_OWNER",
        "CAP_SYS_MODULE",
        "CAP_SYS_RAWIO",
        "CAP_SYS_CHROOT",
        "CAP_SYS_PTRACE",
        "CAP_SYS_PACCT",
        "CAP_SYS_ADMIN",
        "CAP_SYS_BOOT",
        "CAP_SYS_NICE",
        "CAP_SYS_RESOURCE",
        "CAP_SYS_TIME",
        "CAP_SYS_TTY_CONFIG",
        "CAP_MKNOD",
        "CAP_LEASE",
        "CAP_AUDIT_WRITE",
        "CAP_AUDIT_CONTROL",
        "CAP_SETFCAP",
        "CAP_MAC_OVERRIDE",
        "CAP_MAC_ADMIN",
        "CAP_SYSLOG",
        "CAP_WAKE_ALARM",
        "CAP_BLOCK_SUSPEND",
        "CAP_AUDIT_READ",
        "CAP_PERFMON",
        "CAP_BPF",
        "CAP_CHECKPOINT_RESTORE"
      ],
      "inheritable": [
        "CAP_CHOWN",
        "CAP_DAC_OVERRIDE",
        "CAP_DAC_READ_SEARCH",
        "CAP_FOWNER",
        "CAP_FSETID",
        "CAP_KILL",
        "CAP_SETGID",
        "CAP_SETUID",
        "CAP_SETPCAP",
        "CAP_LINUX_IMMUTABLE",
        "CAP_NET_BIND_SERVICE",
        "CAP_NET_BROADCAST",
        "CAP_NET_ADMIN",
        "CAP_NET_RAW",
        "CAP_IPC_LOCK",
        "CAP_IPC_OWNER",
        "CAP_SYS_MODULE",
        "CAP_SYS_RAWIO",
        "CAP_SYS_CHROOT",
        "CAP_SYS_PTRACE",
        "CAP_SYS_PACCT",
        "CAP_SYS_ADMIN",
        "CAP_SYS_BOOT",
        "CAP_SYS_NICE",
        "CAP_SYS_RESOURCE",
        "CAP_SYS_TIME",
        "CAP_SYS_TTY_CONFIG",
        "CAP_MKNOD",
        "CAP_LEASE",
        "CAP_AUDIT_WRITE",
        "CAP_AUDIT_CONTROL",
        "CAP_SETFCAP",
        "CAP_MAC_OVERRIDE",
        "CAP_MAC_ADMIN",
        "CAP_SYSLOG",
        "CAP_WAKE_ALARM",
        "CAP_BLOCK_SUSPEND",
        "CAP_AUDIT_READ",
        "CAP_PERFMON",
        "CAP_BPF",
        "CAP_CHECKPOINT_RESTORE"
      ],
      "permitted": [
        "CAP_CHOWN",
        "CAP_DAC_OVERRIDE",
        "CAP_DAC_READ_SEARCH",
        "CAP_FOWNER",
        "CAP_FSETID",
        "CAP_KILL",
        "CAP_SETGID",
        "CAP_SETUID",
        "CAP_SETPCAP",
        "CAP_LINUX_IMMUTABLE",
        "CAP_NET_BIND_SERVICE",
        "CAP_NET_BROADCAST",
        "CAP_NET_ADMIN",
        "CAP_NET_RAW",
        "CAP_IPC_LOCK",
        "CAP_IPC_OWNER",
        "CAP_SYS_MODULE",
        "CAP_SYS_RAWIO",
        "CAP_SYS_CHROOT",
        "CAP_SYS_PTRACE",
        "CAP_SYS_PACCT",
        "CAP_SYS_ADMIN",
        "CAP_SYS_BOOT",
        "CAP_SYS_NICE",
        "CAP_SYS_RESOURCE",
        "CAP_SYS_TIME",
        "CAP_SYS_TTY_CONFIG",
        "CAP_MKNOD",
        "CAP_LEASE",
        "CAP_AUDIT_WRITE",
        "CAP_AUDIT_CONTROL",
        "CAP_SETFCAP",
        "CAP_MAC_OVERRIDE",
        "CAP_MAC_ADMIN",
        "CAP_SYSLOG",
        "CAP_WAKE_ALARM",
        "CAP_BLOCK_SUSPEND",
        "CAP_AUDIT_READ",
        "CAP_PERFMON",
        "CAP_BPF",
        "CAP_CHECKPOINT_RESTORE"
      ],
      "ambient": [
        "CAP_CHOWN",
        "CAP_DAC_OVERRIDE",
        "CAP_DAC_READ_SEARCH",
        "CAP_FOWNER",
        "CAP_FSETID",
        "CAP_KILL",
        "CAP_SETGID",
        "CAP_SETUID",
        "CAP_SETPCAP",
        "CAP_LINUX_IMMUTABLE",
        "CAP_NET_BIND_SERVICE",
        "CAP_NET_BROADCAST",
        "CAP_NET_ADMIN",
        "CAP_NET_RAW",
        "CAP_IPC_LOCK",
        "CAP_IPC_OWNER",
        "CAP_SYS_MODULE",
        "CAP_SYS_RAWIO",
        "CAP_SYS_CHROOT",
        "CAP_SYS_PTRACE",
        "CAP_SYS_PACCT",
        "CAP_SYS_ADMIN",
        "CAP_SYS_BOOT",
        "CAP_SYS_NICE",
        "CAP_SYS_RESOURCE",
        "CAP_SYS_TIME",
        "CAP_SYS_TTY_CONFIG",
        "CAP_MKNOD",
        "CAP_LEASE",
        "CAP_AUDIT_WRITE",
        "CAP_AUDIT_CONTROL",
        "CAP_SETFCAP",
        "CAP_MAC_OVERRIDE",
        "CAP_MAC_ADMIN",
        "CAP_SYSLOG",
        "CAP_WAKE_ALARM",
        "CAP_BLOCK_SUSPEND",
        "CAP_AUDIT_READ",
        "CAP_PERFMON",
        "CAP_BPF",
        "CAP_CHECKPOINT_RESTORE"
      ]
    },
    "rlimits": [
      {
        "type": "RLIMIT_NOFILE",
        "hard": 1024,
        "soft": 1024
      }
    ]
  },
  "root": {
    "path": "os"
  },
  "mounts": [
    {
      "destination": "/proc",
      "type": "proc",
      "source": "proc",
      "options": [
        "nosuid",
        "noexec",
        "nodev"
      ]
    },
    {
      "destination": "/dev",
      "type": "bind",
      "source": "/dev",
      "options": [
        "bind"
      ]
    },
    {
      "destination": "/dev/pts",
      "type": "devpts",
      "source": "devpts",
      "options": [
        "nosuid",
        "noexec",
        "newinstance",
        "ptmxmode=0666",
        "mode=0620",
        "gid=5"
      ]
    },
    {
      "destination": "/dev/shm",
      "type": "tmpfs",
      "source": "shm",
      "options": [
        "nosuid",
        "noexec",
        "nodev",
        "mode=1777",
        "size=65536k"
      ]
    },
    {
      "destination": "/lib/modules",
      "type": "bind",
      "source": "/lib/modules",
      "options": [
        "ro",
        "bind"
      ]
    },
    {
      "destination": "/lib/firmware",
      "type": "bind",
      "source": "/lib/firmware",
      "options": [
        "ro",
        "bind"
      ]
    },
    {
      "destination": "/dev/mqueue",
      "type": "mqueue",
      "source": "mqueue",
      "options": [
        "nosuid",
        "noexec",
        "nodev"
      ]
    },
    {
      "destination": "/sys",
      "type": "sysfs",
      "source": "sysfs",
      "options": [
        "nosuid",
        "noexec",
        "nodev",
        "rw"
      ]
    },
    {
      "destination": "/sys/firmware/efi/efivars",
      "type": "efivarfs",
      "source": "none",
      "options": [
        "nosuid",
        "noexec",
        "nodev",
        "rw",
        "relatime"
      ]
    },
    {
      "destination": "/run",
      "type": "tmpfs",
      "source": "none",
      "options": [
        "nodev",
        "nosuid"
      ]
    },
    {
      "destination": "/lzcsys/run/machine",
      "type": "bind",
      "source": "/lzcsys/run/machine",
      "options": [
        "ro",
        "bind"
      ]
    },
    {
      "destination": "/run/lzc-sys",
      "type": "bind",
      "source": "/run/lzc-sys",
      "options": [
        "rw",
        "bind"
      ]
    },
    {
      "destination": "/tmp",
      "type": "tmpfs",
      "source": "none",
      "options": [
        "nodev",
        "nosuid"
      ]
    },
    {
      "destination": "/var",
      "type": "bind",
      "source": "/run/lzcsys/boot/lzc-os-init/var",
      "options": [
        "rw",
        "bind"
      ]
    },
    {
      "destination": "/var/cache",
      "type": "bind",
      "source": "/run/lzcsys/boot/lzc-os-init/cache",
      "options": [
        "rw",
        "bind"
      ]
    },
    {
      "destination": "/lzcsys/etc/debug.env",
      "type": "bind",
      "source": "/lzcsys/etc/debug.env",
      "options": [
        "ro",
        "bind"
      ]
    },
    {
      "destination": "/lzcsys/etc/box.data.path",
      "type": "bind",
      "source": "/lzcsys/etc/box.data.path",
      "options": [
        "ro",
        "bind"
      ]
    },
    {
      "destination": "/lzcsys/run/base-os/dbus",
      "type": "bind",
      "source": "/run/dbus",
      "options": [
        "ro",
        "bind"
      ]
    }
  ],
  "linux": {
    "resources": {
      "devices": [
        {
          "allow": true,
          "access": "rwm"
        }
      ]
    },
    "namespaces": [
      {
        "type": "pid"
      },
      {
        "type": "ipc"
      },
      {
        "type": "mount"
      }
    ]
  }
}
