{
  "ociVersion": "1.0.2-dev",
  "process": {
    "user": {
      "uid": 0,
      "gid": 0
    },
    "args": [
      "/run/pkg/{{ cmd }}"
    ],
    "env": [
      "PATH=/usr/local/sbin:/usr/local/bin:/usr/sbin:/usr/bin:/sbin:/bin",
      "PKG=/run/pkg",
      "VAR=/run/var",
      "TERM=xterm"
    ],
    "cwd": "/mnt",
    "capabilities": {
      "bounding": [
        "CAP_AUDIT_WRITE",
        "CAP_KILL",
        "CAP_NET_BIND_SERVICE"
      ],
      "effective": [
        "CAP_AUDIT_WRITE",
        "CAP_KILL",
        "CAP_NET_BIND_SERVICE"
      ],
      "permitted": [
        "CAP_AUDIT_WRITE",
        "CAP_KILL",
        "CAP_NET_BIND_SERVICE"
      ],
      "ambient": [
        "CAP_AUDIT_WRITE",
        "CAP_KILL",
        "CAP_NET_BIND_SERVICE"
      ]
    },
    "rlimits": [
      {
        "type": "RLIMIT_NOFILE",
        "hard": 1024,
        "soft": 1024
      }
    ],
    "noNewPrivileges": true
  },
  "root": {
    "path": "update-tool"
  },
  "mounts": [
    {
      "destination": "/dev",
      "type": "tmpfs",
      "source": "tmpfs",
      "options": [
        "rw",
        "nosuid",
        "size=65536k",
        "mode=755",
        "inode64"
      ]
    },
    {
      "destination": "/proc",
      "type": "proc",
      "source": "proc",
      "options": [
        "nosuid",
        "noexec",
        "nodev"
      ]
    },
    {
      "destination": "/dev/pts",
      "type": "devpts",
      "source": "devpts",
      "options": [
        "nosuid",
        "noexec",
        "newinstance",
        "ptmxmode=0666",
        "mode=0620",
        "gid=5"
      ]
    },
    {
      "destination": "/dev/shm",
      "type": "tmpfs",
      "source": "shm",
      "options": [
        "nosuid",
        "noexec",
        "nodev",
        "mode=1777",
        "size=65536k"
      ]
    },
    {
      "destination": "/dev/mqueue",
      "type": "mqueue",
      "source": "mqueue",
      "options": [
        "nosuid",
        "noexec",
        "nodev"
      ]
    },
    {
      "destination": "/sys",
      "type": "sysfs",
      "source": "sysfs",
      "options": [
        "nosuid",
        "noexec",
        "nodev",
        "ro"
      ]
    },
    {
      "destination": "/run",
      "type": "tmpfs",
      "source": "none",
      "options": [
        "nodev",
        "nosuid"
      ]
    },
    {
      "destination": "/tmp",
      "type": "tmpfs",
      "source": "none",
      "options": [
        "nodev",
        "nosuid"
      ]
    },
    {
      "destination": "/run/pkg",
      "type": "bind",
      "source": "{{ pkg }}",
      "options": [
        "bind",
        "ro"
      ]
    },
    {
      "destination": "/mnt",
      "type": "bind",
      "source": "{{ mnt }}",
      "options": [
        "bind"
      ]
    },
    {
      "destination": "/run/var",
      "type": "bind",
      "source": "{{ var }}",
      "options": [
        "bind"
      ]
    }
  ],
  "linux": {
    "resources": {
      "devices": [
        {
          "allow": false,
          "access": "rwm"
        }
      ]
    },
    "namespaces": [
      {
        "type": "pid"
      },
      {
        "type": "ipc"
      },
      {
        "type": "mount"
      },
      {
        "type": "cgroup"
      }
    ]
  }
}
