{
  "bridge": "",
  "insecure-registries": ["registry.lazycat.cloud"],
  "hosts": ["unix:///lzcsys/data/playground/docker.sock"],
  "containerd-namespace": "playground-docker",
  "containerd-plugins-namespace": "playground-docker",
  "exec-root": "/lzcsys/data/playground/docker",
  "pidfile": "/lzcsys/data/playground/docker.pid",
  "data-root": "/lzcsys/data/playground/data/docker",
  "default-address-pools": [
    { "base": "172.100.0.0/16", "size": 24 },
    { "base": "172.101.0.0/16", "size": 24 }
  ],
  "cgroup-parent": "pg_docker.slice"
}
