{"boxes":[{"box_id":"12D3KooWNWhaKgkjjwJWN6neBc5zbJGvfeEq34QhP4o1Knc3S9aX","box_name":"axy","box_domain":"axy.heiyu.space","box_virtual_ip":"fc03:1136:387f:7a80:c8cc:58be:371d:0","status":2,"status_reason":"耗时:3.323880415s,\"/ip6/2408:824e:d23:6080::997/tcp/42985\"与\"/ip6/240e:36d:326:9620:ee26:e189:dda7:a7f5/tcp/37464\"(\"axy_12D3KooWNW-4\")连接成功 on 2025-11-16T20:45:12+08:00","login_user":"axy","is_admin_login":true,"is_default_box":true,"conn_type":300,"last_login_time":{"seconds":1763297112,"nanos":959874094}}]}
