{"id":"12D3KooWArYUgwHJwgDwugWCf32Szrx4UxsaibfUSD5UgRJ4t1h5","tun_ip":"fc03:1136:38a5:5f5f:1cd6:73bd:8922:0","local_ips":["/ip4/192.168.10.36/tcp/35323","/ip6/2408:824e:d23:6080::997/tcp/42985"],"origin_server":"{stun.lazycat.cloud:3478 https://origin.lazycat.cloud/list /dnsaddr/origin.lazycat.cloud}","version":"v0.0.0-349-150-g65078878","ifce_ips":["/p2p-circuit","/ip4/127.0.0.1/tcp/35323","/ip4/192.168.10.36/tcp/35323","/ip6/::1/tcp/42985","/ip6/2408:824e:d23:6080::997/tcp/42985","/ip6/2408:824e:d23:6080:9ad8:70f1:6d3f:fd53/tcp/42985"],"listen_ips":["/p2p-circuit","/ip4/0.0.0.0/tcp/35323","/ip6/::/tcp/42985"],"device_os":"linux","start_time":"11.112067727s"}
