{"StreamConfig":{},"State":{"Running":true,"Paused":false,"Restarting":false,"OOMKilled":false,"RemovalInProgress":false,"Dead":false,"Pid":1831,"ExitCode":0,"Error":"","StartedAt":"2025-11-14T15:44:36.063481304Z","FinishedAt":"0001-01-01T00:00:00Z","Health":{"Status":"starting","FailingStreak":0,"Log":null}},"ID":"51f62b239bb3613ba0599899bae617059d41315c215886eefa13609e463bb957","Created":"2025-11-14T15:44:35.942098944Z","Managed":false,"Path":"/sspk/bin/lzc-apiserver","Args":[],"Config":{"Hostname":"lzcbox-60378f6b","Domainname":"","User":"","AttachStdin":false,"AttachStdout":true,"AttachStderr":true,"Tty":false,"OpenStdin":false,"StdinOnce":false,"Env":["LAZYCAT_APPS_ROOT=/lzcsys/data/system/pkgm/apps","GIN_MODE=release","DOCKER_HOST=unix:///lzcsys/run/lzc-docker/docker.sock","LZC_DOCKER_HOST_IP=172.18.0.1","_LZC_API_SERVER_LISTEN_ADDR=172.18.0.1:17329","LAZYCAT_HOST_HOME=/lzcsys/data/document","PATH=/usr/local/sbin:/usr/local/bin:/usr/sbin:/usr/bin:/sbin:/bin"],"Cmd":["/sspk/bin/lzc-apiserver"],"Healthcheck":{"Test":["CMD","curl","-f","http://172.18.0.1:17329/ping"],"Interval":5000000000,"StartPeriod":600000000000},"Image":"registry.lazycat.cloud/lzc/lzcapp:3.20.3","Volumes":null,"WorkingDir":"/","Entrypoint":null,"OnBuild":null,"Labels":{"com.docker.compose.config-hash":"2554c04774a02f7b43abb0f8c08d387d6496a94ea472d721b6dc72dcea7faf1b","com.docker.compose.container-number":"1","com.docker.compose.depends_on":"","com.docker.compose.image":"sha256:ba7a533c869a26d89e83bdc5ddb978df5a3502ac91452422a649d0d3cf52190b","com.docker.compose.oneoff":"False","com.docker.compose.project":"lzc-runtime","com.docker.compose.project.config_files":"/lzcsys/sspks/lzc-runtime/docker-compose.yml","com.docker.compose.project.environment_file":"/lzcsys/sspks/lzc-runtime/.env","com.docker.compose.project.working_dir":"/lzcsys/sspks/lzc-runtime","com.docker.compose.service":"api-servers","com.docker.compose.version":"2.32.4"}},"Image":"sha256:ba7a533c869a26d89e83bdc5ddb978df5a3502ac91452422a649d0d3cf52190b","ImageManifest":null,"NetworkSettings":{"Bridge":"","SandboxID":"bfc2e8ad204a81dec28a1bd1218031e2924483d94fce63938022f6f8ca73dde8","SandboxKey":"/var/run/docker/netns/default","HairpinMode":false,"LinkLocalIPv6Address":"","LinkLocalIPv6PrefixLen":0,"Networks":{"host":{"IPAMConfig":null,"Links":null,"Aliases":null,"MacAddress":"","DriverOpts":null,"NetworkID":"60b824d4438d638de8a5f055b84da7693a918d381b6f8f5cbc4a11f6b541e44e","EndpointID":"3c69cb394afa5ca71a37dccad4c2733037dbdf4c2185367ab13984b13af042ea","Gateway":"","IPAddress":"","IPPrefixLen":0,"IPv6Gateway":"","GlobalIPv6Address":"","GlobalIPv6PrefixLen":0,"DNSNames":null,"IPAMOperational":false,"DesiredMacAddress":""}},"Service":null,"Ports":{},"SecondaryIPAddresses":null,"SecondaryIPv6Addresses":null,"HasSwarmEndpoint":false},"LogPath":"","Name":"/lzc-runtime-api-servers-1","Driver":"overlay2","OS":"linux","RestartCount":0,"HasBeenStartedBefore":true,"HasBeenManuallyStopped":false,"MountPoints":{"/bin":{"Source":"/bin","Destination":"/bin","RW":true,"Name":"","Driver":"","Type":"bind","Relabel":"rw","Propagation":"rprivate","Spec":{"Type":"bind","Source":"/bin","Target":"/bin"},"SkipMountpointCreation":false},"/dev":{"Source":"/dev","Destination":"/dev","RW":true,"Name":"","Driver":"","Type":"bind","Relabel":"rw","Propagation":"rprivate","Spec":{"Type":"bind","Source":"/dev","Target":"/dev"},"SkipMountpointCreation":false},"/etc":{"Source":"/etc","Destination":"/etc","RW":true,"Name":"","Driver":"","Type":"bind","Relabel":"rw","Propagation":"rprivate","Spec":{"Type":"bind","Source":"/etc/","Target":"/etc"},"SkipMountpointCreation":false},"/lib":{"Source":"/lib","Destination":"/lib","RW":true,"Name":"","Driver":"","Type":"bind","Relabel":"rw","Propagation":"rprivate","Spec":{"Type":"bind","Source":"/lib","Target":"/lib"},"SkipMountpointCreation":false},"/lib64":{"Source":"/lib64","Destination":"/lib64","RW":true,"Name":"","Driver":"","Type":"bind","Relabel":"rw","Propagation":"rprivate","Spec":{"Type":"bind","Source":"/lib64","Target":"/lib64"},"SkipMountpointCreation":false},"/lzcapp/run/certs":{"Source":"/lzcsys/var/runtime/config/apicerts","Destination":"/lzcapp/run/certs","RW":true,"Name":"","Driver":"","Type":"bind","Relabel":"rw","Propagation":"rprivate","Spec":{"Type":"bind","Source":"/lzcsys/var/runtime/config/apicerts","Target":"/lzcapp/run/certs"},"SkipMountpointCreation":false},"/lzcapp/run/sys":{"Source":"/run/lzc-sys","Destination":"/lzcapp/run/sys","RW":true,"Name":"","Driver":"","Type":"bind","Relabel":"rw","Propagation":"rprivate","Spec":{"Type":"bind","Source":"/run/lzc-sys/","Target":"/lzcapp/run/sys"},"SkipMountpointCreation":false},"/lzcapp/var":{"Source":"/lzcsys/var/runtime","Destination":"/lzcapp/var","RW":true,"Name":"","Driver":"","Type":"bind","Relabel":"rw","Propagation":"rprivate","Spec":{"Type":"bind","Source":"/lzcsys/var/runtime/","Target":"/lzcapp/var"},"SkipMountpointCreation":false},"/lzcsys":{"Source":"/lzcsys","Destination":"/lzcsys","RW":true,"Name":"","Driver":"","Type":"bind","Propagation":"rshared","Spec":{"Type":"bind","Source":"/lzcsys","Target":"/lzcsys","BindOptions":{"Propagation":"rshared"}},"SkipMountpointCreation":true},"/run":{"Source":"/run","Destination":"/run","RW":true,"Name":"","Driver":"","Type":"bind","Relabel":"rw","Propagation":"rprivate","Spec":{"Type":"bind","Source":"/run","Target":"/run"},"SkipMountpointCreation":false},"/sspk":{"Source":"/lzcsys/sspks/lzc-runtime","Destination":"/sspk","RW":false,"Name":"","Driver":"","Type":"bind","Relabel":"ro","Propagation":"rprivate","Spec":{"Type":"bind","Source":"/lzcsys/sspks/lzc-runtime","Target":"/sspk","ReadOnly":true},"SkipMountpointCreation":false},"/usr":{"Source":"/usr","Destination":"/usr","RW":true,"Name":"","Driver":"","Type":"bind","Relabel":"rw","Propagation":"rprivate","Spec":{"Type":"bind","Source":"/usr","Target":"/usr"},"SkipMountpointCreation":false}},"SecretReferences":null,"ConfigReferences":null,"MountLabel":"","ProcessLabel":"","AppArmorProfile":"","SeccompProfile":"","NoNewPrivileges":false,"HostnamePath":"/var/lib/docker/containers/51f62b239bb3613ba0599899bae617059d41315c215886eefa13609e463bb957/hostname","HostsPath":"/var/lib/docker/containers/51f62b239bb3613ba0599899bae617059d41315c215886eefa13609e463bb957/hosts","ShmPath":"","ResolvConfPath":"/var/lib/docker/containers/51f62b239bb3613ba0599899bae617059d41315c215886eefa13609e463bb957/resolv.conf","LocalLogCacheMeta":{"HaveNotifyEnabled":false}}
