{"StreamConfig":{},"State":{"Running":true,"Paused":false,"Restarting":false,"OOMKilled":false,"RemovalInProgress":false,"Dead":false,"Pid":1108,"ExitCode":0,"Error":"","StartedAt":"2025-11-14T15:44:34.430936502Z","FinishedAt":"0001-01-01T00:00:00Z","Health":null},"ID":"8abb27492073eea569fb229fa1268e72083838af98e9480028d2a934d88294bd","Created":"2025-11-14T15:44:34.295648416Z","Managed":false,"Path":"/sspk/bin/hext","Args":["-l","/lzcsys/var/log/monitors/hext.log"],"Config":{"Hostname":"lzcbox-60378f6b","Domainname":"","User":"","AttachStdin":false,"AttachStdout":true,"AttachStderr":true,"Tty":false,"OpenStdin":false,"StdinOnce":false,"Env":["PATH=/usr/local/sbin:/usr/local/bin:/usr/sbin:/usr/bin:/sbin:/bin"],"Cmd":["/sspk/bin/hext","-l","/lzcsys/var/log/monitors/hext.log"],"Image":"registry.lazycat.cloud/lzc/lzcapp:3.20.3","Volumes":null,"WorkingDir":"/","Entrypoint":null,"OnBuild":null,"Labels":{"com.docker.compose.config-hash":"af886a7f78dc55e99fbaafe7abf24e3ac49ff2ef438b81a3b8114f1615df1212","com.docker.compose.container-number":"1","com.docker.compose.depends_on":"","com.docker.compose.image":"sha256:ba7a533c869a26d89e83bdc5ddb978df5a3502ac91452422a649d0d3cf52190b","com.docker.compose.oneoff":"False","com.docker.compose.project":"lzc-recovery","com.docker.compose.project.config_files":"/lzcsys/sspks/lzc-recovery/docker-compose.yml","com.docker.compose.project.working_dir":"/lzcsys/sspks/lzc-recovery","com.docker.compose.service":"hext","com.docker.compose.version":"2.32.4"}},"Image":"sha256:ba7a533c869a26d89e83bdc5ddb978df5a3502ac91452422a649d0d3cf52190b","ImageManifest":null,"NetworkSettings":{"Bridge":"","SandboxID":"cb8b51b876adc2decad8b24bcc856d84d4a80497d17358c3bfca2f5dbec8180e","SandboxKey":"/var/run/docker/netns/default","HairpinMode":false,"LinkLocalIPv6Address":"","LinkLocalIPv6PrefixLen":0,"Networks":{"host":{"IPAMConfig":null,"Links":null,"Aliases":null,"MacAddress":"","DriverOpts":null,"NetworkID":"60b824d4438d638de8a5f055b84da7693a918d381b6f8f5cbc4a11f6b541e44e","EndpointID":"bab5f40c06b1941c41b29cf93607659c97c24675c7f9bb93949d64ca87c58a7b","Gateway":"","IPAddress":"","IPPrefixLen":0,"IPv6Gateway":"","GlobalIPv6Address":"","GlobalIPv6PrefixLen":0,"DNSNames":null,"IPAMOperational":false,"DesiredMacAddress":""}},"Service":null,"Ports":{},"SecondaryIPAddresses":null,"SecondaryIPv6Addresses":null,"HasSwarmEndpoint":false},"LogPath":"","Name":"/hext","Driver":"overlay2","OS":"linux","RestartCount":0,"HasBeenStartedBefore":true,"HasBeenManuallyStopped":false,"MountPoints":{"/bin":{"Source":"/bin","Destination":"/bin","RW":true,"Name":"","Driver":"","Type":"bind","Relabel":"rw","Propagation":"rprivate","Spec":{"Type":"bind","Source":"/bin","Target":"/bin"},"SkipMountpointCreation":false},"/etc/localtime":{"Source":"/etc/localtime","Destination":"/etc/localtime","RW":false,"Name":"","Driver":"","Type":"bind","Relabel":"ro","Propagation":"rprivate","Spec":{"Type":"bind","Source":"/etc/localtime","Target":"/etc/localtime","ReadOnly":true},"SkipMountpointCreation":false},"/lib":{"Source":"/lib","Destination":"/lib","RW":true,"Name":"","Driver":"","Type":"bind","Relabel":"rw","Propagation":"rprivate","Spec":{"Type":"bind","Source":"/lib","Target":"/lib"},"SkipMountpointCreation":false},"/lib64":{"Source":"/lib64","Destination":"/lib64","RW":true,"Name":"","Driver":"","Type":"bind","Relabel":"rw","Propagation":"rprivate","Spec":{"Type":"bind","Source":"/lib64","Target":"/lib64"},"SkipMountpointCreation":false},"/lzcsys":{"Source":"/lzcsys","Destination":"/lzcsys","RW":true,"Name":"","Driver":"","Type":"bind","Propagation":"rslave","Spec":{"Type":"bind","Source":"/lzcsys","Target":"/lzcsys","BindOptions":{"Propagation":"rslave"}},"SkipMountpointCreation":true},"/run":{"Source":"/run","Destination":"/run","RW":true,"Name":"","Driver":"","Type":"bind","Relabel":"rw","Propagation":"rprivate","Spec":{"Type":"bind","Source":"/run","Target":"/run"},"SkipMountpointCreation":false},"/sbin":{"Source":"/sbin","Destination":"/sbin","RW":true,"Name":"","Driver":"","Type":"bind","Relabel":"rw","Propagation":"rprivate","Spec":{"Type":"bind","Source":"/sbin","Target":"/sbin"},"SkipMountpointCreation":false},"/sspk":{"Source":"/lzcsys/sspks/lzc-recovery","Destination":"/sspk","RW":false,"Name":"","Driver":"","Type":"bind","Relabel":"ro","Propagation":"rprivate","Spec":{"Type":"bind","Source":"/lzcsys/sspks/lzc-recovery","Target":"/sspk","ReadOnly":true},"SkipMountpointCreation":false},"/usr":{"Source":"/usr","Destination":"/usr","RW":true,"Name":"","Driver":"","Type":"bind","Relabel":"rw","Propagation":"rprivate","Spec":{"Type":"bind","Source":"/usr","Target":"/usr"},"SkipMountpointCreation":false}},"SecretReferences":null,"ConfigReferences":null,"MountLabel":"","ProcessLabel":"","AppArmorProfile":"","SeccompProfile":"","NoNewPrivileges":false,"HostnamePath":"/var/lib/docker/containers/8abb27492073eea569fb229fa1268e72083838af98e9480028d2a934d88294bd/hostname","HostsPath":"/var/lib/docker/containers/8abb27492073eea569fb229fa1268e72083838af98e9480028d2a934d88294bd/hosts","ShmPath":"","ResolvConfPath":"/var/lib/docker/containers/8abb27492073eea569fb229fa1268e72083838af98e9480028d2a934d88294bd/resolv.conf","LocalLogCacheMeta":{"HaveNotifyEnabled":false}}
