{"StreamConfig":{},"State":{"Running":true,"Paused":false,"Restarting":false,"OOMKilled":false,"RemovalInProgress":false,"Dead":false,"Pid":1451,"ExitCode":0,"Error":"","StartedAt":"2025-11-14T15:44:34.970273865Z","FinishedAt":"0001-01-01T00:00:00Z","Health":null},"ID":"fca647c06b455f0e3a267916c73da140ad21b502564d6616015b2326839df5f4","Created":"2025-11-14T15:44:34.9045839Z","Managed":false,"Path":"/sspk/lzc-installer","Args":[],"Config":{"Hostname":"lzcbox-60378f6b","Domainname":"","User":"","AttachStdin":false,"AttachStdout":true,"AttachStderr":true,"Tty":false,"OpenStdin":false,"StdinOnce":false,"Env":["SYSTEMCTL_FORCE_BUS=1","PATH=/opt:/lzcsys/bin:/lzcsys/bin:/usr/local/sbin:/usr/local/bin:/usr/sbin:/usr/bin:/sbin:/bin"],"Cmd":["/sspk/lzc-installer"],"Image":"registry.lazycat.cloud/lzc/lzcapp:3.20.3","Volumes":null,"WorkingDir":"/","Entrypoint":null,"OnBuild":null,"Labels":{"com.docker.compose.config-hash":"33cbb0bf032906791a2e61e60a155f29e6bf86554309d77065cdee16c3067e57","com.docker.compose.container-number":"1","com.docker.compose.depends_on":"","com.docker.compose.image":"sha256:ba7a533c869a26d89e83bdc5ddb978df5a3502ac91452422a649d0d3cf52190b","com.docker.compose.oneoff":"False","com.docker.compose.project":"lzc-installer","com.docker.compose.project.config_files":"/lzcsys/sspks/lzc-installer/docker-compose.yml","com.docker.compose.project.working_dir":"/lzcsys/sspks/lzc-installer","com.docker.compose.service":"lzc-installer","com.docker.compose.version":"2.32.4"}},"Image":"sha256:ba7a533c869a26d89e83bdc5ddb978df5a3502ac91452422a649d0d3cf52190b","ImageManifest":null,"NetworkSettings":{"Bridge":"","SandboxID":"1c0c3e9cf2e4b1f8a125db25cde1c49053dfcabff0b8e4dc01624494750e7346","SandboxKey":"/var/run/docker/netns/default","HairpinMode":false,"LinkLocalIPv6Address":"","LinkLocalIPv6PrefixLen":0,"Networks":{"host":{"IPAMConfig":null,"Links":null,"Aliases":null,"MacAddress":"","DriverOpts":null,"NetworkID":"60b824d4438d638de8a5f055b84da7693a918d381b6f8f5cbc4a11f6b541e44e","EndpointID":"6b4174066497002105ad0059beee00378f02f8dfb0bf3fa5c8a822f57b946c42","Gateway":"","IPAddress":"","IPPrefixLen":0,"IPv6Gateway":"","GlobalIPv6Address":"","GlobalIPv6PrefixLen":0,"DNSNames":null,"IPAMOperational":false,"DesiredMacAddress":""}},"Service":null,"Ports":{},"SecondaryIPAddresses":null,"SecondaryIPv6Addresses":null,"HasSwarmEndpoint":false},"LogPath":"","Name":"/lzc-installer","Driver":"overlay2","OS":"linux","RestartCount":0,"HasBeenStartedBefore":true,"HasBeenManuallyStopped":false,"MountPoints":{"/bin":{"Source":"/bin","Destination":"/bin","RW":true,"Name":"","Driver":"","Type":"bind","Relabel":"rw","Propagation":"rprivate","Spec":{"Type":"bind","Source":"/bin","Target":"/bin"},"SkipMountpointCreation":false},"/dev":{"Source":"/dev","Destination":"/dev","RW":true,"Name":"","Driver":"","Type":"bind","Relabel":"rw","Propagation":"rprivate","Spec":{"Type":"bind","Source":"/dev","Target":"/dev"},"SkipMountpointCreation":false},"/etc/hostname":{"Source":"/etc/hostname","Destination":"/etc/hostname","RW":true,"Name":"","Driver":"","Type":"bind","Relabel":"rw","Propagation":"rprivate","Spec":{"Type":"bind","Source":"/etc/hostname","Target":"/etc/hostname"},"SkipMountpointCreation":false},"/etc/localtime":{"Source":"/etc/localtime","Destination":"/etc/localtime","RW":false,"Name":"","Driver":"","Type":"bind","Relabel":"ro","Propagation":"rprivate","Spec":{"Type":"bind","Source":"/etc/localtime","Target":"/etc/localtime","ReadOnly":true},"SkipMountpointCreation":false},"/hostproc":{"Source":"/proc","Destination":"/hostproc","RW":true,"Name":"","Driver":"","Type":"bind","Relabel":"rw","Propagation":"rprivate","Spec":{"Type":"bind","Source":"/proc","Target":"/hostproc"},"SkipMountpointCreation":false},"/hostsys":{"Source":"/sys","Destination":"/hostsys","RW":true,"Name":"","Driver":"","Type":"bind","Relabel":"rw","Propagation":"rprivate","Spec":{"Type":"bind","Source":"/sys","Target":"/hostsys"},"SkipMountpointCreation":false},"/lib":{"Source":"/lib","Destination":"/lib","RW":true,"Name":"","Driver":"","Type":"bind","Relabel":"rw","Propagation":"rprivate","Spec":{"Type":"bind","Source":"/lib","Target":"/lib"},"SkipMountpointCreation":false},"/lib64":{"Source":"/lib64","Destination":"/lib64","RW":true,"Name":"","Driver":"","Type":"bind","Relabel":"rw","Propagation":"rprivate","Spec":{"Type":"bind","Source":"/lib64","Target":"/lib64"},"SkipMountpointCreation":false},"/lzcsys":{"Source":"/lzcsys","Destination":"/lzcsys","RW":true,"Name":"","Driver":"","Type":"bind","Propagation":"rshared","Spec":{"Type":"bind","Source":"/lzcsys","Target":"/lzcsys","BindOptions":{"Propagation":"rshared"}},"SkipMountpointCreation":true},"/media":{"Source":"/media","Destination":"/media","RW":true,"Name":"","Driver":"","Type":"bind","Propagation":"rshared","Spec":{"Type":"bind","Source":"/media","Target":"/media","BindOptions":{"Propagation":"rshared"}},"SkipMountpointCreation":true},"/run":{"Source":"/run","Destination":"/run","RW":true,"Name":"","Driver":"","Type":"bind","Relabel":"rw","Propagation":"rprivate","Spec":{"Type":"bind","Source":"/run","Target":"/run"},"SkipMountpointCreation":false},"/run/lzc-sys":{"Source":"/run/lzc-sys","Destination":"/run/lzc-sys","RW":true,"Name":"","Driver":"","Type":"bind","Relabel":"rw","Propagation":"rprivate","Spec":{"Type":"bind","Source":"/run/lzc-sys","Target":"/run/lzc-sys"},"SkipMountpointCreation":false},"/sspk":{"Source":"/lzcsys/sspks/lzc-installer","Destination":"/sspk","RW":false,"Name":"","Driver":"","Type":"bind","Relabel":"ro","Propagation":"rprivate","Spec":{"Type":"bind","Source":"/lzcsys/sspks/lzc-installer","Target":"/sspk","ReadOnly":true},"SkipMountpointCreation":false},"/usr":{"Source":"/usr","Destination":"/usr","RW":true,"Name":"","Driver":"","Type":"bind","Relabel":"rw","Propagation":"rprivate","Spec":{"Type":"bind","Source":"/usr","Target":"/usr"},"SkipMountpointCreation":false},"/var":{"Source":"/var","Destination":"/var","RW":true,"Name":"","Driver":"","Type":"bind","Relabel":"rw","Propagation":"rslave","Spec":{"Type":"bind","Source":"/var","Target":"/var"},"SkipMountpointCreation":false}},"SecretReferences":null,"ConfigReferences":null,"MountLabel":"","ProcessLabel":"","AppArmorProfile":"","SeccompProfile":"","NoNewPrivileges":false,"HostnamePath":"/etc/hostname","HostsPath":"/var/lib/docker/containers/fca647c06b455f0e3a267916c73da140ad21b502564d6616015b2326839df5f4/hosts","ShmPath":"","ResolvConfPath":"/var/lib/docker/containers/fca647c06b455f0e3a267916c73da140ad21b502564d6616015b2326839df5f4/resolv.conf","LocalLogCacheMeta":{"HaveNotifyEnabled":false}}
