{"Binds":["/sys:/hostsys:rw","/etc/localtime:/etc/localtime:ro","/dev:/dev:rw","/var:/var:rw","/lib64:/lib64:rw","/usr:/usr:rw","/proc:/hostproc:rw","/lzcsys/sspks/lzc-installer:/sspk:ro","/etc/hostname:/etc/hostname:rw","/run/lzc-sys:/run/lzc-sys:rw","/bin:/bin:rw","/lib:/lib:rw","/run:/run:rw"],"ContainerIDFile":"","LogConfig":{"Type":"journald","Config":{}},"NetworkMode":"host","PortBindings":{},"RestartPolicy":{"Name":"unless-stopped","MaximumRetryCount":0},"AutoRemove":false,"VolumeDriver":"","VolumesFrom":null,"ConsoleSize":[0,0],"CapAdd":null,"CapDrop":null,"CgroupnsMode":"private","Dns":null,"DnsOptions":null,"DnsSearch":null,"ExtraHosts":[],"GroupAdd":null,"IpcMode":"private","Cgroup":"","Links":null,"OomScoreAdj":0,"PidMode":"","Privileged":true,"PublishAllPorts":false,"ReadonlyRootfs":false,"SecurityOpt":["label=disable"],"UTSMode":"","UsernsMode":"","ShmSize":67108864,"Runtime":"runc","Isolation":"","CpuShares":0,"Memory":0,"NanoCpus":0,"CgroupParent":"","BlkioWeight":0,"BlkioWeightDevice":null,"BlkioDeviceReadBps":null,"BlkioDeviceWriteBps":null,"BlkioDeviceReadIOps":null,"BlkioDeviceWriteIOps":null,"CpuPeriod":0,"CpuQuota":0,"CpuRealtimePeriod":0,"CpuRealtimeRuntime":0,"CpusetCpus":"","CpusetMems":"","Devices":null,"DeviceCgroupRules":null,"DeviceRequests":null,"MemoryReservation":0,"MemorySwap":0,"MemorySwappiness":null,"OomKillDisable":null,"PidsLimit":null,"Ulimits":null,"CpuCount":0,"CpuPercent":0,"IOMaximumIOps":0,"IOMaximumBandwidth":0,"Mounts":[{"Type":"bind","Source":"/media","Target":"/media","BindOptions":{"Propagation":"rshared"}},{"Type":"bind","Source":"/lzcsys","Target":"/lzcsys","BindOptions":{"Propagation":"rshared"}}],"MaskedPaths":null,"ReadonlyPaths":null}
