{"StreamConfig":{},"State":{"Running":true,"Paused":false,"Restarting":false,"OOMKilled":false,"RemovalInProgress":false,"Dead":false,"Pid":1109,"ExitCode":0,"Error":"","StartedAt":"2025-11-14T15:44:34.432099103Z","FinishedAt":"0001-01-01T00:00:00Z","Health":null},"ID":"cbd5c9af5aab8d5d884923f983f145e1fc2d4bfeaa7c2afafaa8bcbd3647c084","Created":"2025-11-14T15:44:34.295729147Z","Managed":false,"Path":"/sspk/bin/lzc-recovery","Args":["daemon"],"Config":{"Hostname":"lzcbox-60378f6b","Domainname":"","User":"","AttachStdin":false,"AttachStdout":true,"AttachStderr":true,"Tty":false,"OpenStdin":false,"StdinOnce":false,"Env":["LOG_LEVEL=-1","PATH=/usr/local/sbin:/usr/local/bin:/usr/sbin:/usr/bin:/sbin:/bin"],"Cmd":["/sspk/bin/lzc-recovery","daemon"],"Image":"registry.lazycat.cloud/lzc/lzcapp:3.20.3","Volumes":null,"WorkingDir":"/","Entrypoint":null,"OnBuild":null,"Labels":{"com.docker.compose.config-hash":"8cf8ff9200e33dc8805e6bb1352308ad1893c7d0693fa1c428e81fd7da512308","com.docker.compose.container-number":"1","com.docker.compose.depends_on":"","com.docker.compose.image":"sha256:ba7a533c869a26d89e83bdc5ddb978df5a3502ac91452422a649d0d3cf52190b","com.docker.compose.oneoff":"False","com.docker.compose.project":"lzc-recovery","com.docker.compose.project.config_files":"/lzcsys/sspks/lzc-recovery/docker-compose.yml","com.docker.compose.project.working_dir":"/lzcsys/sspks/lzc-recovery","com.docker.compose.service":"lzc-recovery","com.docker.compose.version":"2.32.4"}},"Image":"sha256:ba7a533c869a26d89e83bdc5ddb978df5a3502ac91452422a649d0d3cf52190b","ImageManifest":null,"NetworkSettings":{"Bridge":"","SandboxID":"28c008b1ea92e0109fbbcdd2d93818ca1c898a5c73809836d73375498b9646c7","SandboxKey":"/var/run/docker/netns/default","HairpinMode":false,"LinkLocalIPv6Address":"","LinkLocalIPv6PrefixLen":0,"Networks":{"host":{"IPAMConfig":null,"Links":null,"Aliases":null,"MacAddress":"","DriverOpts":null,"NetworkID":"60b824d4438d638de8a5f055b84da7693a918d381b6f8f5cbc4a11f6b541e44e","EndpointID":"21102b89ccfc07984705b5c4922b87a8713c41921c5c090a1a5652bcb1545c44","Gateway":"","IPAddress":"","IPPrefixLen":0,"IPv6Gateway":"","GlobalIPv6Address":"","GlobalIPv6PrefixLen":0,"DNSNames":null,"IPAMOperational":false,"DesiredMacAddress":""}},"Service":null,"Ports":{},"SecondaryIPAddresses":null,"SecondaryIPv6Addresses":null,"HasSwarmEndpoint":false},"LogPath":"","Name":"/lzc-recovery","Driver":"overlay2","OS":"linux","RestartCount":0,"HasBeenStartedBefore":true,"HasBeenManuallyStopped":false,"MountPoints":{"/bin":{"Source":"/bin","Destination":"/bin","RW":true,"Name":"","Driver":"","Type":"bind","Relabel":"rw","Propagation":"rprivate","Spec":{"Type":"bind","Source":"/bin","Target":"/bin"},"SkipMountpointCreation":false},"/dev":{"Source":"/dev","Destination":"/dev","RW":true,"Name":"","Driver":"","Type":"bind","Relabel":"rw","Propagation":"rprivate","Spec":{"Type":"bind","Source":"/dev","Target":"/dev"},"SkipMountpointCreation":false},"/etc":{"Source":"/etc","Destination":"/etc","RW":true,"Name":"","Driver":"","Type":"bind","Relabel":"rw","Propagation":"rprivate","Spec":{"Type":"bind","Source":"/etc","Target":"/etc"},"SkipMountpointCreation":false},"/etc/localtime":{"Source":"/etc/localtime","Destination":"/etc/localtime","RW":false,"Name":"","Driver":"","Type":"bind","Relabel":"ro","Propagation":"rprivate","Spec":{"Type":"bind","Source":"/etc/localtime","Target":"/etc/localtime","ReadOnly":true},"SkipMountpointCreation":false},"/etc/ssl":{"Source":"/etc/ssl","Destination":"/etc/ssl","RW":true,"Name":"","Driver":"","Type":"bind","Relabel":"rw","Propagation":"rprivate","Spec":{"Type":"bind","Source":"/etc/ssl/","Target":"/etc/ssl"},"SkipMountpointCreation":false},"/lib":{"Source":"/lib","Destination":"/lib","RW":true,"Name":"","Driver":"","Type":"bind","Relabel":"rw","Propagation":"rprivate","Spec":{"Type":"bind","Source":"/lib","Target":"/lib"},"SkipMountpointCreation":false},"/lib64":{"Source":"/lib64","Destination":"/lib64","RW":true,"Name":"","Driver":"","Type":"bind","Relabel":"rw","Propagation":"rprivate","Spec":{"Type":"bind","Source":"/lib64","Target":"/lib64"},"SkipMountpointCreation":false},"/lzcsys":{"Source":"/lzcsys","Destination":"/lzcsys","RW":true,"Name":"","Driver":"","Type":"bind","Propagation":"rshared","Spec":{"Type":"bind","Source":"/lzcsys","Target":"/lzcsys","BindOptions":{"Propagation":"rshared"}},"SkipMountpointCreation":true},"/run":{"Source":"/run","Destination":"/run","RW":true,"Name":"","Driver":"","Type":"bind","Relabel":"rw","Propagation":"rprivate","Spec":{"Type":"bind","Source":"/run","Target":"/run"},"SkipMountpointCreation":false},"/sspk":{"Source":"/lzcsys/sspks/lzc-recovery","Destination":"/sspk","RW":false,"Name":"","Driver":"","Type":"bind","Relabel":"ro","Propagation":"rprivate","Spec":{"Type":"bind","Source":"/lzcsys/sspks/lzc-recovery","Target":"/sspk","ReadOnly":true},"SkipMountpointCreation":false},"/usr":{"Source":"/usr","Destination":"/usr","RW":true,"Name":"","Driver":"","Type":"bind","Relabel":"rw","Propagation":"rprivate","Spec":{"Type":"bind","Source":"/usr","Target":"/usr"},"SkipMountpointCreation":false}},"SecretReferences":null,"ConfigReferences":null,"MountLabel":"","ProcessLabel":"","AppArmorProfile":"","SeccompProfile":"","NoNewPrivileges":false,"HostnamePath":"/var/lib/docker/containers/cbd5c9af5aab8d5d884923f983f145e1fc2d4bfeaa7c2afafaa8bcbd3647c084/hostname","HostsPath":"/var/lib/docker/containers/cbd5c9af5aab8d5d884923f983f145e1fc2d4bfeaa7c2afafaa8bcbd3647c084/hosts","ShmPath":"/dev/shm","ResolvConfPath":"/var/lib/docker/containers/cbd5c9af5aab8d5d884923f983f145e1fc2d4bfeaa7c2afafaa8bcbd3647c084/resolv.conf","LocalLogCacheMeta":{"HaveNotifyEnabled":false}}
