{"boxes":[{"box_id":"12D3KooWEzx8rayZZzLNJkzqbnGzABFXYJfbok61m1TsxRiFJiQV","box_name":"biglime","box_domain":"biglime.heiyu.space","box_virtual_ip":"fc03:1136:38c6:6711:f9f2:d11e:6d6a:0","status":2,"status_reason":"耗时:3.6817175s, \"/ip4/192.168.0.103/tcp/33050/punchhole\"与\"/ip4/142.134.22.113/tcp/36923/punchhole\"(\"biglime_12D3KooWEz-22\")连接成功 on 2025-11-16T17:07:58+08:00","login_user":"youyou","is_default_box":true,"conn_type":400,"last_login_time":{"seconds":1763284078,"nanos":618802000}}]}
