[
    {
        "Id": "sha256:ba7a533c869a26d89e83bdc5ddb978df5a3502ac91452422a649d0d3cf52190b",
        "RepoTags": [
            "registry.lazycat.cloud/lzc/lzcapp:3.20.3"
        ],
        "RepoDigests": [],
        "Parent": "",
        "Comment": "buildkit.dockerfile.v0",
        "Created": "2024-11-26T13:44:24.699464437+08:00",
        "DockerVersion": "",
        "Author": "",
        "Config": {
            "Hostname": "",
            "Domainname": "",
            "User": "",
            "AttachStdin": false,
            "AttachStdout": false,
            "AttachStderr": false,
            "Tty": false,
            "OpenStdin": false,
            "StdinOnce": false,
            "Env": [
                "PATH=/usr/local/sbin:/usr/local/bin:/usr/sbin:/usr/bin:/sbin:/bin"
            ],
            "Cmd": [
                "/bin/sh"
            ],
            "ArgsEscaped": true,
            "Image": "",
            "Volumes": null,
            "WorkingDir": "/",
            "Entrypoint": null,
            "OnBuild": null,
            "Labels": null
        },
        "Architecture": "amd64",
        "Os": "linux",
        "Size": 10277005,
        "GraphDriver": {
            "Data": {
                "LowerDir": "/var/lib/docker/overlay2/136610dc61b45f066805078ad5cb30ab9fc8e2bfee6f776828959411270c6718/diff:/var/lib/docker/overlay2/93bdbecfa00d822e504db5b02b0825af66e29b78480e8fdb6796b755a06f8ffc/diff",
                "MergedDir": "/var/lib/docker/overlay2/543075d061d5a08874a209abc33ffab506d969cec42824c87004b39f4b2e5daf/merged",
                "UpperDir": "/var/lib/docker/overlay2/543075d061d5a08874a209abc33ffab506d969cec42824c87004b39f4b2e5daf/diff",
                "WorkDir": "/var/lib/docker/overlay2/543075d061d5a08874a209abc33ffab506d969cec42824c87004b39f4b2e5daf/work"
            },
            "Name": "overlay2"
        },
        "RootFS": {
            "Type": "layers",
            "Layers": [
                "sha256:75654b8eeebd3beae97271a102f57cdeb794cc91e442648544963a7e951e9558",
                "sha256:2400ea7c587c727e5fa97cf1ff17fa53d564bd428d35a8ed2853ea42a0f0ac55",
                "sha256:f303177b8ca0e87e822139a5fc86a78b2d23a75add3976b070d39f76ad2f6b94"
            ]
        },
        "Metadata": {
            "LastTagTime": "0001-01-01T00:00:00Z"
        }
    }
]
