[
    {
        "Id": "sha256:7cec08f2d95344dbe55169f912dc7d094ba497854f8e8bf5322a00d01bddd267",
        "RepoTags": [
            "registry.lazycat.cloud/dexidp/dex:v2.42.0-alpine"
        ],
        "RepoDigests": [],
        "Parent": "",
        "Comment": "buildkit.dockerfile.v0",
        "Created": "2025-02-19T13:23:22.70211123Z",
        "DockerVersion": "",
        "Author": "",
        "Config": {
            "Hostname": "",
            "Domainname": "",
            "User": "1001:1001",
            "AttachStdin": false,
            "AttachStdout": false,
            "AttachStderr": false,
            "Tty": false,
            "OpenStdin": false,
            "StdinOnce": false,
            "Env": [
                "PATH=/usr/local/sbin:/usr/local/bin:/usr/sbin:/usr/bin:/sbin:/bin"
            ],
            "Cmd": [
                "dex",
                "serve",
                "/etc/dex/config.docker.yaml"
            ],
            "ArgsEscaped": true,
            "Image": "",
            "Volumes": null,
            "WorkingDir": "/",
            "Entrypoint": [
                "/usr/local/bin/docker-entrypoint"
            ],
            "OnBuild": null,
            "Labels": {
                "org.opencontainers.image.created": "2025-02-19T13:18:14.004Z",
                "org.opencontainers.image.description": "OpenID Connect (OIDC) identity and OAuth 2.0 provider with pluggable connectors",
                "org.opencontainers.image.documentation": "https://dexidp.io/docs/",
                "org.opencontainers.image.licenses": "Apache-2.0",
                "org.opencontainers.image.revision": "7d1a7473c8a07e22ee97925cc10236c70e5ecf34",
                "org.opencontainers.image.source": "https://github.com/dexidp/dex",
                "org.opencontainers.image.title": "dex",
                "org.opencontainers.image.url": "https://github.com/dexidp/dex",
                "org.opencontainers.image.version": "v2.42.0"
            }
        },
        "Architecture": "amd64",
        "Os": "linux",
        "Size": 131165157,
        "GraphDriver": {
            "Data": {
                "LowerDir": "/var/lib/docker/overlay2/671f4384409a32f210a4c2fd585e0b60576aa3a01843f94b995d378d734e0be4/diff:/var/lib/docker/overlay2/2874199bd40d5a71c3c943e9f41a42b12b89a058a67f65033616186645dac768/diff:/var/lib/docker/overlay2/691d641372b5e4dc8557c104aedbd19a6efa65a91ec6b83361398a2c92be8c98/diff:/var/lib/docker/overlay2/452948570a637ff496272ac4399b47030c4512af07db03a3246ccccb76ecc3ac/diff:/var/lib/docker/overlay2/591a98b3a596f4568cee0f2f013dbfa5feb2098d1478c44a460e9e47ad388226/diff:/var/lib/docker/overlay2/f32390efdcf77b142bee794cb4ee17df7fe958210818e0befc53d39bf6b2456c/diff:/var/lib/docker/overlay2/3d031d47608b8bf2f14b17e9dd31cd9e6d80605a4c31afd6f9fddc25d1a7bcc9/diff:/var/lib/docker/overlay2/8f6a311b0da16d75f3a12ee97c5933b73a05324cb5655bc70eb3a493c9f73927/diff:/var/lib/docker/overlay2/e398bd920524d684be934ac1c8f23bc7d732d879f84d125ecce98c4069d44040/diff",
                "MergedDir": "/var/lib/docker/overlay2/9f5ff4ad949163026d192cade7f1dcd27f843cc1d9566bcbc80d2bcbb0ed3a39/merged",
                "UpperDir": "/var/lib/docker/overlay2/9f5ff4ad949163026d192cade7f1dcd27f843cc1d9566bcbc80d2bcbb0ed3a39/diff",
                "WorkDir": "/var/lib/docker/overlay2/9f5ff4ad949163026d192cade7f1dcd27f843cc1d9566bcbc80d2bcbb0ed3a39/work"
            },
            "Name": "overlay2"
        },
        "RootFS": {
            "Type": "layers",
            "Layers": [
                "sha256:08000c18d16dadf9553d747a58cf44023423a9ab010aab96cf263d2216b8b350",
                "sha256:d8d5b3880023b07fe7e2cc076be41794cb5763df50995305adccb1079ebeb442",
                "sha256:a873ee4eca180cc7237573e6e93596184ec005687862664e74140e96582242b7",
                "sha256:2c0be4235d02b5c0db1d276f7a0fee9706b7c07aa06258fff106610b21ed5e8f",
                "sha256:08f7d82783a6b24bbd5a9969620060ecb5b08b8a9dfc03121dae2a6a132b3949",
                "sha256:891e9449e619748b1dd9c791d3e6f381b3ab79b604805934f62245563a8a7a2c",
                "sha256:e86ed64fc2b92e7743caefed2dffb1dd52a5c7d0ecd796468604d0736a56d4f2",
                "sha256:71d613bdf3c54f099086de8e60eeb1c9e0c254724817eacbd3989f0b01e85174",
                "sha256:972de3a27df17a841480fccbb9408cb7874c9ad232e9fa66e6bde884271173e8",
                "sha256:efc96e5921707fb838ad7695e8af837f567419e14a0864fb7788cf1d3e446a05"
            ]
        },
        "Metadata": {
            "LastTagTime": "0001-01-01T00:00:00Z"
        }
    }
]
