{"StreamConfig":{},"State":{"Running":true,"Paused":false,"Restarting":false,"OOMKilled":false,"RemovalInProgress":false,"Dead":false,"Pid":2474,"ExitCode":0,"Error":"","StartedAt":"2025-11-14T15:44:41.658420214Z","FinishedAt":"0001-01-01T00:00:00Z","Health":{"Status":"starting","FailingStreak":0,"Log":null}},"ID":"791742f4c5b585108fe4e12fe7f50842f5528ee64d8df974c33326ecd7e9829d","Created":"2025-11-14T15:44:36.021401374Z","Managed":false,"Path":"/sspk/bin/lzc-ingress","Args":["-a"],"Config":{"Hostname":"lzcbox-60378f6b","Domainname":"","User":"","AttachStdin":false,"AttachStdout":true,"AttachStderr":true,"Tty":false,"OpenStdin":false,"StdinOnce":false,"Env":["DOCKER_HOST=unix:///lzcsys/run/lzc-docker/docker.sock","LZC_DOCKER_HOST_IP=172.18.0.1","_LZC_API_SERVER_LISTEN_ADDR=172.18.0.1:17329","LAZYCAT_HOST_HOME=/lzcsys/data/document","LAZYCAT_APPS_ROOT=/lzcsys/data/system/pkgm/apps","GIN_MODE=release","PATH=/usr/local/sbin:/usr/local/bin:/usr/sbin:/usr/bin:/sbin:/bin"],"Cmd":["/sspk/bin/lzc-ingress","-a"],"Healthcheck":{"Test":["CMD","curl","-f","http://127.0.0.1:7777"],"Interval":5000000000,"StartPeriod":600000000000},"Image":"registry.lazycat.cloud/lzc/lzcapp:3.20.3","Volumes":null,"WorkingDir":"/","Entrypoint":null,"OnBuild":null,"Labels":{"com.docker.compose.config-hash":"ab96a8b89f2b7d47c029546b6c3fde50a01480cc23024f90ee8c583c7b5da3e0","com.docker.compose.container-number":"1","com.docker.compose.depends_on":"api-servers:service_healthy:false","com.docker.compose.image":"sha256:ba7a533c869a26d89e83bdc5ddb978df5a3502ac91452422a649d0d3cf52190b","com.docker.compose.oneoff":"False","com.docker.compose.project":"lzc-runtime","com.docker.compose.project.config_files":"/lzcsys/sspks/lzc-runtime/docker-compose.yml","com.docker.compose.project.environment_file":"/lzcsys/sspks/lzc-runtime/.env","com.docker.compose.project.working_dir":"/lzcsys/sspks/lzc-runtime","com.docker.compose.service":"ingress-control","com.docker.compose.version":"2.32.4"}},"Image":"sha256:ba7a533c869a26d89e83bdc5ddb978df5a3502ac91452422a649d0d3cf52190b","ImageManifest":null,"NetworkSettings":{"Bridge":"","SandboxID":"cf5da4c49f8bc120a2c91d3029a70b8658d127d3f758d48f1b93235ffc179e64","SandboxKey":"/var/run/docker/netns/default","HairpinMode":false,"LinkLocalIPv6Address":"","LinkLocalIPv6PrefixLen":0,"Networks":{"host":{"IPAMConfig":null,"Links":null,"Aliases":null,"MacAddress":"","DriverOpts":null,"NetworkID":"60b824d4438d638de8a5f055b84da7693a918d381b6f8f5cbc4a11f6b541e44e","EndpointID":"226fc0b1a1aeec27ba456d90f6aa2f773bd2ace42e863a62d81cea5f814be37d","Gateway":"","IPAddress":"","IPPrefixLen":0,"IPv6Gateway":"","GlobalIPv6Address":"","GlobalIPv6PrefixLen":0,"DNSNames":null,"IPAMOperational":false,"DesiredMacAddress":""}},"Service":null,"Ports":{},"SecondaryIPAddresses":null,"SecondaryIPv6Addresses":null,"HasSwarmEndpoint":false},"LogPath":"","Name":"/lzc-runtime-ingress-control-1","Driver":"overlay2","OS":"linux","RestartCount":0,"HasBeenStartedBefore":true,"HasBeenManuallyStopped":false,"MountPoints":{"/bin":{"Source":"/bin","Destination":"/bin","RW":true,"Name":"","Driver":"","Type":"bind","Relabel":"rw","Propagation":"rprivate","Spec":{"Type":"bind","Source":"/bin","Target":"/bin"},"SkipMountpointCreation":false},"/etc/localtime":{"Source":"/etc/localtime","Destination":"/etc/localtime","RW":false,"Name":"","Driver":"","Type":"bind","Relabel":"ro","Propagation":"rprivate","Spec":{"Type":"bind","Source":"/etc/localtime","Target":"/etc/localtime","ReadOnly":true},"SkipMountpointCreation":false},"/etc/ssl":{"Source":"/etc/ssl","Destination":"/etc/ssl","RW":true,"Name":"","Driver":"","Type":"bind","Relabel":"rw","Propagation":"rprivate","Spec":{"Type":"bind","Source":"/etc/ssl/","Target":"/etc/ssl"},"SkipMountpointCreation":false},"/lib":{"Source":"/lib","Destination":"/lib","RW":false,"Name":"","Driver":"","Type":"bind","Relabel":"ro","Propagation":"rprivate","Spec":{"Type":"bind","Source":"/lib/","Target":"/lib","ReadOnly":true},"SkipMountpointCreation":false},"/lib64":{"Source":"/lib64","Destination":"/lib64","RW":false,"Name":"","Driver":"","Type":"bind","Relabel":"ro","Propagation":"rprivate","Spec":{"Type":"bind","Source":"/lib64/","Target":"/lib64","ReadOnly":true},"SkipMountpointCreation":false},"/lzcapp/run/certs":{"Source":"/lzcsys/var/runtime/config/apicerts","Destination":"/lzcapp/run/certs","RW":true,"Name":"","Driver":"","Type":"bind","Relabel":"rw","Propagation":"rprivate","Spec":{"Type":"bind","Source":"/lzcsys/var/runtime/config/apicerts","Target":"/lzcapp/run/certs"},"SkipMountpointCreation":false},"/lzcapp/run/sys":{"Source":"/run/lzc-sys","Destination":"/lzcapp/run/sys","RW":true,"Name":"","Driver":"","Type":"bind","Relabel":"rw","Propagation":"rprivate","Spec":{"Type":"bind","Source":"/run/lzc-sys/","Target":"/lzcapp/run/sys"},"SkipMountpointCreation":false},"/lzcapp/var":{"Source":"/lzcsys/var/runtime","Destination":"/lzcapp/var","RW":true,"Name":"","Driver":"","Type":"bind","Relabel":"rw","Propagation":"rprivate","Spec":{"Type":"bind","Source":"/lzcsys/var/runtime/","Target":"/lzcapp/var"},"SkipMountpointCreation":false},"/lzcsys":{"Source":"/lzcsys","Destination":"/lzcsys","RW":true,"Name":"","Driver":"","Type":"bind","Propagation":"rslave","Spec":{"Type":"bind","Source":"/lzcsys","Target":"/lzcsys","BindOptions":{"Propagation":"rslave"}},"SkipMountpointCreation":true},"/run":{"Source":"/run","Destination":"/run","RW":true,"Name":"","Driver":"","Type":"bind","Relabel":"rw","Propagation":"rprivate","Spec":{"Type":"bind","Source":"/run","Target":"/run"},"SkipMountpointCreation":false},"/sspk":{"Source":"/lzcsys/sspks/lzc-runtime","Destination":"/sspk","RW":false,"Name":"","Driver":"","Type":"bind","Relabel":"ro","Propagation":"rprivate","Spec":{"Type":"bind","Source":"/lzcsys/sspks/lzc-runtime","Target":"/sspk","ReadOnly":true},"SkipMountpointCreation":false},"/usr":{"Source":"/usr","Destination":"/usr","RW":false,"Name":"","Driver":"","Type":"bind","Relabel":"ro","Propagation":"rprivate","Spec":{"Type":"bind","Source":"/usr/","Target":"/usr","ReadOnly":true},"SkipMountpointCreation":false},"/var":{"Source":"/var","Destination":"/var","RW":true,"Name":"","Driver":"","Type":"bind","Relabel":"rw","Propagation":"rslave","Spec":{"Type":"bind","Source":"/var","Target":"/var"},"SkipMountpointCreation":false}},"SecretReferences":null,"ConfigReferences":null,"MountLabel":"","ProcessLabel":"","AppArmorProfile":"","SeccompProfile":"","NoNewPrivileges":false,"HostnamePath":"/var/lib/docker/containers/791742f4c5b585108fe4e12fe7f50842f5528ee64d8df974c33326ecd7e9829d/hostname","HostsPath":"/var/lib/docker/containers/791742f4c5b585108fe4e12fe7f50842f5528ee64d8df974c33326ecd7e9829d/hosts","ShmPath":"","ResolvConfPath":"/var/lib/docker/containers/791742f4c5b585108fe4e12fe7f50842f5528ee64d8df974c33326ecd7e9829d/resolv.conf","LocalLogCacheMeta":{"HaveNotifyEnabled":false}}
