{"Binds":["/lzcsys/var/runtime/config/apicerts:/lzcapp/run/certs:rw","/run/lzc-sys/:/lzcapp/run/sys:rw","/run:/run:rw","/var:/var:rw","/lzcsys/sspks/lzc-runtime:/sspk:ro","/etc/ssl/:/etc/ssl:rw","/lzcsys/var/runtime/:/lzcapp/var:rw","/bin:/bin:rw","/lib64/:/lib64:ro","/lib/:/lib:ro","/etc/localtime:/etc/localtime:ro","/usr/:/usr:ro"],"ContainerIDFile":"","LogConfig":{"Type":"journald","Config":{}},"NetworkMode":"host","PortBindings":{},"RestartPolicy":{"Name":"unless-stopped","MaximumRetryCount":0},"AutoRemove":false,"VolumeDriver":"","VolumesFrom":null,"ConsoleSize":[0,0],"CapAdd":["NET_ADMIN"],"CapDrop":null,"CgroupnsMode":"private","Dns":["172.18.0.1"],"DnsOptions":null,"DnsSearch":null,"ExtraHosts":[],"GroupAdd":null,"IpcMode":"private","Cgroup":"","Links":null,"OomScoreAdj":0,"PidMode":"","Privileged":false,"PublishAllPorts":false,"ReadonlyRootfs":false,"SecurityOpt":null,"UTSMode":"","UsernsMode":"","ShmSize":67108864,"Runtime":"runc","Isolation":"","CpuShares":0,"Memory":0,"NanoCpus":0,"CgroupParent":"","BlkioWeight":0,"BlkioWeightDevice":null,"BlkioDeviceReadBps":null,"BlkioDeviceWriteBps":null,"BlkioDeviceReadIOps":null,"BlkioDeviceWriteIOps":null,"CpuPeriod":0,"CpuQuota":0,"CpuRealtimePeriod":0,"CpuRealtimeRuntime":0,"CpusetCpus":"","CpusetMems":"","Devices":[{"PathOnHost":"/dev/tpmrm0","PathInContainer":"/dev/tpmrm0","CgroupPermissions":"rwm"}],"DeviceCgroupRules":null,"DeviceRequests":null,"MemoryReservation":0,"MemorySwap":0,"MemorySwappiness":null,"OomKillDisable":null,"PidsLimit":null,"Ulimits":null,"CpuCount":0,"CpuPercent":0,"IOMaximumIOps":0,"IOMaximumBandwidth":0,"Mounts":[{"Type":"bind","Source":"/lzcsys","Target":"/lzcsys","BindOptions":{"Propagation":"rslave"}}],"MaskedPaths":["/proc/asound","/proc/acpi","/proc/kcore","/proc/keys","/proc/latency_stats","/proc/timer_list","/proc/timer_stats","/proc/sched_debug","/proc/scsi","/sys/firmware","/sys/devices/virtual/powercap"],"ReadonlyPaths":["/proc/bus","/proc/fs","/proc/irq","/proc/sys","/proc/sysrq-trigger"],"Init":true}
