{"boxes":[{"box_id":"12D3KooWCbkdiY692TXK5S2JjKLkrVSiuQF3xaoz897wsQirCEKc","box_name":"orangenekko","box_domain":"orangenekko.heiyu.space","box_virtual_ip":"fc03:1136:38f4:40c1:644c:f578:deb2:0","status":2,"status_reason":"耗时:31.088634623s,\"/ip4/192.168.0.112/tcp/46518\"与\"/ip4/192.168.0.120/tcp/5500\"(\"orangenekko_12D3KooWCb-10\")连接成功 on 2025-11-16T22:36:36+08:00","login_user":"nathantux","is_admin_login":true,"is_default_box":true,"conn_type":300,"last_login_time":{"seconds":1763303796,"nanos":552933684}}]}
