{"id":"12D3KooWCSkA3tq28KGvaajiSbBXn8aYLN9DDXiEcyRcja74AS9x","tun_ip":"fc03:1136:38ae:ccd6:2f97:333e:faf0:0","local_ips":["/ip4/192.168.0.112/tcp/46417"],"origin_server":"{stun.lazycat.cloud:3478 https://origin.lazycat.cloud/list /dnsaddr/origin.lazycat.cloud}","version":"v0.0.0-349-150-g408f391f","ifce_ips":["/ip4/10.115.249.234/tcp/46417","/ip4/192.168.0.112/tcp/46417","/ip4/127.0.0.1/tcp/46417","/ip4/198.51.100.33/tcp/46417","/ip6/240e:460:8e4:c764:c077:e3ff:fe1e:e1c1/tcp/45625","/ip6/240e:561:910:ec42:1886:7cff:fecc:d052/tcp/45625","/ip6/::1/tcp/45625","/ip6/fc03:1136:38ae:ccd6:2f97:333e:faf0:0/tcp/45625","/p2p-circuit"],"listen_ips":["/ip4/0.0.0.0/tcp/46417","/ip6/::/tcp/45625","/p2p-circuit"],"device_os":"android","start_time":"5m18.461589983s"}
