{"StreamConfig":{},"State":{"Running":true,"Paused":false,"Restarting":false,"OOMKilled":false,"RemovalInProgress":false,"Dead":false,"Pid":1912,"ExitCode":0,"Error":"","StartedAt":"2025-11-14T15:44:36.164013497Z","FinishedAt":"0001-01-01T00:00:00Z","Health":null},"ID":"fa6aabd66175e3feb5ac5ed45e1facc91bea21d15b7974395e4e27ea5e6dcd5e","Created":"2025-11-14T15:44:36.021305355Z","Managed":false,"Path":"/sspk/bin/pd-service","Args":[],"Config":{"Hostname":"lzcbox-60378f6b","Domainname":"","User":"","AttachStdin":false,"AttachStdout":true,"AttachStderr":true,"Tty":false,"OpenStdin":false,"StdinOnce":false,"Env":["PATH=/usr/local/sbin:/usr/local/bin:/usr/sbin:/usr/bin:/sbin:/bin"],"Cmd":["/sspk/bin/pd-service"],"Image":"registry.lazycat.cloud/lzc/lzcapp:3.20.3","Volumes":null,"WorkingDir":"/","Entrypoint":null,"OnBuild":null,"Labels":{"com.docker.compose.config-hash":"11550507369434a12786e9bb138f3dce16b1e21f9b1af850d76579f89aaa7aa5","com.docker.compose.container-number":"1","com.docker.compose.depends_on":"api-servers:service_started:false","com.docker.compose.image":"sha256:ba7a533c869a26d89e83bdc5ddb978df5a3502ac91452422a649d0d3cf52190b","com.docker.compose.oneoff":"False","com.docker.compose.project":"lzc-runtime","com.docker.compose.project.config_files":"/lzcsys/sspks/lzc-runtime/docker-compose.yml","com.docker.compose.project.environment_file":"/lzcsys/sspks/lzc-runtime/.env","com.docker.compose.project.working_dir":"/lzcsys/sspks/lzc-runtime","com.docker.compose.service":"peripheral-device","com.docker.compose.version":"2.32.4"}},"Image":"sha256:ba7a533c869a26d89e83bdc5ddb978df5a3502ac91452422a649d0d3cf52190b","ImageManifest":null,"NetworkSettings":{"Bridge":"","SandboxID":"3467ed2c03565dcf91cec1377a1705222583e4ab8564ba73c734809316f6c09d","SandboxKey":"/var/run/docker/netns/default","HairpinMode":false,"LinkLocalIPv6Address":"","LinkLocalIPv6PrefixLen":0,"Networks":{"host":{"IPAMConfig":null,"Links":null,"Aliases":null,"MacAddress":"","DriverOpts":null,"NetworkID":"60b824d4438d638de8a5f055b84da7693a918d381b6f8f5cbc4a11f6b541e44e","EndpointID":"10f23fea5e6beecd21b9ffc41382aa743e27eaa0c03bc19810d8296c9472ab85","Gateway":"","IPAddress":"","IPPrefixLen":0,"IPv6Gateway":"","GlobalIPv6Address":"","GlobalIPv6PrefixLen":0,"DNSNames":null,"IPAMOperational":false,"DesiredMacAddress":""}},"Service":null,"Ports":{},"SecondaryIPAddresses":null,"SecondaryIPv6Addresses":null,"HasSwarmEndpoint":false},"LogPath":"","Name":"/lzc-runtime-peripheral-device-1","Driver":"overlay2","OS":"linux","RestartCount":0,"HasBeenStartedBefore":true,"HasBeenManuallyStopped":false,"MountPoints":{"/bin":{"Source":"/bin","Destination":"/bin","RW":true,"Name":"","Driver":"","Type":"bind","Relabel":"rw","Propagation":"rprivate","Spec":{"Type":"bind","Source":"/bin","Target":"/bin"},"SkipMountpointCreation":false},"/dev":{"Source":"/dev","Destination":"/dev","RW":true,"Name":"","Driver":"","Type":"bind","Relabel":"rw","Propagation":"rprivate","Spec":{"Type":"bind","Source":"/dev","Target":"/dev"},"SkipMountpointCreation":false},"/etc/hostname":{"Source":"/etc/hostname","Destination":"/etc/hostname","RW":false,"Name":"","Driver":"","Type":"bind","Relabel":"ro","Propagation":"rprivate","Spec":{"Type":"bind","Source":"/etc/hostname","Target":"/etc/hostname","ReadOnly":true},"SkipMountpointCreation":false},"/etc/localtime":{"Source":"/etc/localtime","Destination":"/etc/localtime","RW":false,"Name":"","Driver":"","Type":"bind","Relabel":"ro","Propagation":"rprivate","Spec":{"Type":"bind","Source":"/etc/localtime","Target":"/etc/localtime","ReadOnly":true},"SkipMountpointCreation":false},"/lib":{"Source":"/lib","Destination":"/lib","RW":true,"Name":"","Driver":"","Type":"bind","Relabel":"rw","Propagation":"rprivate","Spec":{"Type":"bind","Source":"/lib","Target":"/lib"},"SkipMountpointCreation":false},"/lib64":{"Source":"/lib64","Destination":"/lib64","RW":true,"Name":"","Driver":"","Type":"bind","Relabel":"rw","Propagation":"rprivate","Spec":{"Type":"bind","Source":"/lib64","Target":"/lib64"},"SkipMountpointCreation":false},"/lzcapp/run/certs":{"Source":"/lzcsys/var/runtime/config/apicerts","Destination":"/lzcapp/run/certs","RW":true,"Name":"","Driver":"","Type":"bind","Relabel":"rw","Propagation":"rprivate","Spec":{"Type":"bind","Source":"/lzcsys/var/runtime/config/apicerts","Target":"/lzcapp/run/certs"},"SkipMountpointCreation":false},"/lzcapp/run/sys":{"Source":"/run/lzc-sys","Destination":"/lzcapp/run/sys","RW":true,"Name":"","Driver":"","Type":"bind","Relabel":"rw","Propagation":"rprivate","Spec":{"Type":"bind","Source":"/run/lzc-sys/","Target":"/lzcapp/run/sys"},"SkipMountpointCreation":false},"/lzcsys":{"Source":"/lzcsys","Destination":"/lzcsys","RW":true,"Name":"","Driver":"","Type":"bind","Propagation":"shared","Spec":{"Type":"bind","Source":"/lzcsys","Target":"/lzcsys","BindOptions":{"Propagation":"shared"}},"SkipMountpointCreation":true},"/run":{"Source":"/run","Destination":"/run","RW":true,"Name":"","Driver":"","Type":"bind","Relabel":"rw","Propagation":"rprivate","Spec":{"Type":"bind","Source":"/run","Target":"/run"},"SkipMountpointCreation":false},"/sbin":{"Source":"/sbin","Destination":"/sbin","RW":true,"Name":"","Driver":"","Type":"bind","Relabel":"rw","Propagation":"rprivate","Spec":{"Type":"bind","Source":"/sbin","Target":"/sbin"},"SkipMountpointCreation":false},"/sspk":{"Source":"/lzcsys/sspks/lzc-runtime","Destination":"/sspk","RW":false,"Name":"","Driver":"","Type":"bind","Relabel":"ro","Propagation":"rprivate","Spec":{"Type":"bind","Source":"/lzcsys/sspks/lzc-runtime","Target":"/sspk","ReadOnly":true},"SkipMountpointCreation":false},"/usr":{"Source":"/usr","Destination":"/usr","RW":true,"Name":"","Driver":"","Type":"bind","Relabel":"rw","Propagation":"rprivate","Spec":{"Type":"bind","Source":"/usr","Target":"/usr"},"SkipMountpointCreation":false},"/var":{"Source":"/var","Destination":"/var","RW":true,"Name":"","Driver":"","Type":"bind","Relabel":"rw","Propagation":"rslave","Spec":{"Type":"bind","Source":"/var","Target":"/var"},"SkipMountpointCreation":false}},"SecretReferences":null,"ConfigReferences":null,"MountLabel":"","ProcessLabel":"","AppArmorProfile":"","SeccompProfile":"","NoNewPrivileges":false,"HostnamePath":"/etc/hostname","HostsPath":"/var/lib/docker/containers/fa6aabd66175e3feb5ac5ed45e1facc91bea21d15b7974395e4e27ea5e6dcd5e/hosts","ShmPath":"","ResolvConfPath":"/var/lib/docker/containers/fa6aabd66175e3feb5ac5ed45e1facc91bea21d15b7974395e4e27ea5e6dcd5e/resolv.conf","LocalLogCacheMeta":{"HaveNotifyEnabled":false}}
