{"Binds":["/sbin:/sbin:rw","/run/lzc-sys/:/lzcapp/run/sys:rw","/dev:/dev:rw","/usr:/usr:rw","/run:/run:rw","/etc/localtime:/etc/localtime:ro","/lzcsys/var/runtime/config/apicerts:/lzcapp/run/certs:rw","/lzcsys/sspks/lzc-runtime:/sspk:ro","/etc/hostname:/etc/hostname:ro","/lib:/lib:rw","/lib64:/lib64:rw","/var:/var:rw","/bin:/bin:rw"],"ContainerIDFile":"","LogConfig":{"Type":"journald","Config":{}},"NetworkMode":"host","PortBindings":{},"RestartPolicy":{"Name":"unless-stopped","MaximumRetryCount":0},"AutoRemove":false,"VolumeDriver":"","VolumesFrom":null,"ConsoleSize":[0,0],"CapAdd":null,"CapDrop":null,"CgroupnsMode":"private","Dns":["172.18.0.1"],"DnsOptions":null,"DnsSearch":null,"ExtraHosts":[],"GroupAdd":null,"IpcMode":"private","Cgroup":"","Links":null,"OomScoreAdj":0,"PidMode":"","Privileged":true,"PublishAllPorts":false,"ReadonlyRootfs":false,"SecurityOpt":["label=disable"],"UTSMode":"","UsernsMode":"","ShmSize":67108864,"Runtime":"runc","Isolation":"","CpuShares":0,"Memory":0,"NanoCpus":0,"CgroupParent":"","BlkioWeight":0,"BlkioWeightDevice":null,"BlkioDeviceReadBps":null,"BlkioDeviceWriteBps":null,"BlkioDeviceReadIOps":null,"BlkioDeviceWriteIOps":null,"CpuPeriod":0,"CpuQuota":0,"CpuRealtimePeriod":0,"CpuRealtimeRuntime":0,"CpusetCpus":"","CpusetMems":"","Devices":null,"DeviceCgroupRules":null,"DeviceRequests":null,"MemoryReservation":0,"MemorySwap":0,"MemorySwappiness":null,"OomKillDisable":null,"PidsLimit":null,"Ulimits":null,"CpuCount":0,"CpuPercent":0,"IOMaximumIOps":0,"IOMaximumBandwidth":0,"Mounts":[{"Type":"bind","Source":"/lzcsys","Target":"/lzcsys","BindOptions":{"Propagation":"shared"}}],"MaskedPaths":null,"ReadonlyPaths":null}
