{"StreamConfig":{},"State":{"Running":true,"Paused":false,"Restarting":false,"OOMKilled":false,"RemovalInProgress":false,"Dead":false,"Pid":2482,"ExitCode":0,"Error":"","StartedAt":"2025-11-14T15:44:41.661094217Z","FinishedAt":"0001-01-01T00:00:00Z","Health":{"Status":"starting","FailingStreak":0,"Log":null}},"ID":"65fd62496ce086217c91ace54e1682af1469f54adb85a5320dc34d6be413ae21","Created":"2025-11-14T15:44:36.021320064Z","Managed":false,"Path":"/sspk/bin/lzc-pkgm","Args":[],"Config":{"Hostname":"lzcbox-60378f6b","Domainname":"","User":"","AttachStdin":false,"AttachStdout":true,"AttachStderr":true,"Tty":false,"OpenStdin":false,"StdinOnce":false,"Env":["GIN_MODE=release","DOCKER_HOST=unix:///lzcsys/run/lzc-docker/docker.sock","LZC_DOCKER_HOST_IP=172.18.0.1","_LZC_API_SERVER_LISTEN_ADDR=172.18.0.1:17329","LAZYCAT_HOST_HOME=/lzcsys/data/document","LAZYCAT_APPS_ROOT=/lzcsys/data/system/pkgm/apps","PATH=/usr/local/sbin:/usr/local/bin:/usr/sbin:/usr/bin:/sbin:/bin"],"Cmd":["/sspk/bin/lzc-pkgm"],"Healthcheck":{"Test":["CMD","/sspk/bin/lzc-pkgm","-healthcheck"],"Interval":5000000000,"StartPeriod":600000000000},"Image":"registry.lazycat.cloud/lzc/lzcapp:3.20.3","Volumes":null,"WorkingDir":"/","Entrypoint":null,"OnBuild":null,"Labels":{"com.docker.compose.config-hash":"ce576b35d96a35d93c9d3a441ad5963400adbd7baf08f54137e27bf54ca088d9","com.docker.compose.container-number":"1","com.docker.compose.depends_on":"api-servers:service_healthy:false","com.docker.compose.image":"sha256:ba7a533c869a26d89e83bdc5ddb978df5a3502ac91452422a649d0d3cf52190b","com.docker.compose.oneoff":"False","com.docker.compose.project":"lzc-runtime","com.docker.compose.project.config_files":"/lzcsys/sspks/lzc-runtime/docker-compose.yml","com.docker.compose.project.environment_file":"/lzcsys/sspks/lzc-runtime/.env","com.docker.compose.project.working_dir":"/lzcsys/sspks/lzc-runtime","com.docker.compose.service":"pkgm","com.docker.compose.version":"2.32.4"}},"Image":"sha256:ba7a533c869a26d89e83bdc5ddb978df5a3502ac91452422a649d0d3cf52190b","ImageManifest":null,"NetworkSettings":{"Bridge":"","SandboxID":"83648a6c7e36f2d9247110300b463c4fd27eec79f812d033bae8000dbd52dded","SandboxKey":"/var/run/docker/netns/default","HairpinMode":false,"LinkLocalIPv6Address":"","LinkLocalIPv6PrefixLen":0,"Networks":{"host":{"IPAMConfig":null,"Links":null,"Aliases":null,"MacAddress":"","DriverOpts":null,"NetworkID":"60b824d4438d638de8a5f055b84da7693a918d381b6f8f5cbc4a11f6b541e44e","EndpointID":"b42f000ffd3b416e4debe14133d598bd3f8a2dd60066d6dbe1e33b34afc8090b","Gateway":"","IPAddress":"","IPPrefixLen":0,"IPv6Gateway":"","GlobalIPv6Address":"","GlobalIPv6PrefixLen":0,"DNSNames":null,"IPAMOperational":false,"DesiredMacAddress":""}},"Service":null,"Ports":{},"SecondaryIPAddresses":null,"SecondaryIPv6Addresses":null,"HasSwarmEndpoint":false},"LogPath":"","Name":"/lzc-runtime-pkgm-1","Driver":"overlay2","OS":"linux","RestartCount":0,"HasBeenStartedBefore":true,"HasBeenManuallyStopped":false,"MountPoints":{"/bin":{"Source":"/bin","Destination":"/bin","RW":true,"Name":"","Driver":"","Type":"bind","Relabel":"rw","Propagation":"rprivate","Spec":{"Type":"bind","Source":"/bin","Target":"/bin"},"SkipMountpointCreation":false},"/dev":{"Source":"/dev","Destination":"/dev","RW":true,"Name":"","Driver":"","Type":"bind","Relabel":"rw","Propagation":"rprivate","Spec":{"Type":"bind","Source":"/dev","Target":"/dev"},"SkipMountpointCreation":false},"/etc":{"Source":"/etc","Destination":"/etc","RW":true,"Name":"","Driver":"","Type":"bind","Relabel":"rw","Propagation":"rprivate","Spec":{"Type":"bind","Source":"/etc","Target":"/etc"},"SkipMountpointCreation":false},"/etc/localtime":{"Source":"/etc/localtime","Destination":"/etc/localtime","RW":false,"Name":"","Driver":"","Type":"bind","Relabel":"ro","Propagation":"rprivate","Spec":{"Type":"bind","Source":"/etc/localtime","Target":"/etc/localtime","ReadOnly":true},"SkipMountpointCreation":false},"/etc/ssl":{"Source":"/etc/ssl","Destination":"/etc/ssl","RW":true,"Name":"","Driver":"","Type":"bind","Relabel":"rw","Propagation":"rprivate","Spec":{"Type":"bind","Source":"/etc/ssl/","Target":"/etc/ssl"},"SkipMountpointCreation":false},"/lib":{"Source":"/lib","Destination":"/lib","RW":true,"Name":"","Driver":"","Type":"bind","Relabel":"rw","Propagation":"rprivate","Spec":{"Type":"bind","Source":"/lib","Target":"/lib"},"SkipMountpointCreation":false},"/lib64":{"Source":"/lib64","Destination":"/lib64","RW":true,"Name":"","Driver":"","Type":"bind","Relabel":"rw","Propagation":"rprivate","Spec":{"Type":"bind","Source":"/lib64","Target":"/lib64"},"SkipMountpointCreation":false},"/lzcsys":{"Source":"/lzcsys","Destination":"/lzcsys","RW":true,"Name":"","Driver":"","Type":"bind","Propagation":"rslave","Spec":{"Type":"bind","Source":"/lzcsys","Target":"/lzcsys","BindOptions":{"Propagation":"rslave"}},"SkipMountpointCreation":true},"/run":{"Source":"/run","Destination":"/run","RW":true,"Name":"","Driver":"","Type":"bind","Relabel":"rw","Propagation":"rprivate","Spec":{"Type":"bind","Source":"/run","Target":"/run"},"SkipMountpointCreation":false},"/sspk":{"Source":"/lzcsys/sspks/lzc-runtime","Destination":"/sspk","RW":false,"Name":"","Driver":"","Type":"bind","Relabel":"ro","Propagation":"rprivate","Spec":{"Type":"bind","Source":"/lzcsys/sspks/lzc-runtime","Target":"/sspk","ReadOnly":true},"SkipMountpointCreation":false},"/usr":{"Source":"/usr","Destination":"/usr","RW":true,"Name":"","Driver":"","Type":"bind","Relabel":"rw","Propagation":"rprivate","Spec":{"Type":"bind","Source":"/usr","Target":"/usr"},"SkipMountpointCreation":false}},"SecretReferences":null,"ConfigReferences":null,"MountLabel":"","ProcessLabel":"","AppArmorProfile":"","SeccompProfile":"","NoNewPrivileges":false,"HostnamePath":"/var/lib/docker/containers/65fd62496ce086217c91ace54e1682af1469f54adb85a5320dc34d6be413ae21/hostname","HostsPath":"/var/lib/docker/containers/65fd62496ce086217c91ace54e1682af1469f54adb85a5320dc34d6be413ae21/hosts","ShmPath":"","ResolvConfPath":"/var/lib/docker/containers/65fd62496ce086217c91ace54e1682af1469f54adb85a5320dc34d6be413ae21/resolv.conf","LocalLogCacheMeta":{"HaveNotifyEnabled":false}}
