{"StreamConfig":{},"State":{"Running":true,"Paused":false,"Restarting":false,"OOMKilled":false,"RemovalInProgress":false,"Dead":false,"Pid":1839,"ExitCode":0,"Error":"","StartedAt":"2025-11-14T15:44:36.076109309Z","FinishedAt":"0001-01-01T00:00:00Z","Health":null},"ID":"e40430a95da830c9a071d64334b860843d146f72d3a46b8d7d0d2c7c5d4244f9","Created":"2025-11-14T15:44:35.942232753Z","Managed":false,"Path":"/usr/local/bin/docker-entrypoint","Args":["/bin/sh","/app/startup.sh"],"Config":{"Hostname":"e40430a95da8","Domainname":"","User":"1000:1000","AttachStdin":false,"AttachStdout":true,"AttachStderr":true,"Tty":false,"OpenStdin":false,"StdinOnce":false,"Env":["LAZYCAT_HOST_HOME=/lzcsys/data/document","LAZYCAT_APPS_ROOT=/lzcsys/data/system/pkgm/apps","GIN_MODE=release","DOCKER_HOST=unix:///lzcsys/run/lzc-docker/docker.sock","LZC_DOCKER_HOST_IP=172.18.0.1","_LZC_API_SERVER_LISTEN_ADDR=172.18.0.1:17329","PATH=/usr/local/sbin:/usr/local/bin:/usr/sbin:/usr/bin:/sbin:/bin"],"Cmd":["/bin/sh","/app/startup.sh"],"Image":"registry.lazycat.cloud/dexidp/dex:v2.42.0-alpine","Volumes":null,"WorkingDir":"/","Entrypoint":["/usr/local/bin/docker-entrypoint"],"OnBuild":null,"Labels":{"com.docker.compose.config-hash":"94a6905e06f7aa2d3f2485129b1f901e1242814c48012cbd076f05ee9705688c","com.docker.compose.container-number":"1","com.docker.compose.depends_on":"","com.docker.compose.image":"sha256:7cec08f2d95344dbe55169f912dc7d094ba497854f8e8bf5322a00d01bddd267","com.docker.compose.oneoff":"False","com.docker.compose.project":"lzc-runtime","com.docker.compose.project.config_files":"/lzcsys/sspks/lzc-runtime/docker-compose.yml","com.docker.compose.project.environment_file":"/lzcsys/sspks/lzc-runtime/.env","com.docker.compose.project.working_dir":"/lzcsys/sspks/lzc-runtime","com.docker.compose.service":"dex","com.docker.compose.version":"2.32.4","org.opencontainers.image.created":"2025-02-19T13:18:14.004Z","org.opencontainers.image.description":"OpenID Connect (OIDC) identity and OAuth 2.0 provider with pluggable connectors","org.opencontainers.image.documentation":"https://dexidp.io/docs/","org.opencontainers.image.licenses":"Apache-2.0","org.opencontainers.image.revision":"7d1a7473c8a07e22ee97925cc10236c70e5ecf34","org.opencontainers.image.source":"https://github.com/dexidp/dex","org.opencontainers.image.title":"dex","org.opencontainers.image.url":"https://github.com/dexidp/dex","org.opencontainers.image.version":"v2.42.0"}},"Image":"sha256:7cec08f2d95344dbe55169f912dc7d094ba497854f8e8bf5322a00d01bddd267","ImageManifest":null,"NetworkSettings":{"Bridge":"","SandboxID":"ef85edc5496e89e2d58783bd58eb55d388d894693d25d3a254d0fc9362309bb8","SandboxKey":"/var/run/docker/netns/ef85edc5496e","HairpinMode":false,"LinkLocalIPv6Address":"","LinkLocalIPv6PrefixLen":0,"Networks":{"home-cloud":{"IPAMConfig":null,"Links":null,"Aliases":["lzc-runtime-dex","dex"],"MacAddress":"02:42:ac:12:00:02","DriverOpts":null,"NetworkID":"952fb6f0def83ad85f30735d54ae40fec36c8019822533f84050e82b0d53dd5c","EndpointID":"2674df4e4f5058f2c6d5affa2616061dd9d6c276dca43017b741ee27403b6731","Gateway":"172.18.0.1","IPAddress":"172.18.0.2","IPPrefixLen":16,"IPv6Gateway":"fdbb:3b64:9bbc::1","GlobalIPv6Address":"fdbb:3b64:9bbc::3","GlobalIPv6PrefixLen":64,"DNSNames":["lzc-runtime-dex","dex","e40430a95da8"],"IPAMOperational":false,"DesiredMacAddress":""}},"Service":null,"Ports":{},"SecondaryIPAddresses":null,"SecondaryIPv6Addresses":null,"HasSwarmEndpoint":false},"LogPath":"","Name":"/lzc-runtime-dex","Driver":"overlay2","OS":"linux","RestartCount":0,"HasBeenStartedBefore":true,"HasBeenManuallyStopped":false,"MountPoints":{"/app/startup.sh":{"Source":"/lzcsys/sspks/lzc-runtime/dex.startup.sh","Destination":"/app/startup.sh","RW":false,"Name":"","Driver":"","Type":"bind","Relabel":"ro","Propagation":"rprivate","Spec":{"Type":"bind","Source":"/lzcsys/sspks/lzc-runtime/dex.startup.sh","Target":"/app/startup.sh","ReadOnly":true},"SkipMountpointCreation":false},"/etc/localtime":{"Source":"/etc/localtime","Destination":"/etc/localtime","RW":false,"Name":"","Driver":"","Type":"bind","Relabel":"ro","Propagation":"rprivate","Spec":{"Type":"bind","Source":"/etc/localtime","Target":"/etc/localtime","ReadOnly":true},"SkipMountpointCreation":false},"/etc/ssl":{"Source":"/etc/ssl","Destination":"/etc/ssl","RW":true,"Name":"","Driver":"","Type":"bind","Relabel":"rw","Propagation":"rprivate","Spec":{"Type":"bind","Source":"/etc/ssl/","Target":"/etc/ssl"},"SkipMountpointCreation":false},"/lzcsys/etc":{"Source":"/lzcsys/etc","Destination":"/lzcsys/etc","RW":false,"Name":"","Driver":"","Type":"bind","Relabel":"ro","Propagation":"rprivate","Spec":{"Type":"bind","Source":"/lzcsys/etc/","Target":"/lzcsys/etc","ReadOnly":true},"SkipMountpointCreation":false}},"SecretReferences":null,"ConfigReferences":null,"MountLabel":"","ProcessLabel":"","AppArmorProfile":"","SeccompProfile":"","NoNewPrivileges":false,"HostnamePath":"/var/lib/docker/containers/e40430a95da830c9a071d64334b860843d146f72d3a46b8d7d0d2c7c5d4244f9/hostname","HostsPath":"/var/lib/docker/containers/e40430a95da830c9a071d64334b860843d146f72d3a46b8d7d0d2c7c5d4244f9/hosts","ShmPath":"","ResolvConfPath":"/var/lib/docker/containers/e40430a95da830c9a071d64334b860843d146f72d3a46b8d7d0d2c7c5d4244f9/resolv.conf","LocalLogCacheMeta":{"HaveNotifyEnabled":false}}
