{"Binds":["/lzcsys/etc/:/lzcsys/etc:ro","/etc/localtime:/etc/localtime:ro","/etc/ssl/:/etc/ssl:rw","/lzcsys/sspks/lzc-runtime/dex.startup.sh:/app/startup.sh:ro"],"ContainerIDFile":"","LogConfig":{"Type":"journald","Config":{}},"NetworkMode":"home-cloud","PortBindings":{},"RestartPolicy":{"Name":"unless-stopped","MaximumRetryCount":0},"AutoRemove":false,"VolumeDriver":"","VolumesFrom":null,"ConsoleSize":[0,0],"CapAdd":null,"CapDrop":null,"CgroupnsMode":"private","Dns":["172.18.0.1"],"DnsOptions":null,"DnsSearch":null,"ExtraHosts":[],"GroupAdd":null,"IpcMode":"private","Cgroup":"","Links":null,"OomScoreAdj":0,"PidMode":"","Privileged":false,"PublishAllPorts":false,"ReadonlyRootfs":false,"SecurityOpt":null,"UTSMode":"","UsernsMode":"","ShmSize":67108864,"Runtime":"runc","Isolation":"","CpuShares":0,"Memory":0,"NanoCpus":0,"CgroupParent":"","BlkioWeight":0,"BlkioWeightDevice":null,"BlkioDeviceReadBps":null,"BlkioDeviceWriteBps":null,"BlkioDeviceReadIOps":null,"BlkioDeviceWriteIOps":null,"CpuPeriod":0,"CpuQuota":0,"CpuRealtimePeriod":0,"CpuRealtimeRuntime":0,"CpusetCpus":"","CpusetMems":"","Devices":null,"DeviceCgroupRules":null,"DeviceRequests":null,"MemoryReservation":0,"MemorySwap":0,"MemorySwappiness":null,"OomKillDisable":null,"PidsLimit":null,"Ulimits":null,"CpuCount":0,"CpuPercent":0,"IOMaximumIOps":0,"IOMaximumBandwidth":0,"MaskedPaths":["/proc/asound","/proc/acpi","/proc/kcore","/proc/keys","/proc/latency_stats","/proc/timer_list","/proc/timer_stats","/proc/sched_debug","/proc/scsi","/sys/firmware","/sys/devices/virtual/powercap"],"ReadonlyPaths":["/proc/bus","/proc/fs","/proc/irq","/proc/sys","/proc/sysrq-trigger"]}
